{"type": "FeatureCollection", "features": [{"type": "Feature", "geometry": {"type": "Point", "coordinates": [139.7603058, 35.69735834]}, "properties": {"name": "お茶の水小学校", "ward": "千代田区", "address": "千代田区神田猿楽町1-1-1", "elevator_or_1f": null, "slope": null, "braille_block": null, "wheelchair_toilet": null}}, {"type": "Feature", "geometry": {"type": "Point", "coordinates": [139.7811492, 35.6946622]}, "properties": {"name": "都立一橋高校", "ward": "千代田区", "address": "千代田区東神田1-12-13", "elevator_or_1f": true, "slope": true, "braille_block": true, "wheelchair_toilet": null}}, {"type": "Feature", "geometry": {"type": "Point", "coordinates": [139.7675435, 35.68912646]}, "properties": {"name": "スポーツセンター", "ward": "千代田区", "address": "千代田区内神田2-1-8", "elevator_or_1f": true, "slope": true, "braille_block": true, "wheelchair_toilet": true}}, {"type": "Feature", "geometry": {"type": "Point", "coordinates": [139.740402, 35.690456]}, "properties": {"name": "九段小学校", "ward": "千代田区", "address": "千代田区三番町16", "elevator_or_1f": true, "slope": true, "braille_block": true, "wheelchair_toilet": true}}, {"type": "Feature", "geometry": {"type": "Point", "coordinates": [139.739763, 35.68534413]}, "properties": {"name": "麹町小学校", "ward": "千代田区", "address": "千代田区麹町2-8", "elevator_or_1f": true, "slope": true, "braille_block": true, "wheelchair_toilet": true}}, {"type": "Feature", "geometry": {"type": "Point", "coordinates": [139.7338004, 35.68797468]}, "properties": {"name": "番町小学校", "ward": "千代田区", "address": "千代田区六番町8", "elevator_or_1f": null, "slope": null, "braille_block": null, "wheelchair_toilet": null}}, {"type": "Feature", "geometry": {"type": "Point", "coordinates": [139.7392463, 35.68049367]}, "properties": {"name": "麹町中学校", "ward": "千代田区", "address": "千代田区平河町2-5-1", "elevator_or_1f": true, "slope": true, "braille_block": true, "wheelchair_toilet": true}}, {"type": "Feature", "geometry": {"type": "Point", "coordinates": [139.746433, 35.69723698]}, "properties": {"name": "富士見みらい館", "ward": "千代田区", "address": "千代田区富士見1-10-3", "elevator_or_1f": true, "slope": true, "braille_block": true, "wheelchair_toilet": true}}, {"type": "Feature", "geometry": {"type": "Point", "coordinates": [139.7567712, 35.6941386]}, "properties": {"name": "神田一橋中学校", "ward": "千代田区", "address": "千代田区一ツ橋2-6-14", "elevator_or_1f": true, "slope": true, "braille_block": true, "wheelchair_toilet": true}}, {"type": "Feature", "geometry": {"type": "Point", "coordinates": [139.7684903, 35.69304104]}, "properties": {"name": "神田さくら館", "ward": "千代田区", "address": "千代田区神田司町2-16", "elevator_or_1f": true, "slope": true, "braille_block": true, "wheelchair_toilet": true}}, {"type": "Feature", "geometry": {"type": "Point", "coordinates": [139.7698738, 35.70127815]}, "properties": {"name": "昌平童夢館", "ward": "千代田区", "address": "千代田区外神田3-4-7", "elevator_or_1f": true, "slope": true, "braille_block": true, "wheelchair_toilet": true}}, {"type": "Feature", "geometry": {"type": "Point", "coordinates": [139.7708116, 35.70424084]}, "properties": {"name": "アーツ千代田3331", "ward": "千代田区", "address": "千代田区外神田6-11-14", "elevator_or_1f": true, "slope": true, "braille_block": true, "wheelchair_toilet": true}}, {"type": "Feature", "geometry": {"type": "Point", "coordinates": [139.7784272, 35.69913662]}, "properties": {"name": "ちよだパークサイドプラザ", "ward": "千代田区", "address": "千代田区神田和泉町1", "elevator_or_1f": true, "slope": true, "braille_block": true, "wheelchair_toilet": true}}, {"type": "Feature", "geometry": {"type": "Point", "coordinates": [139.772728, 35.69167731]}, "properties": {"name": "旧今川中学校", "ward": "千代田区", "address": "千代田区鍛冶町2-4-2", "elevator_or_1f": null, "slope": null, "braille_block": null, "wheelchair_toilet": null}}, {"type": "Feature", "geometry": {"type": "Point", "coordinates": [139.771358, 35.676564]}, "properties": {"name": "京橋区民館", "ward": "中央区", "address": "中央区京橋2-6-7", "elevator_or_1f": true, "slope": true, "braille_block": null, "wheelchair_toilet": true}}, {"type": "Feature", "geometry": {"type": "Point", "coordinates": [139.7614057, 35.67236218]}, "properties": {"name": "泰明小学校", "ward": "中央区", "address": "中央区銀座5-1-13", "elevator_or_1f": null, "slope": null, "braille_block": null, "wheelchair_toilet": null}}, {"type": "Feature", "geometry": {"type": "Point", "coordinates": [139.7788612, 35.67227065]}, "properties": {"name": "中央小学校", "ward": "中央区", "address": "中央区湊1-4-1", "elevator_or_1f": true, "slope": true, "braille_block": true, "wheelchair_toilet": true}}, {"type": "Feature", "geometry": {"type": "Point", "coordinates": [139.7765556, 35.66886598]}, "properties": {"name": "明石小学校", "ward": "中央区", "address": "中央区明石町1-15", "elevator_or_1f": true, "slope": true, "braille_block": true, "wheelchair_toilet": true}}, {"type": "Feature", "geometry": {"type": "Point", "coordinates": [139.7711951, 35.66800993]}, "properties": {"name": "京橋築地小学校", "ward": "中央区", "address": "中央区築地2-13-1", "elevator_or_1f": true, "slope": true, "braille_block": null, "wheelchair_toilet": true}}, {"type": "Feature", "geometry": {"type": "Point", "coordinates": [139.7820718, 35.67606031]}, "properties": {"name": "明正小学校", "ward": "中央区", "address": "中央区新川2-13-4", "elevator_or_1f": true, "slope": true, "braille_block": true, "wheelchair_toilet": true}}, {"type": "Feature", "geometry": {"type": "Point", "coordinates": [139.7647587, 35.66545304]}, "properties": {"name": "銀座中学校", "ward": "中央区", "address": "中央区銀座8-19-15", "elevator_or_1f": true, "slope": true, "braille_block": null, "wheelchair_toilet": true}}, {"type": "Feature", "geometry": {"type": "Point", "coordinates": [139.7715908, 35.67314536]}, "properties": {"name": "京橋プラザ", "ward": "中央区", "address": "中央区銀座1-25-3", "elevator_or_1f": true, "slope": true, "braille_block": true, "wheelchair_toilet": true}}, {"type": "Feature", "geometry": {"type": "Point", "coordinates": [139.7758294, 35.67487128]}, "properties": {"name": "京華スクエア", "ward": "中央区", "address": "中央区八丁堀3-17-9", "elevator_or_1f": true, "slope": true, "braille_block": true, "wheelchair_toilet": true}}, {"type": "Feature", "geometry": {"type": "Point", "coordinates": [139.7705493, 35.68846361]}, "properties": {"name": "常盤小学校", "ward": "中央区", "address": "中央区日本橋本石町4-4-26", "elevator_or_1f": true, "slope": true, "braille_block": null, "wheelchair_toilet": null}}, {"type": "Feature", "geometry": {"type": "Point", "coordinates": [139.7816085, 35.68468833]}, "properties": {"name": "日本橋小学校", "ward": "中央区", "address": "中央区日本橋人形町1-1-17", "elevator_or_1f": true, "slope": true, "braille_block": null, "wheelchair_toilet": true}}, {"type": "Feature", "geometry": {"type": "Point", "coordinates": [139.787998, 35.68328566]}, "properties": {"name": "有馬小学校", "ward": "中央区", "address": "中央区日本橋蛎殻町2-10-23", "elevator_or_1f": true, "slope": true, "braille_block": null, "wheelchair_toilet": true}}, {"type": "Feature", "geometry": {"type": "Point", "coordinates": [139.7843301, 35.68904292]}, "properties": {"name": "久松小学校", "ward": "中央区", "address": "中央区日本橋久松町7-2", "elevator_or_1f": true, "slope": true, "braille_block": null, "wheelchair_toilet": true}}, {"type": "Feature", "geometry": {"type": "Point", "coordinates": [139.77681, 35.67985]}, "properties": {"name": "阪本小学校", "ward": "中央区", "address": "中央区日本橋兜町15-18", "elevator_or_1f": true, "slope": true, "braille_block": true, "wheelchair_toilet": true}}, {"type": "Feature", "geometry": {"type": "Point", "coordinates": [139.7868678, 35.69227162]}, "properties": {"name": "日本橋中学校", "ward": "中央区", "address": "中央区東日本橋1-10-1", "elevator_or_1f": null, "slope": null, "braille_block": null, "wheelchair_toilet": null}}, {"type": "Feature", "geometry": {"type": "Point", "coordinates": [139.7769257, 35.69109549]}, "properties": {"name": "十思スクエア", "ward": "中央区", "address": "中央区日本橋小伝馬町5-1", "elevator_or_1f": true, "slope": true, "braille_block": true, "wheelchair_toilet": true}}, {"type": "Feature", "geometry": {"type": "Point", "coordinates": [139.7847579, 35.66862322]}, "properties": {"name": "佃島小学校", "ward": "中央区", "address": "中央区佃2-3-1", "elevator_or_1f": true, "slope": true, "braille_block": null, "wheelchair_toilet": true}}, {"type": "Feature", "geometry": {"type": "Point", "coordinates": [139.7850859, 35.66807529]}, "properties": {"name": "佃中学校", "ward": "中央区", "address": "中央区佃2-3-2", "elevator_or_1f": true, "slope": true, "braille_block": null, "wheelchair_toilet": true}}, {"type": "Feature", "geometry": {"type": "Point", "coordinates": [139.7800976, 35.66065199]}, "properties": {"name": "月島第一小学校", "ward": "中央区", "address": "中央区月島4-15-1", "elevator_or_1f": true, "slope": true, "braille_block": null, "wheelchair_toilet": true}}, {"type": "Feature", "geometry": {"type": "Point", "coordinates": [139.775979, 35.66023493]}, "properties": {"name": "月島第二小学校", "ward": "中央区", "address": "中央区勝どき1-12-2", "elevator_or_1f": true, "slope": true, "braille_block": null, "wheelchair_toilet": true}}, {"type": "Feature", "geometry": {"type": "Point", "coordinates": [139.7858242, 35.65890134]}, "properties": {"name": "月島第三小学校", "ward": "中央区", "address": "中央区晴海1-4-1", "elevator_or_1f": true, "slope": true, "braille_block": null, "wheelchair_toilet": true}}, {"type": "Feature", "geometry": {"type": "Point", "coordinates": [139.771393, 35.653467]}, "properties": {"name": "豊海小学校", "ward": "中央区", "address": "中央区豊海3-1", "elevator_or_1f": true, "slope": true, "braille_block": true, "wheelchair_toilet": true}}, {"type": "Feature", "geometry": {"type": "Point", "coordinates": [139.784455, 35.65978]}, "properties": {"name": "晴海中学校", "ward": "中央区", "address": "中央区晴海1-5-3", "elevator_or_1f": true, "slope": true, "braille_block": null, "wheelchair_toilet": true}}, {"type": "Feature", "geometry": {"type": "Point", "coordinates": [139.749744, 35.648753]}, "properties": {"name": "三田いきいきプラザ", "ward": "港区", "address": "港区芝4-1-17", "elevator_or_1f": true, "slope": true, "braille_block": true, "wheelchair_toilet": true}}, {"type": "Feature", "geometry": {"type": "Point", "coordinates": [139.7249105, 35.65646498]}, "properties": {"name": "笄小学校", "ward": "港区", "address": "港区西麻布3-11-16", "elevator_or_1f": null, "slope": null, "braille_block": null, "wheelchair_toilet": null}}, {"type": "Feature", "geometry": {"type": "Point", "coordinates": [139.7497892, 35.66131311]}, "properties": {"name": "御成門小学校", "ward": "港区", "address": "港区芝公園3-2-4", "elevator_or_1f": true, "slope": true, "braille_block": null, "wheelchair_toilet": true}}, {"type": "Feature", "geometry": {"type": "Point", "coordinates": [139.7500735, 35.65093928]}, "properties": {"name": "芝小学校", "ward": "港区", "address": "港区芝2-21-3", "elevator_or_1f": true, "slope": null, "braille_block": null, "wheelchair_toilet": true}}, {"type": "Feature", "geometry": {"type": "Point", "coordinates": [139.7423831, 35.65320582]}, "properties": {"name": "赤羽小学校", "ward": "港区", "address": "港区三田1-4-52", "elevator_or_1f": true, "slope": true, "braille_block": null, "wheelchair_toilet": true}}, {"type": "Feature", "geometry": {"type": "Point", "coordinates": [139.7504181, 35.66159709]}, "properties": {"name": "御成門中学校", "ward": "港区", "address": "港区西新橋3-25-30", "elevator_or_1f": true, "slope": true, "braille_block": null, "wheelchair_toilet": true}}, {"type": "Feature", "geometry": {"type": "Point", "coordinates": [139.7570774, 35.66555782]}, "properties": {"name": "生涯学習センター", "ward": "港区", "address": "港区新橋3-16-3", "elevator_or_1f": true, "slope": true, "braille_block": true, "wheelchair_toilet": true}}, {"type": "Feature", "geometry": {"type": "Point", "coordinates": [139.756888, 35.658849]}, "properties": {"name": "エコプラザ", "ward": "港区", "address": "港区浜松町1-13-1", "elevator_or_1f": true, "slope": true, "braille_block": true, "wheelchair_toilet": true}}, {"type": "Feature", "geometry": {"type": "Point", "coordinates": [139.7537918, 35.66118323]}, "properties": {"name": "福祉プラザさくら川", "ward": "港区", "address": "港区新橋6-19-2", "elevator_or_1f": true, "slope": true, "braille_block": null, "wheelchair_toilet": true}}, {"type": "Feature", "geometry": {"type": "Point", "coordinates": [139.757554, 35.658827]}, "properties": {"name": "神明子ども中高生プラザ・神明いきいきプラザ", "ward": "港区", "address": "港区浜松町1-6-7", "elevator_or_1f": true, "slope": true, "braille_block": true, "wheelchair_toilet": true}}, {"type": "Feature", "geometry": {"type": "Point", "coordinates": [139.748713, 35.667906]}, "properties": {"name": "虎ノ門いきいきプラザ", "ward": "港区", "address": "港区虎ノ門1-21-10", "elevator_or_1f": true, "slope": true, "braille_block": true, "wheelchair_toilet": true}}, {"type": "Feature", "geometry": {"type": "Point", "coordinates": [139.7385311, 35.66194273]}, "properties": {"name": "麻布小学校", "ward": "港区", "address": "港区麻布台1-5-15", "elevator_or_1f": true, "slope": null, "braille_block": null, "wheelchair_toilet": true}}, {"type": "Feature", "geometry": {"type": "Point", "coordinates": [139.742603, 35.658228]}, "properties": {"name": "旧飯倉小学校", "ward": "港区", "address": "港区東麻布2-1-1", "elevator_or_1f": null, "slope": null, "braille_block": null, "wheelchair_toilet": null}}, {"type": "Feature", "geometry": {"type": "Point", "coordinates": [139.7299363, 35.64980887]}, "properties": {"name": "本村小学校", "ward": "港区", "address": "港区南麻布3-9-33", "elevator_or_1f": true, "slope": true, "braille_block": null, "wheelchair_toilet": true}}, {"type": "Feature", "geometry": {"type": "Point", "coordinates": [139.7358738, 35.6509159]}, "properties": {"name": "東町小学校", "ward": "港区", "address": "港区南麻布1-8-11", "elevator_or_1f": true, "slope": null, "braille_block": null, "wheelchair_toilet": null}}, {"type": "Feature", "geometry": {"type": "Point", "coordinates": [139.7321867, 35.66083969]}, "properties": {"name": "六本木中学校", "ward": "港区", "address": "港区六本木6-8-16", "elevator_or_1f": true, "slope": true, "braille_block": true, "wheelchair_toilet": true}}, {"type": "Feature", "geometry": {"type": "Point", "coordinates": [139.720394, 35.656898]}, "properties": {"name": "高陵中学校", "ward": "港区", "address": "港区西麻布4-14-8", "elevator_or_1f": true, "slope": true, "braille_block": true, "wheelchair_toilet": true}}, {"type": "Feature", "geometry": {"type": "Point", "coordinates": [139.7306589, 35.65723705]}, "properties": {"name": "南山小学校", "ward": "港区", "address": "港区元麻布3-8-15", "elevator_or_1f": true, "slope": null, "braille_block": null, "wheelchair_toilet": true}}, {"type": "Feature", "geometry": {"type": "Point", "coordinates": [139.7350834, 35.66068578]}, "properties": {"name": "麻布区民センター", "ward": "港区", "address": "港区六本木5-16-45", "elevator_or_1f": true, "slope": null, "braille_block": true, "wheelchair_toilet": true}}, {"type": "Feature", "geometry": {"type": "Point", "coordinates": [139.735101, 35.651435]}, "properties": {"name": "南麻布いきいきプラザ", "ward": "港区", "address": "港区南麻布1-5-26", "elevator_or_1f": true, "slope": null, "braille_block": true, "wheelchair_toilet": true}}, {"type": "Feature", "geometry": {"type": "Point", "coordinates": [139.72741, 35.651038]}, "properties": {"name": "麻布子ども中高生プラザ・ありすいきいきプラザ", "ward": "港区", "address": "港区南麻布4-6-7", "elevator_or_1f": true, "slope": null, "braille_block": true, "wheelchair_toilet": true}}, {"type": "Feature", "geometry": {"type": "Point", "coordinates": [139.722721, 35.660903]}, "properties": {"name": "西麻布いきいきプラザ", "ward": "港区", "address": "港区西麻布2-13-3", "elevator_or_1f": true, "slope": null, "braille_block": true, "wheelchair_toilet": true}}, {"type": "Feature", "geometry": {"type": "Point", "coordinates": [139.740889, 35.656904]}, "properties": {"name": "飯倉いきいきプラザ", "ward": "港区", "address": "港区東麻布2-16-11", "elevator_or_1f": true, "slope": true, "braille_block": true, "wheelchair_toilet": true}}, {"type": "Feature", "geometry": {"type": "Point", "coordinates": [139.7312404, 35.6694257]}, "properties": {"name": "赤坂小学校", "ward": "港区", "address": "港区赤坂8-13-29", "elevator_or_1f": true, "slope": true, "braille_block": null, "wheelchair_toilet": true}}, {"type": "Feature", "geometry": {"type": "Point", "coordinates": [139.7189074, 35.66970833]}, "properties": {"name": "青山小学校", "ward": "港区", "address": "港区南青山2-21-2", "elevator_or_1f": true, "slope": null, "braille_block": null, "wheelchair_toilet": true}}, {"type": "Feature", "geometry": {"type": "Point", "coordinates": [139.7161019, 35.66350995]}, "properties": {"name": "青南小学校", "ward": "港区", "address": "港区南青山4-21-15", "elevator_or_1f": null, "slope": null, "braille_block": null, "wheelchair_toilet": null}}, {"type": "Feature", "geometry": {"type": "Point", "coordinates": [139.7315024, 35.66817984]}, "properties": {"name": "赤坂中学校", "ward": "港区", "address": "港区赤坂9-2-3", "elevator_or_1f": true, "slope": true, "braille_block": true, "wheelchair_toilet": true}}, {"type": "Feature", "geometry": {"type": "Point", "coordinates": [139.722053, 35.67418691]}, "properties": {"name": "青山中学校", "ward": "港区", "address": "港区北青山1-1-9", "elevator_or_1f": true, "slope": null, "braille_block": null, "wheelchair_toilet": true}}, {"type": "Feature", "geometry": {"type": "Point", "coordinates": [139.7318491, 35.67466312]}, "properties": {"name": "赤坂区民センター", "ward": "港区", "address": "港区赤坂4-18-13", "elevator_or_1f": true, "slope": null, "braille_block": null, "wheelchair_toilet": true}}, {"type": "Feature", "geometry": {"type": "Point", "coordinates": [139.7377258, 35.66976483]}, "properties": {"name": "サン・サン赤坂（赤坂子ども中高生プラザ）", "ward": "港区", "address": "港区赤坂6-6-14", "elevator_or_1f": true, "slope": true, "braille_block": true, "wheelchair_toilet": true}}, {"type": "Feature", "geometry": {"type": "Point", "coordinates": [139.734939, 35.670358]}, "properties": {"name": "赤坂いきいきプラザ", "ward": "港区", "address": "港区赤坂6-4-8", "elevator_or_1f": true, "slope": true, "braille_block": true, "wheelchair_toilet": true}}, {"type": "Feature", "geometry": {"type": "Point", "coordinates": [139.721243, 35.669191]}, "properties": {"name": "青山いきいきプラザ", "ward": "港区", "address": "港区南青山2-16-5", "elevator_or_1f": true, "slope": true, "braille_block": true, "wheelchair_toilet": true}}, {"type": "Feature", "geometry": {"type": "Point", "coordinates": [139.717313, 35.666466]}, "properties": {"name": "青南いきいきプラザ", "ward": "港区", "address": "港区南青山4-10-1", "elevator_or_1f": true, "slope": true, "braille_block": true, "wheelchair_toilet": true}}, {"type": "Feature", "geometry": {"type": "Point", "coordinates": [139.7378879, 35.64311183]}, "properties": {"name": "御田小学校", "ward": "港区", "address": "港区三田4-11-38", "elevator_or_1f": null, "slope": null, "braille_block": null, "wheelchair_toilet": null}}, {"type": "Feature", "geometry": {"type": "Point", "coordinates": [139.7340183, 35.64204585]}, "properties": {"name": "高輪区民センター", "ward": "港区", "address": "港区高輪1-16-25", "elevator_or_1f": true, "slope": true, "braille_block": true, "wheelchair_toilet": true}}, {"type": "Feature", "geometry": {"type": "Point", "coordinates": [139.7285519, 35.63678829]}, "properties": {"name": "白金小学校", "ward": "港区", "address": "港区白金台1-4-26", "elevator_or_1f": null, "slope": null, "braille_block": null, "wheelchair_toilet": null}}, {"type": "Feature", "geometry": {"type": "Point", "coordinates": [139.7292546, 35.64444045]}, "properties": {"name": "旧三光小学校", "ward": "港区", "address": "港区白金3-18-2", "elevator_or_1f": true, "slope": true, "braille_block": null, "wheelchair_toilet": true}}, {"type": "Feature", "geometry": {"type": "Point", "coordinates": [139.72693, 35.643711]}, "properties": {"name": "白金の丘学園白金の丘小・中学校", "ward": "港区", "address": "港区白金4-1-12", "elevator_or_1f": true, "slope": true, "braille_block": true, "wheelchair_toilet": true}}, {"type": "Feature", "geometry": {"type": "Point", "coordinates": [139.724498, 35.64364341]}, "properties": {"name": "旧神応小学校", "ward": "港区", "address": "港区白金6-9-5", "elevator_or_1f": true, "slope": null, "braille_block": null, "wheelchair_toilet": null}}, {"type": "Feature", "geometry": {"type": "Point", "coordinates": [139.740851, 35.64523]}, "properties": {"name": "三田中学校", "ward": "港区", "address": "港区三田4-13-13", "elevator_or_1f": true, "slope": true, "braille_block": true, "wheelchair_toilet": true}}, {"type": "Feature", "geometry": {"type": "Point", "coordinates": [139.7340943, 35.64087998]}, "properties": {"name": "高松中学校", "ward": "港区", "address": "港区高輪1-16-25", "elevator_or_1f": true, "slope": true, "braille_block": null, "wheelchair_toilet": true}}, {"type": "Feature", "geometry": {"type": "Point", "coordinates": [139.7343855, 35.6363345]}, "properties": {"name": "高輪台小学校", "ward": "港区", "address": "港区高輪2-8-24", "elevator_or_1f": true, "slope": true, "braille_block": true, "wheelchair_toilet": true}}, {"type": "Feature", "geometry": {"type": "Point", "coordinates": [139.734832, 35.642375]}, "properties": {"name": "高輪子ども中高生プラザ", "ward": "港区", "address": "港区高輪1-4-35", "elevator_or_1f": true, "slope": null, "braille_block": true, "wheelchair_toilet": true}}, {"type": "Feature", "geometry": {"type": "Point", "coordinates": [139.739662, 35.646502]}, "properties": {"name": "豊岡いきいきプラザ", "ward": "港区", "address": "港区三田5-7-7", "elevator_or_1f": true, "slope": null, "braille_block": null, "wheelchair_toilet": true}}, {"type": "Feature", "geometry": {"type": "Point", "coordinates": [139.735693, 35.633201]}, "properties": {"name": "高輪いきいきプラザ", "ward": "港区", "address": "港区高輪3-18-15", "elevator_or_1f": true, "slope": true, "braille_block": true, "wheelchair_toilet": true}}, {"type": "Feature", "geometry": {"type": "Point", "coordinates": [139.731074, 35.644894]}, "properties": {"name": "白金いきいきプラザ", "ward": "港区", "address": "港区白金3-10-12", "elevator_or_1f": true, "slope": true, "braille_block": true, "wheelchair_toilet": true}}, {"type": "Feature", "geometry": {"type": "Point", "coordinates": [139.724958, 35.637714]}, "properties": {"name": "白金台いきいきプラザ", "ward": "港区", "address": "港区白金台4-8-5", "elevator_or_1f": true, "slope": null, "braille_block": true, "wheelchair_toilet": true}}, {"type": "Feature", "geometry": {"type": "Point", "coordinates": [139.746311, 35.638159]}, "properties": {"name": "芝浦小学校", "ward": "港区", "address": "港区芝浦4-8-18", "elevator_or_1f": true, "slope": true, "braille_block": true, "wheelchair_toilet": true}}, {"type": "Feature", "geometry": {"type": "Point", "coordinates": [139.7496449, 35.6292298]}, "properties": {"name": "港南小学校", "ward": "港区", "address": "港区港南4-3-28", "elevator_or_1f": true, "slope": true, "braille_block": true, "wheelchair_toilet": true}}, {"type": "Feature", "geometry": {"type": "Point", "coordinates": [139.7490614, 35.63111848]}, "properties": {"name": "港南中学校", "ward": "港区", "address": "港区港南4-3-3", "elevator_or_1f": true, "slope": true, "braille_block": null, "wheelchair_toilet": true}}, {"type": "Feature", "geometry": {"type": "Point", "coordinates": [139.7485721, 35.64053041]}, "properties": {"name": "芝浦港南区民センター", "ward": "港区", "address": "港区芝浦4-13-1", "elevator_or_1f": true, "slope": null, "braille_block": true, "wheelchair_toilet": true}}, {"type": "Feature", "geometry": {"type": "Point", "coordinates": [139.751425, 35.646636]}, "properties": {"name": "みなとパーク芝浦（港区スポーツセンター・男女平等参画センター）", "ward": "港区", "address": "港区芝浦1-16-1", "elevator_or_1f": true, "slope": true, "braille_block": true, "wheelchair_toilet": true}}, {"type": "Feature", "geometry": {"type": "Point", "coordinates": [139.74965, 35.630944]}, "properties": {"name": "港南子ども中高生プラザ", "ward": "港区", "address": "港区港南4-3-7", "elevator_or_1f": true, "slope": true, "braille_block": true, "wheelchair_toilet": true}}, {"type": "Feature", "geometry": {"type": "Point", "coordinates": [139.747058, 35.629642]}, "properties": {"name": "港南いきいきプラザ", "ward": "港区", "address": "港区港南4-2-1", "elevator_or_1f": true, "slope": true, "braille_block": true, "wheelchair_toilet": true}}, {"type": "Feature", "geometry": {"type": "Point", "coordinates": [139.777149, 35.63360695]}, "properties": {"name": "お台場学園港陽小・中学校", "ward": "港区", "address": "港区台場1-1-5", "elevator_or_1f": true, "slope": true, "braille_block": true, "wheelchair_toilet": true}}, {"type": "Feature", "geometry": {"type": "Point", "coordinates": [139.7770641, 35.62996436]}, "properties": {"name": "台場区民センター", "ward": "港区", "address": "港区台場1-5-1", "elevator_or_1f": true, "slope": null, "braille_block": true, "wheelchair_toilet": true}}, {"type": "Feature", "geometry": {"type": "Point", "coordinates": [139.742457, 35.6450673]}, "properties": {"name": "札の辻スクエア(産業振興センター)", "ward": "港区", "address": "港区芝5-36-4", "elevator_or_1f": true, "slope": true, "braille_block": true, "wheelchair_toilet": true}}, {"type": "Feature", "geometry": {"type": "Point", "coordinates": [139.7488232, 35.6463391]}, "properties": {"name": "芝浜小学校", "ward": "港区", "address": "港区芝浦1-16-31", "elevator_or_1f": true, "slope": null, "braille_block": true, "wheelchair_toilet": true}}, {"type": "Feature", "geometry": {"type": "Point", "coordinates": [139.7053966, 35.6891824]}, "properties": {"name": "都立新宿高校", "ward": "新宿区", "address": "新宿区内藤町11-4", "elevator_or_1f": null, "slope": null, "braille_block": null, "wheelchair_toilet": null}}, {"type": "Feature", "geometry": {"type": "Point", "coordinates": [139.7282035, 35.70685184]}, "properties": {"name": "都立山吹高校", "ward": "新宿区", "address": "新宿区山吹町81", "elevator_or_1f": null, "slope": null, "braille_block": null, "wheelchair_toilet": null}}, {"type": "Feature", "geometry": {"type": "Point", "coordinates": [139.7161452, 35.6936183]}, "properties": {"name": "都立総合芸術高校", "ward": "新宿区", "address": "新宿区富久町22-1", "elevator_or_1f": null, "slope": null, "braille_block": null, "wheelchair_toilet": null}}, {"type": "Feature", "geometry": {"type": "Point", "coordinates": [139.7103447, 35.70671194]}, "properties": {"name": "都立戸山高校", "ward": "新宿区", "address": "新宿区戸山3-19-1", "elevator_or_1f": null, "slope": null, "braille_block": null, "wheelchair_toilet": null}}, {"type": "Feature", "geometry": {"type": "Point", "coordinates": [139.696534, 35.70953]}, "properties": {"name": "新宿ＮＰＯ協働推進センター", "ward": "新宿区", "address": "新宿区高田馬場4-36-12", "elevator_or_1f": true, "slope": null, "braille_block": true, "wheelchair_toilet": true}}, {"type": "Feature", "geometry": {"type": "Point", "coordinates": [139.7135674, 35.70708756]}, "properties": {"name": "学習院女子大学", "ward": "新宿区", "address": "新宿区戸山3-20-1", "elevator_or_1f": null, "slope": null, "braille_block": null, "wheelchair_toilet": null}}, {"type": "Feature", "geometry": {"type": "Point", "coordinates": [139.733696, 35.69974]}, "properties": {"name": "愛日小学校", "ward": "新宿区", "address": "新宿区北町26", "elevator_or_1f": true, "slope": true, "braille_block": true, "wheelchair_toilet": true}}, {"type": "Feature", "geometry": {"type": "Point", "coordinates": [139.7250212, 35.68646061]}, "properties": {"name": "四谷小学校", "ward": "新宿区", "address": "新宿区四谷2-6", "elevator_or_1f": true, "slope": true, "braille_block": true, "wheelchair_toilet": true}}, {"type": "Feature", "geometry": {"type": "Point", "coordinates": [139.7179767, 35.68973006]}, "properties": {"name": "四谷ひろば", "ward": "新宿区", "address": "新宿区四谷4-20", "elevator_or_1f": true, "slope": true, "braille_block": null, "wheelchair_toilet": null}}, {"type": "Feature", "geometry": {"type": "Point", "coordinates": [139.7154633, 35.68116995]}, "properties": {"name": "四谷第六小学校", "ward": "新宿区", "address": "新宿区大京町30", "elevator_or_1f": true, "slope": true, "braille_block": null, "wheelchair_toilet": true}}, {"type": "Feature", "geometry": {"type": "Point", "coordinates": [139.7136141, 35.68959196]}, "properties": {"name": "花園小学校", "ward": "新宿区", "address": "新宿区新宿1-22-1", "elevator_or_1f": true, "slope": true, "braille_block": true, "wheelchair_toilet": true}}, {"type": "Feature", "geometry": {"type": "Point", "coordinates": [139.728638, 35.68400899]}, "properties": {"name": "四谷中学校", "ward": "新宿区", "address": "新宿区四谷1-12", "elevator_or_1f": true, "slope": true, "braille_block": null, "wheelchair_toilet": true}}, {"type": "Feature", "geometry": {"type": "Point", "coordinates": [139.7420101, 35.70273124]}, "properties": {"name": "津久戸小学校", "ward": "新宿区", "address": "新宿区津久戸町2-2", "elevator_or_1f": true, "slope": true, "braille_block": null, "wheelchair_toilet": true}}, {"type": "Feature", "geometry": {"type": "Point", "coordinates": [139.7286924, 35.69975122]}, "properties": {"name": "市谷小学校", "ward": "新宿区", "address": "新宿区市谷山伏町1-3", "elevator_or_1f": true, "slope": true, "braille_block": null, "wheelchair_toilet": null}}, {"type": "Feature", "geometry": {"type": "Point", "coordinates": [139.7304112, 35.7003562]}, "properties": {"name": "牛込第一中学校", "ward": "新宿区", "address": "新宿区北山伏町4-1", "elevator_or_1f": true, "slope": true, "braille_block": null, "wheelchair_toilet": true}}, {"type": "Feature", "geometry": {"type": "Point", "coordinates": [139.7316322, 35.69774352]}, "properties": {"name": "牛込第三中学校", "ward": "新宿区", "address": "新宿区市谷加賀町1-3-1", "elevator_or_1f": true, "slope": true, "braille_block": null, "wheelchair_toilet": true}}, {"type": "Feature", "geometry": {"type": "Point", "coordinates": [139.7364904, 35.7071496]}, "properties": {"name": "江戸川小学校", "ward": "新宿区", "address": "新宿区水道町1-28", "elevator_or_1f": true, "slope": true, "braille_block": null, "wheelchair_toilet": true}}, {"type": "Feature", "geometry": {"type": "Point", "coordinates": [139.7235187, 35.70391961]}, "properties": {"name": "早稲田小学校", "ward": "新宿区", "address": "新宿区早稲田南町25", "elevator_or_1f": true, "slope": true, "braille_block": null, "wheelchair_toilet": null}}, {"type": "Feature", "geometry": {"type": "Point", "coordinates": [139.7248374, 35.70830015]}, "properties": {"name": "鶴巻小学校", "ward": "新宿区", "address": "新宿区早稲田鶴巻町140", "elevator_or_1f": true, "slope": true, "braille_block": true, "wheelchair_toilet": true}}, {"type": "Feature", "geometry": {"type": "Point", "coordinates": [139.723582, 35.69582052]}, "properties": {"name": "牛込仲之小学校", "ward": "新宿区", "address": "新宿区市谷仲之町4-33", "elevator_or_1f": true, "slope": true, "braille_block": true, "wheelchair_toilet": true}}, {"type": "Feature", "geometry": {"type": "Point", "coordinates": [139.7228837, 35.70411357]}, "properties": {"name": "牛込第二中学校", "ward": "新宿区", "address": "新宿区喜久井町20", "elevator_or_1f": true, "slope": true, "braille_block": null, "wheelchair_toilet": null}}, {"type": "Feature", "geometry": {"type": "Point", "coordinates": [139.7227539, 35.69891615]}, "properties": {"name": "成城学校", "ward": "新宿区", "address": "新宿区原町3-87", "elevator_or_1f": null, "slope": null, "braille_block": null, "wheelchair_toilet": null}}, {"type": "Feature", "geometry": {"type": "Point", "coordinates": [139.7162717, 35.69243071]}, "properties": {"name": "富久小学校", "ward": "新宿区", "address": "新宿区富久町7-24", "elevator_or_1f": true, "slope": true, "braille_block": null, "wheelchair_toilet": true}}, {"type": "Feature", "geometry": {"type": "Point", "coordinates": [139.7161175, 35.69934993]}, "properties": {"name": "余丁町小学校", "ward": "新宿区", "address": "新宿区若松町13-1", "elevator_or_1f": true, "slope": true, "braille_block": null, "wheelchair_toilet": null}}, {"type": "Feature", "geometry": {"type": "Point", "coordinates": [139.7112108, 35.70237845]}, "properties": {"name": "東戸山小学校", "ward": "新宿区", "address": "新宿区戸山2-34-2", "elevator_or_1f": true, "slope": true, "braille_block": null, "wheelchair_toilet": true}}, {"type": "Feature", "geometry": {"type": "Point", "coordinates": [139.7178942, 35.70612907]}, "properties": {"name": "早稲田大学戸山キャンパス", "ward": "新宿区", "address": "新宿区戸山1-24", "elevator_or_1f": null, "slope": null, "braille_block": null, "wheelchair_toilet": null}}, {"type": "Feature", "geometry": {"type": "Point", "coordinates": [139.7120411, 35.69331349]}, "properties": {"name": "東京医科大学", "ward": "新宿区", "address": "新宿区新宿6-1-1", "elevator_or_1f": null, "slope": null, "braille_block": null, "wheelchair_toilet": null}}, {"type": "Feature", "geometry": {"type": "Point", "coordinates": [139.7057313, 35.69965161]}, "properties": {"name": "大久保小学校", "ward": "新宿区", "address": "新宿区大久保1-1-21", "elevator_or_1f": true, "slope": true, "braille_block": null, "wheelchair_toilet": true}}, {"type": "Feature", "geometry": {"type": "Point", "coordinates": [139.7100051, 35.6954722]}, "properties": {"name": "天神小学校", "ward": "新宿区", "address": "新宿区新宿6-14-2", "elevator_or_1f": true, "slope": true, "braille_block": null, "wheelchair_toilet": true}}, {"type": "Feature", "geometry": {"type": "Point", "coordinates": [139.7019635, 35.70392303]}, "properties": {"name": "戸山小学校", "ward": "新宿区", "address": "新宿区百人町2-1-38", "elevator_or_1f": true, "slope": true, "braille_block": null, "wheelchair_toilet": true}}, {"type": "Feature", "geometry": {"type": "Point", "coordinates": [139.6993595, 35.70796151]}, "properties": {"name": "西戸山小学校", "ward": "新宿区", "address": "新宿区百人町4-2-1", "elevator_or_1f": true, "slope": true, "braille_block": null, "wheelchair_toilet": true}}, {"type": "Feature", "geometry": {"type": "Point", "coordinates": [139.7106874, 35.6953568]}, "properties": {"name": "新宿中学校", "ward": "新宿区", "address": "新宿区新宿6-15-22", "elevator_or_1f": true, "slope": true, "braille_block": true, "wheelchair_toilet": true}}, {"type": "Feature", "geometry": {"type": "Point", "coordinates": [139.710145, 35.707997]}, "properties": {"name": "西早稲田中学校", "ward": "新宿区", "address": "新宿区戸山3-20-2", "elevator_or_1f": true, "slope": true, "braille_block": true, "wheelchair_toilet": true}}, {"type": "Feature", "geometry": {"type": "Point", "coordinates": [139.7147311, 35.71096158]}, "properties": {"name": "戸塚第一小学校", "ward": "新宿区", "address": "新宿区西早稲田3-10-12", "elevator_or_1f": true, "slope": true, "braille_block": null, "wheelchair_toilet": true}}, {"type": "Feature", "geometry": {"type": "Point", "coordinates": [139.7061088, 35.71215322]}, "properties": {"name": "戸塚第二小学校", "ward": "新宿区", "address": "新宿区高田馬場1-25-21", "elevator_or_1f": true, "slope": true, "braille_block": null, "wheelchair_toilet": true}}, {"type": "Feature", "geometry": {"type": "Point", "coordinates": [139.6975914, 35.71487868]}, "properties": {"name": "戸塚第三小学校", "ward": "新宿区", "address": "新宿区高田馬場3-18-21", "elevator_or_1f": true, "slope": true, "braille_block": null, "wheelchair_toilet": true}}, {"type": "Feature", "geometry": {"type": "Point", "coordinates": [139.7009051, 35.70844723]}, "properties": {"name": "新宿西戸山中学校", "ward": "新宿区", "address": "新宿区百人町4-3-1", "elevator_or_1f": true, "slope": true, "braille_block": true, "wheelchair_toilet": true}}, {"type": "Feature", "geometry": {"type": "Point", "coordinates": [139.7194368, 35.70934389]}, "properties": {"name": "早稲田大学早稲田キャンパス", "ward": "新宿区", "address": "新宿区西早稲田1-6-1", "elevator_or_1f": null, "slope": null, "braille_block": null, "wheelchair_toilet": null}}, {"type": "Feature", "geometry": {"type": "Point", "coordinates": [139.6914728, 35.71953899]}, "properties": {"name": "落合第一小学校", "ward": "新宿区", "address": "新宿区中落合2-13-27", "elevator_or_1f": true, "slope": true, "braille_block": null, "wheelchair_toilet": true}}, {"type": "Feature", "geometry": {"type": "Point", "coordinates": [139.6888032, 35.71287167]}, "properties": {"name": "落合第二小学校", "ward": "新宿区", "address": "新宿区上落合2-10-23", "elevator_or_1f": true, "slope": true, "braille_block": null, "wheelchair_toilet": true}}, {"type": "Feature", "geometry": {"type": "Point", "coordinates": [139.7002131, 35.71832336]}, "properties": {"name": "落合第四小学校", "ward": "新宿区", "address": "新宿区下落合2-9-34", "elevator_or_1f": true, "slope": true, "braille_block": null, "wheelchair_toilet": true}}, {"type": "Feature", "geometry": {"type": "Point", "coordinates": [139.700273, 35.71869432]}, "properties": {"name": "落合中学校", "ward": "新宿区", "address": "新宿区下落合2-24-6", "elevator_or_1f": true, "slope": true, "braille_block": null, "wheelchair_toilet": true}}, {"type": "Feature", "geometry": {"type": "Point", "coordinates": [139.701055, 35.714775]}, "properties": {"name": "東京富士大学", "ward": "新宿区", "address": "新宿区下落合1-7-7", "elevator_or_1f": true, "slope": null, "braille_block": null, "wheelchair_toilet": null}}, {"type": "Feature", "geometry": {"type": "Point", "coordinates": [139.6825605, 35.72082561]}, "properties": {"name": "落合第三小学校", "ward": "新宿区", "address": "新宿区西落合1-12-20", "elevator_or_1f": true, "slope": true, "braille_block": null, "wheelchair_toilet": true}}, {"type": "Feature", "geometry": {"type": "Point", "coordinates": [139.6856074, 35.71464039]}, "properties": {"name": "落合第五小学校", "ward": "新宿区", "address": "新宿区上落合3-1-6", "elevator_or_1f": true, "slope": true, "braille_block": null, "wheelchair_toilet": true}}, {"type": "Feature", "geometry": {"type": "Point", "coordinates": [139.6785195, 35.72736277]}, "properties": {"name": "落合第六小学校", "ward": "新宿区", "address": "新宿区西落合4-11-21", "elevator_or_1f": true, "slope": true, "braille_block": null, "wheelchair_toilet": true}}, {"type": "Feature", "geometry": {"type": "Point", "coordinates": [139.6847142, 35.7214506]}, "properties": {"name": "落合第二中学校", "ward": "新宿区", "address": "新宿区西落合1-6-5", "elevator_or_1f": true, "slope": true, "braille_block": null, "wheelchair_toilet": true}}, {"type": "Feature", "geometry": {"type": "Point", "coordinates": [139.6908514, 35.70394173]}, "properties": {"name": "淀橋第四小学校", "ward": "新宿区", "address": "新宿区北新宿3-17-1", "elevator_or_1f": true, "slope": true, "braille_block": null, "wheelchair_toilet": true}}, {"type": "Feature", "geometry": {"type": "Point", "coordinates": [139.6893987, 35.70051108]}, "properties": {"name": "柏木小学校", "ward": "新宿区", "address": "新宿区北新宿2-11-1", "elevator_or_1f": true, "slope": true, "braille_block": null, "wheelchair_toilet": true}}, {"type": "Feature", "geometry": {"type": "Point", "coordinates": [139.6949994, 35.69607973]}, "properties": {"name": "西新宿中学校", "ward": "新宿区", "address": "新宿区西新宿8-2-44", "elevator_or_1f": true, "slope": true, "braille_block": true, "wheelchair_toilet": true}}, {"type": "Feature", "geometry": {"type": "Point", "coordinates": [139.6879114, 35.68615965]}, "properties": {"name": "西新宿小学校", "ward": "新宿区", "address": "新宿区西新宿4-35-5", "elevator_or_1f": true, "slope": true, "braille_block": null, "wheelchair_toilet": true}}, {"type": "Feature", "geometry": {"type": "Point", "coordinates": [139.7475983, 35.71097946]}, "properties": {"name": "礫川小学校", "ward": "文京区", "address": "文京区小石川2-13-2", "elevator_or_1f": true, "slope": true, "braille_block": null, "wheelchair_toilet": true}}, {"type": "Feature", "geometry": {"type": "Point", "coordinates": [139.75015, 35.71453313]}, "properties": {"name": "柳町小学校", "ward": "文京区", "address": "文京区小石川1-23-16", "elevator_or_1f": true, "slope": true, "braille_block": null, "wheelchair_toilet": true}}, {"type": "Feature", "geometry": {"type": "Point", "coordinates": [139.7507578, 35.71732183]}, "properties": {"name": "指ヶ谷小学校", "ward": "文京区", "address": "文京区白山2-28-4", "elevator_or_1f": true, "slope": true, "braille_block": null, "wheelchair_toilet": true}}, {"type": "Feature", "geometry": {"type": "Point", "coordinates": [139.7419693, 35.72433581]}, "properties": {"name": "林町小学校", "ward": "文京区", "address": "文京区千石2-36-3", "elevator_or_1f": true, "slope": true, "braille_block": null, "wheelchair_toilet": true}}, {"type": "Feature", "geometry": {"type": "Point", "coordinates": [139.744876, 35.72498881]}, "properties": {"name": "明化小学校", "ward": "文京区", "address": "文京区千石1-13-9", "elevator_or_1f": true, "slope": true, "braille_block": null, "wheelchair_toilet": true}}, {"type": "Feature", "geometry": {"type": "Point", "coordinates": [139.7248258, 35.72152067]}, "properties": {"name": "青柳小学校", "ward": "文京区", "address": "文京区大塚5-40-18", "elevator_or_1f": true, "slope": true, "braille_block": null, "wheelchair_toilet": true}}, {"type": "Feature", "geometry": {"type": "Point", "coordinates": [139.7268841, 35.71182981]}, "properties": {"name": "関口台町小学校", "ward": "文京区", "address": "文京区関口2-6-1", "elevator_or_1f": true, "slope": true, "braille_block": null, "wheelchair_toilet": true}}, {"type": "Feature", "geometry": {"type": "Point", "coordinates": [139.7355063, 35.71320889]}, "properties": {"name": "小日向台町小学校", "ward": "文京区", "address": "文京区小日向2-3-8", "elevator_or_1f": true, "slope": true, "braille_block": null, "wheelchair_toilet": null}}, {"type": "Feature", "geometry": {"type": "Point", "coordinates": [139.7416059, 35.71083832]}, "properties": {"name": "金富小学校", "ward": "文京区", "address": "文京区春日2-6-15", "elevator_or_1f": true, "slope": true, "braille_block": null, "wheelchair_toilet": true}}, {"type": "Feature", "geometry": {"type": "Point", "coordinates": [139.735841, 35.71920422]}, "properties": {"name": "窪町小学校", "ward": "文京区", "address": "文京区大塚3-2-3", "elevator_or_1f": true, "slope": true, "braille_block": true, "wheelchair_toilet": true}}, {"type": "Feature", "geometry": {"type": "Point", "coordinates": [139.7363528, 35.72372873]}, "properties": {"name": "大塚小学校", "ward": "文京区", "address": "文京区大塚4-1-7", "elevator_or_1f": true, "slope": true, "braille_block": null, "wheelchair_toilet": true}}, {"type": "Feature", "geometry": {"type": "Point", "coordinates": [139.7663029, 35.70652147]}, "properties": {"name": "湯島小学校", "ward": "文京区", "address": "文京区湯島2-28-14", "elevator_or_1f": true, "slope": true, "braille_block": true, "wheelchair_toilet": true}}, {"type": "Feature", "geometry": {"type": "Point", "coordinates": [139.7541095, 35.71792286]}, "properties": {"name": "誠之小学校", "ward": "文京区", "address": "文京区西片2-14-6", "elevator_or_1f": true, "slope": true, "braille_block": true, "wheelchair_toilet": true}}, {"type": "Feature", "geometry": {"type": "Point", "coordinates": [139.7629887, 35.71853603]}, "properties": {"name": "根津小学校", "ward": "文京区", "address": "文京区根津1-14-3", "elevator_or_1f": null, "slope": null, "braille_block": null, "wheelchair_toilet": true}}, {"type": "Feature", "geometry": {"type": "Point", "coordinates": [139.7590816, 35.72916973]}, "properties": {"name": "千駄木小学校", "ward": "文京区", "address": "文京区千駄木5-44-2", "elevator_or_1f": true, "slope": true, "braille_block": null, "wheelchair_toilet": null}}, {"type": "Feature", "geometry": {"type": "Point", "coordinates": [139.7609077, 35.7236294]}, "properties": {"name": "汐見小学校", "ward": "文京区", "address": "文京区千駄木2-19-23", "elevator_or_1f": true, "slope": true, "braille_block": true, "wheelchair_toilet": true}}, {"type": "Feature", "geometry": {"type": "Point", "coordinates": [139.7492684, 35.73159519]}, "properties": {"name": "昭和小学校", "ward": "文京区", "address": "文京区本駒込2-28-31", "elevator_or_1f": true, "slope": true, "braille_block": true, "wheelchair_toilet": true}}, {"type": "Feature", "geometry": {"type": "Point", "coordinates": [139.7545112, 35.72441614]}, "properties": {"name": "駒本小学校", "ward": "文京区", "address": "文京区向丘2-37-5", "elevator_or_1f": true, "slope": true, "braille_block": null, "wheelchair_toilet": true}}, {"type": "Feature", "geometry": {"type": "Point", "coordinates": [139.7459198, 35.72856244]}, "properties": {"name": "駕籠町小学校", "ward": "文京区", "address": "文京区本駒込2-29-6", "elevator_or_1f": null, "slope": true, "braille_block": null, "wheelchair_toilet": true}}, {"type": "Feature", "geometry": {"type": "Point", "coordinates": [139.7582006, 35.70805308]}, "properties": {"name": "本郷小学校", "ward": "文京区", "address": "文京区本郷4-5-15", "elevator_or_1f": true, "slope": true, "braille_block": true, "wheelchair_toilet": true}}, {"type": "Feature", "geometry": {"type": "Point", "coordinates": [139.7580238, 35.70284066]}, "properties": {"name": "旧元町小学校", "ward": "文京区", "address": "文京区本郷1-1-19", "elevator_or_1f": null, "slope": null, "braille_block": null, "wheelchair_toilet": null}}, {"type": "Feature", "geometry": {"type": "Point", "coordinates": [139.7388218, 35.71808143]}, "properties": {"name": "第一中学校", "ward": "文京区", "address": "文京区小石川5-8-9", "elevator_or_1f": true, "slope": true, "braille_block": null, "wheelchair_toilet": true}}, {"type": "Feature", "geometry": {"type": "Point", "coordinates": [139.7470395, 35.70910666]}, "properties": {"name": "第三中学校", "ward": "文京区", "address": "文京区春日1-9-31", "elevator_or_1f": true, "slope": true, "braille_block": null, "wheelchair_toilet": true}}, {"type": "Feature", "geometry": {"type": "Point", "coordinates": [139.757472, 35.716897]}, "properties": {"name": "第六中学校", "ward": "文京区", "address": "文京区向丘1-2-2", "elevator_or_1f": true, "slope": true, "braille_block": true, "wheelchair_toilet": true}}, {"type": "Feature", "geometry": {"type": "Point", "coordinates": [139.7613516, 35.72437133]}, "properties": {"name": "第八中学校", "ward": "文京区", "address": "文京区千駄木2-19-22", "elevator_or_1f": true, "slope": true, "braille_block": null, "wheelchair_toilet": true}}, {"type": "Feature", "geometry": {"type": "Point", "coordinates": [139.7527161, 35.7296435]}, "properties": {"name": "第九中学校", "ward": "文京区", "address": "文京区本駒込3-28-9", "elevator_or_1f": true, "slope": null, "braille_block": null, "wheelchair_toilet": true}}, {"type": "Feature", "geometry": {"type": "Point", "coordinates": [139.7428342, 35.72381889]}, "properties": {"name": "第十中学校", "ward": "文京区", "address": "文京区千石2-40-17", "elevator_or_1f": true, "slope": true, "braille_block": null, "wheelchair_toilet": true}}, {"type": "Feature", "geometry": {"type": "Point", "coordinates": [139.7586417, 35.72790686]}, "properties": {"name": "文林中学校", "ward": "文京区", "address": "文京区千駄木5-25-10", "elevator_or_1f": true, "slope": null, "braille_block": null, "wheelchair_toilet": true}}, {"type": "Feature", "geometry": {"type": "Point", "coordinates": [139.7411538, 35.71343801]}, "properties": {"name": "茗台中学校", "ward": "文京区", "address": "文京区春日2-9-5", "elevator_or_1f": true, "slope": true, "braille_block": true, "wheelchair_toilet": true}}, {"type": "Feature", "geometry": {"type": "Point", "coordinates": [139.7589226, 35.70655526]}, "properties": {"name": "本郷台中学校", "ward": "文京区", "address": "文京区本郷2-38-23", "elevator_or_1f": true, "slope": true, "braille_block": null, "wheelchair_toilet": true}}, {"type": "Feature", "geometry": {"type": "Point", "coordinates": [139.732807, 35.717264]}, "properties": {"name": "音羽中学校", "ward": "文京区", "address": "文京区大塚1-9-24", "elevator_or_1f": true, "slope": true, "braille_block": true, "wheelchair_toilet": true}}, {"type": "Feature", "geometry": {"type": "Point", "coordinates": [139.735532, 35.710398]}, "properties": {"name": "文京江戸川橋体育館", "ward": "文京区", "address": "文京区小日向1-7-4", "elevator_or_1f": true, "slope": true, "braille_block": true, "wheelchair_toilet": true}}, {"type": "Feature", "geometry": {"type": "Point", "coordinates": [139.765769, 35.708849]}, "properties": {"name": "教育センター", "ward": "文京区", "address": "文京区湯島4-7-10", "elevator_or_1f": true, "slope": true, "braille_block": true, "wheelchair_toilet": true}}, {"type": "Feature", "geometry": {"type": "Point", "coordinates": [139.7839155, 35.70616198]}, "properties": {"name": "中小企業振興センター", "ward": "台東区", "address": "台東区小島2-9-10", "elevator_or_1f": null, "slope": null, "braille_block": null, "wheelchair_toilet": null}}, {"type": "Feature", "geometry": {"type": "Point", "coordinates": [139.7830294, 35.70829172]}, "properties": {"name": "都立白?高等学校", "ward": "台東区", "address": "台東区元浅草1-6-22", "elevator_or_1f": null, "slope": null, "braille_block": null, "wheelchair_toilet": null}}, {"type": "Feature", "geometry": {"type": "Point", "coordinates": [139.7824538, 35.70044358]}, "properties": {"name": "都立忍岡高等学校", "ward": "台東区", "address": "台東区浅草橋5-1-24", "elevator_or_1f": null, "slope": null, "braille_block": null, "wheelchair_toilet": null}}, {"type": "Feature", "geometry": {"type": "Point", "coordinates": [139.8025133, 35.71938299]}, "properties": {"name": "都立浅草高等学校", "ward": "台東区", "address": "台東区今戸1-8-13", "elevator_or_1f": null, "slope": null, "braille_block": null, "wheelchair_toilet": null}}, {"type": "Feature", "geometry": {"type": "Point", "coordinates": [139.7910221, 35.70047281]}, "properties": {"name": "都立蔵前工業高等学校", "ward": "台東区", "address": "台東区蔵前1-3-57", "elevator_or_1f": null, "slope": null, "braille_block": null, "wheelchair_toilet": null}}, {"type": "Feature", "geometry": {"type": "Point", "coordinates": [139.7699891, 35.71855821]}, "properties": {"name": "都立上野高等学校", "ward": "台東区", "address": "台東区上野公園10-14", "elevator_or_1f": null, "slope": null, "braille_block": null, "wheelchair_toilet": null}}, {"type": "Feature", "geometry": {"type": "Point", "coordinates": [139.7832892, 35.71358413]}, "properties": {"name": "上野小学校", "ward": "台東区", "address": "台東区東上野6-16-8", "elevator_or_1f": null, "slope": null, "braille_block": null, "wheelchair_toilet": null}}, {"type": "Feature", "geometry": {"type": "Point", "coordinates": [139.7800718, 35.70655083]}, "properties": {"name": "平成小学校", "ward": "台東区", "address": "台東区台東4-21-15", "elevator_or_1f": null, "slope": null, "braille_block": null, "wheelchair_toilet": null}}, {"type": "Feature", "geometry": {"type": "Point", "coordinates": [139.7789592, 35.72364788]}, "properties": {"name": "根岸小学校", "ward": "台東区", "address": "台東区根岸3-9-8", "elevator_or_1f": null, "slope": null, "braille_block": null, "wheelchair_toilet": null}}, {"type": "Feature", "geometry": {"type": "Point", "coordinates": [139.7921219, 35.72834471]}, "properties": {"name": "東泉小学校", "ward": "台東区", "address": "台東区三ノ輪1-23-9", "elevator_or_1f": null, "slope": null, "braille_block": null, "wheelchair_toilet": null}}, {"type": "Feature", "geometry": {"type": "Point", "coordinates": [139.7667736, 35.71377866]}, "properties": {"name": "忍岡小学校", "ward": "台東区", "address": "台東区池之端2-1-22", "elevator_or_1f": null, "slope": null, "braille_block": null, "wheelchair_toilet": null}}, {"type": "Feature", "geometry": {"type": "Point", "coordinates": [139.7653513, 35.72393248]}, "properties": {"name": "谷中小学校", "ward": "台東区", "address": "台東区谷中2-9-16", "elevator_or_1f": null, "slope": null, "braille_block": null, "wheelchair_toilet": null}}, {"type": "Feature", "geometry": {"type": "Point", "coordinates": [139.7853685, 35.72571782]}, "properties": {"name": "金曽木小学校", "ward": "台東区", "address": "台東区根岸4-16-22", "elevator_or_1f": null, "slope": null, "braille_block": null, "wheelchair_toilet": null}}, {"type": "Feature", "geometry": {"type": "Point", "coordinates": [139.7713775, 35.70702455]}, "properties": {"name": "黒門小学校", "ward": "台東区", "address": "台東区上野1-16-20", "elevator_or_1f": null, "slope": null, "braille_block": null, "wheelchair_toilet": null}}, {"type": "Feature", "geometry": {"type": "Point", "coordinates": [139.7879725, 35.72094943]}, "properties": {"name": "大正小学校", "ward": "台東区", "address": "台東区入谷2-23-8", "elevator_or_1f": null, "slope": null, "braille_block": null, "wheelchair_toilet": null}}, {"type": "Feature", "geometry": {"type": "Point", "coordinates": [139.7992429, 35.71352857]}, "properties": {"name": "浅草小学校", "ward": "台東区", "address": "台東区花川戸1-14-15", "elevator_or_1f": null, "slope": null, "braille_block": null, "wheelchair_toilet": null}}, {"type": "Feature", "geometry": {"type": "Point", "coordinates": [139.7857725, 35.70029269]}, "properties": {"name": "台東育英小学校", "ward": "台東区", "address": "台東区浅草橋2-26-8", "elevator_or_1f": null, "slope": null, "braille_block": null, "wheelchair_toilet": null}}, {"type": "Feature", "geometry": {"type": "Point", "coordinates": [139.7892641, 35.70439432]}, "properties": {"name": "蔵前小学校", "ward": "台東区", "address": "台東区蔵前4-19-11", "elevator_or_1f": null, "slope": null, "braille_block": null, "wheelchair_toilet": null}}, {"type": "Feature", "geometry": {"type": "Point", "coordinates": [139.7985095, 35.72437233]}, "properties": {"name": "東浅草小学校", "ward": "台東区", "address": "台東区東浅草2-27-19", "elevator_or_1f": null, "slope": null, "braille_block": null, "wheelchair_toilet": null}}, {"type": "Feature", "geometry": {"type": "Point", "coordinates": [139.7983667, 35.71873796]}, "properties": {"name": "富士小学校", "ward": "台東区", "address": "台東区浅草4-48-9", "elevator_or_1f": null, "slope": null, "braille_block": null, "wheelchair_toilet": null}}, {"type": "Feature", "geometry": {"type": "Point", "coordinates": [139.786483, 35.71229136]}, "properties": {"name": "松葉小学校", "ward": "台東区", "address": "台東区松が谷1-13-16", "elevator_or_1f": null, "slope": null, "braille_block": null, "wheelchair_toilet": null}}, {"type": "Feature", "geometry": {"type": "Point", "coordinates": [139.7939931, 35.71919279]}, "properties": {"name": "千束小学校", "ward": "台東区", "address": "台東区浅草4-24-11", "elevator_or_1f": null, "slope": null, "braille_block": null, "wheelchair_toilet": null}}, {"type": "Feature", "geometry": {"type": "Point", "coordinates": [139.80342, 35.7249094]}, "properties": {"name": "石浜小学校", "ward": "台東区", "address": "台東区清川1-14-21", "elevator_or_1f": null, "slope": null, "braille_block": null, "wheelchair_toilet": null}}, {"type": "Feature", "geometry": {"type": "Point", "coordinates": [139.7931625, 35.71016978]}, "properties": {"name": "田原小学校", "ward": "台東区", "address": "台東区雷門1-5-14", "elevator_or_1f": null, "slope": null, "braille_block": null, "wheelchair_toilet": null}}, {"type": "Feature", "geometry": {"type": "Point", "coordinates": [139.7901664, 35.71861275]}, "properties": {"name": "金竜小学校", "ward": "台東区", "address": "台東区千束1-9-9", "elevator_or_1f": null, "slope": null, "braille_block": null, "wheelchair_toilet": null}}, {"type": "Feature", "geometry": {"type": "Point", "coordinates": [139.7800545, 35.71312709]}, "properties": {"name": "旧下谷小学校", "ward": "台東区", "address": "台東区東上野4-7-9", "elevator_or_1f": null, "slope": null, "braille_block": null, "wheelchair_toilet": null}}, {"type": "Feature", "geometry": {"type": "Point", "coordinates": [139.78215, 35.72011037]}, "properties": {"name": "旧坂本小学校", "ward": "台東区", "address": "台東区下谷1-12-8", "elevator_or_1f": null, "slope": null, "braille_block": null, "wheelchair_toilet": null}}, {"type": "Feature", "geometry": {"type": "Point", "coordinates": [139.7825208, 35.69954369]}, "properties": {"name": "旧柳北小学校", "ward": "台東区", "address": "台東区浅草橋5-1-35", "elevator_or_1f": null, "slope": null, "braille_block": null, "wheelchair_toilet": null}}, {"type": "Feature", "geometry": {"type": "Point", "coordinates": [139.7972424, 35.7278869]}, "properties": {"name": "たなか多目的センター", "ward": "台東区", "address": "台東区日本堤2-25-4", "elevator_or_1f": null, "slope": null, "braille_block": null, "wheelchair_toilet": null}}, {"type": "Feature", "geometry": {"type": "Point", "coordinates": [139.78914, 35.70713701]}, "properties": {"name": "ことぶきこども園", "ward": "台東区", "address": "台東区寿1-10-9", "elevator_or_1f": null, "slope": null, "braille_block": null, "wheelchair_toilet": null}}, {"type": "Feature", "geometry": {"type": "Point", "coordinates": [139.777389, 35.70695172]}, "properties": {"name": "御徒町台東中学校", "ward": "台東区", "address": "台東区台東4-13-16", "elevator_or_1f": null, "slope": null, "braille_block": null, "wheelchair_toilet": null}}, {"type": "Feature", "geometry": {"type": "Point", "coordinates": [139.7861776, 35.72328112]}, "properties": {"name": "柏葉中学校", "ward": "台東区", "address": "台東区下谷3-1-29", "elevator_or_1f": null, "slope": null, "braille_block": null, "wheelchair_toilet": null}}, {"type": "Feature", "geometry": {"type": "Point", "coordinates": [139.7749596, 35.72131604]}, "properties": {"name": "上野中学校", "ward": "台東区", "address": "台東区上野桜木1-14-55", "elevator_or_1f": null, "slope": null, "braille_block": null, "wheelchair_toilet": null}}, {"type": "Feature", "geometry": {"type": "Point", "coordinates": [139.7792393, 35.7190744]}, "properties": {"name": "忍岡中学校", "ward": "台東区", "address": "台東区上野公園18-20", "elevator_or_1f": null, "slope": null, "braille_block": null, "wheelchair_toilet": null}}, {"type": "Feature", "geometry": {"type": "Point", "coordinates": [139.7899542, 35.69992884]}, "properties": {"name": "浅草中学校", "ward": "台東区", "address": "台東区蔵前1-3-4", "elevator_or_1f": null, "slope": null, "braille_block": null, "wheelchair_toilet": null}}, {"type": "Feature", "geometry": {"type": "Point", "coordinates": [139.8069489, 35.72074796]}, "properties": {"name": "桜橋中学校", "ward": "台東区", "address": "台東区今戸2-1-8", "elevator_or_1f": null, "slope": null, "braille_block": null, "wheelchair_toilet": null}}, {"type": "Feature", "geometry": {"type": "Point", "coordinates": [139.784229, 35.71752271]}, "properties": {"name": "駒形中学校", "ward": "台東区", "address": "台東区北上野2-15-1", "elevator_or_1f": null, "slope": null, "braille_block": null, "wheelchair_toilet": null}}, {"type": "Feature", "geometry": {"type": "Point", "coordinates": [139.7896452, 35.72530398]}, "properties": {"name": "旧竜泉中学校", "ward": "台東区", "address": "台東区竜泉2-10-6", "elevator_or_1f": null, "slope": null, "braille_block": null, "wheelchair_toilet": null}}, {"type": "Feature", "geometry": {"type": "Point", "coordinates": [139.7877271, 35.70724196]}, "properties": {"name": "都立白?高等学校附属中学校", "ward": "台東区", "address": "台東区元浅草3-12-12", "elevator_or_1f": null, "slope": null, "braille_block": null, "wheelchair_toilet": null}}, {"type": "Feature", "geometry": {"type": "Point", "coordinates": [139.7778768, 35.701847]}, "properties": {"name": "台東一丁目区民館", "ward": "台東区", "address": "台東区台東1-25-5", "elevator_or_1f": true, "slope": null, "braille_block": true, "wheelchair_toilet": true}}, {"type": "Feature", "geometry": {"type": "Point", "coordinates": [139.7797126, 35.7112193]}, "properties": {"name": "東上野区民館", "ward": "台東区", "address": "台東区東上野3-24-6", "elevator_or_1f": true, "slope": null, "braille_block": true, "wheelchair_toilet": true}}, {"type": "Feature", "geometry": {"type": "Point", "coordinates": [139.7815835, 35.70953954]}, "properties": {"name": "老人福祉センター", "ward": "台東区", "address": "台東区東上野2-25-14", "elevator_or_1f": true, "slope": true, "braille_block": true, "wheelchair_toilet": true}}, {"type": "Feature", "geometry": {"type": "Point", "coordinates": [139.789878, 35.717287]}, "properties": {"name": "生涯学習センター", "ward": "台東区", "address": "台東区西浅草3-25-16", "elevator_or_1f": true, "slope": null, "braille_block": true, "wheelchair_toilet": true}}, {"type": "Feature", "geometry": {"type": "Point", "coordinates": [139.808248, 35.724048]}, "properties": {"name": "産業研修センター", "ward": "台東区", "address": "台東区橋場1-36-2", "elevator_or_1f": null, "slope": null, "braille_block": null, "wheelchair_toilet": null}}, {"type": "Feature", "geometry": {"type": "Point", "coordinates": [139.801304, 35.72717]}, "properties": {"name": "福祉プラザ台東清峰会", "ward": "台東区", "address": "台東区清川2-14-7", "elevator_or_1f": true, "slope": null, "braille_block": null, "wheelchair_toilet": true}}, {"type": "Feature", "geometry": {"type": "Point", "coordinates": [139.795204, 35.69375068]}, "properties": {"name": "両国小学校", "ward": "墨田区", "address": "墨田区両国4-26-6", "elevator_or_1f": true, "slope": null, "braille_block": null, "wheelchair_toilet": null}}, {"type": "Feature", "geometry": {"type": "Point", "coordinates": [139.8013195, 35.69403981]}, "properties": {"name": "緑小学校", "ward": "墨田区", "address": "墨田区緑2-12-12", "elevator_or_1f": true, "slope": null, "braille_block": null, "wheelchair_toilet": null}}, {"type": "Feature", "geometry": {"type": "Point", "coordinates": [139.8026145, 35.69013029]}, "properties": {"name": "中和小学校", "ward": "墨田区", "address": "墨田区菊川1-18-10", "elevator_or_1f": true, "slope": null, "braille_block": null, "wheelchair_toilet": null}}, {"type": "Feature", "geometry": {"type": "Point", "coordinates": [139.807652, 35.69164325]}, "properties": {"name": "菊川小学校", "ward": "墨田区", "address": "墨田区立川4-12-15", "elevator_or_1f": null, "slope": null, "braille_block": null, "wheelchair_toilet": null}}, {"type": "Feature", "geometry": {"type": "Point", "coordinates": [139.8113824, 35.69843859]}, "properties": {"name": "錦糸小学校", "ward": "墨田区", "address": "墨田区錦糸1-9-12", "elevator_or_1f": true, "slope": null, "braille_block": null, "wheelchair_toilet": null}}, {"type": "Feature", "geometry": {"type": "Point", "coordinates": [139.8174877, 35.70328221]}, "properties": {"name": "柳島小学校", "ward": "墨田区", "address": "墨田区横川5-2-30", "elevator_or_1f": true, "slope": null, "braille_block": null, "wheelchair_toilet": null}}, {"type": "Feature", "geometry": {"type": "Point", "coordinates": [139.8114901, 35.70650668]}, "properties": {"name": "業平小学校", "ward": "墨田区", "address": "墨田区業平2-4-8", "elevator_or_1f": null, "slope": null, "braille_block": null, "wheelchair_toilet": null}}, {"type": "Feature", "geometry": {"type": "Point", "coordinates": [139.8113926, 35.7187663]}, "properties": {"name": "言問小学校", "ward": "墨田区", "address": "墨田区向島5-40-14", "elevator_or_1f": true, "slope": null, "braille_block": null, "wheelchair_toilet": null}}, {"type": "Feature", "geometry": {"type": "Point", "coordinates": [139.8114168, 35.7152247]}, "properties": {"name": "墨田中学校", "ward": "墨田区", "address": "墨田区向島4-25-22", "elevator_or_1f": null, "slope": null, "braille_block": null, "wheelchair_toilet": null}}, {"type": "Feature", "geometry": {"type": "Point", "coordinates": [139.8059103, 35.71444464]}, "properties": {"name": "小梅小学校", "ward": "墨田区", "address": "墨田区向島2-4-10", "elevator_or_1f": null, "slope": null, "braille_block": null, "wheelchair_toilet": null}}, {"type": "Feature", "geometry": {"type": "Point", "coordinates": [139.8028919, 35.70531759]}, "properties": {"name": "本所中学校", "ward": "墨田区", "address": "墨田区東駒形3-1-10", "elevator_or_1f": null, "slope": null, "braille_block": null, "wheelchair_toilet": null}}, {"type": "Feature", "geometry": {"type": "Point", "coordinates": [139.8059316, 35.70693549]}, "properties": {"name": "横川小学校", "ward": "墨田区", "address": "墨田区東駒形4-18-4", "elevator_or_1f": true, "slope": null, "braille_block": null, "wheelchair_toilet": null}}, {"type": "Feature", "geometry": {"type": "Point", "coordinates": [139.8005882, 35.70250284]}, "properties": {"name": "外手小学校", "ward": "墨田区", "address": "墨田区本所2-1-16", "elevator_or_1f": true, "slope": null, "braille_block": null, "wheelchair_toilet": null}}, {"type": "Feature", "geometry": {"type": "Point", "coordinates": [139.7962307, 35.69778325]}, "properties": {"name": "両国中学校", "ward": "墨田区", "address": "墨田区横網1-8-1", "elevator_or_1f": true, "slope": null, "braille_block": null, "wheelchair_toilet": null}}, {"type": "Feature", "geometry": {"type": "Point", "coordinates": [139.8003853, 35.69934219]}, "properties": {"name": "二葉小学校", "ward": "墨田区", "address": "墨田区石原2-1-5", "elevator_or_1f": true, "slope": null, "braille_block": null, "wheelchair_toilet": null}}, {"type": "Feature", "geometry": {"type": "Point", "coordinates": [139.8069267, 35.70143613]}, "properties": {"name": "錦糸中学校", "ward": "墨田区", "address": "墨田区石原4-33-14", "elevator_or_1f": true, "slope": null, "braille_block": null, "wheelchair_toilet": null}}, {"type": "Feature", "geometry": {"type": "Point", "coordinates": [139.805662, 35.69673663]}, "properties": {"name": "竪川中学校", "ward": "墨田区", "address": "墨田区亀沢4-11-15", "elevator_or_1f": true, "slope": null, "braille_block": null, "wheelchair_toilet": null}}, {"type": "Feature", "geometry": {"type": "Point", "coordinates": [139.8293596, 35.70664715]}, "properties": {"name": "立花吾嬬の森小学校", "ward": "墨田区", "address": "墨田区立花1-18-6", "elevator_or_1f": true, "slope": null, "braille_block": null, "wheelchair_toilet": null}}, {"type": "Feature", "geometry": {"type": "Point", "coordinates": [139.8320633, 35.70851901]}, "properties": {"name": "東吾嬬小学校", "ward": "墨田区", "address": "墨田区立花4-22-11", "elevator_or_1f": true, "slope": null, "braille_block": null, "wheelchair_toilet": null}}, {"type": "Feature", "geometry": {"type": "Point", "coordinates": [139.832051, 35.71277]}, "properties": {"name": "吾嬬立花中学校", "ward": "墨田区", "address": "墨田区立花5-48-2", "elevator_or_1f": true, "slope": null, "braille_block": null, "wheelchair_toilet": null}}, {"type": "Feature", "geometry": {"type": "Point", "coordinates": [139.8314741, 35.71348744]}, "properties": {"name": "中川小学校", "ward": "墨田区", "address": "墨田区立花5-49-4", "elevator_or_1f": null, "slope": null, "braille_block": null, "wheelchair_toilet": null}}, {"type": "Feature", "geometry": {"type": "Point", "coordinates": [139.8293109, 35.72347426]}, "properties": {"name": "八広地域プラザ", "ward": "墨田区", "address": "墨田区八広4-35-17", "elevator_or_1f": true, "slope": null, "braille_block": null, "wheelchair_toilet": null}}, {"type": "Feature", "geometry": {"type": "Point", "coordinates": [139.826251, 35.72715376]}, "properties": {"name": "八広小学校", "ward": "墨田区", "address": "墨田区八広5-12-15", "elevator_or_1f": true, "slope": null, "braille_block": null, "wheelchair_toilet": null}}, {"type": "Feature", "geometry": {"type": "Point", "coordinates": [139.8272801, 35.72186338]}, "properties": {"name": "吾嬬第二中学校", "ward": "墨田区", "address": "墨田区八広4-4-4", "elevator_or_1f": null, "slope": null, "braille_block": null, "wheelchair_toilet": null}}, {"type": "Feature", "geometry": {"type": "Point", "coordinates": [139.8230896, 35.72017546]}, "properties": {"name": "寺島中学校", "ward": "墨田区", "address": "墨田区八広1-17-15", "elevator_or_1f": null, "slope": null, "braille_block": null, "wheelchair_toilet": null}}, {"type": "Feature", "geometry": {"type": "Point", "coordinates": [139.8278763, 35.71716293]}, "properties": {"name": "第三吾嬬小学校", "ward": "墨田区", "address": "墨田区八広2-36-3", "elevator_or_1f": true, "slope": null, "braille_block": null, "wheelchair_toilet": null}}, {"type": "Feature", "geometry": {"type": "Point", "coordinates": [139.8252317, 35.71345327]}, "properties": {"name": "第四吾嬬小学校", "ward": "墨田区", "address": "墨田区京島3-64-9", "elevator_or_1f": true, "slope": null, "braille_block": null, "wheelchair_toilet": null}}, {"type": "Feature", "geometry": {"type": "Point", "coordinates": [139.8212439, 35.71650782]}, "properties": {"name": "曳舟小学校", "ward": "墨田区", "address": "墨田区京島1-28-2", "elevator_or_1f": null, "slope": null, "braille_block": null, "wheelchair_toilet": null}}, {"type": "Feature", "geometry": {"type": "Point", "coordinates": [139.822286, 35.71022556]}, "properties": {"name": "文花中学校", "ward": "墨田区", "address": "墨田区文花1-22-7", "elevator_or_1f": true, "slope": null, "braille_block": null, "wheelchair_toilet": null}}, {"type": "Feature", "geometry": {"type": "Point", "coordinates": [139.8195932, 35.71211027]}, "properties": {"name": "押上小学校", "ward": "墨田区", "address": "墨田区押上3-46-17", "elevator_or_1f": true, "slope": null, "braille_block": null, "wheelchair_toilet": null}}, {"type": "Feature", "geometry": {"type": "Point", "coordinates": [139.8145522, 35.72163207]}, "properties": {"name": "第一寺島小学校", "ward": "墨田区", "address": "墨田区東向島1-16-2", "elevator_or_1f": true, "slope": null, "braille_block": null, "wheelchair_toilet": null}}, {"type": "Feature", "geometry": {"type": "Point", "coordinates": [139.8203987, 35.72139925]}, "properties": {"name": "第三寺島小学校", "ward": "墨田区", "address": "墨田区東向島6-8-1", "elevator_or_1f": true, "slope": null, "braille_block": null, "wheelchair_toilet": null}}, {"type": "Feature", "geometry": {"type": "Point", "coordinates": [139.8189168, 35.7241279]}, "properties": {"name": "第二寺島小学校", "ward": "墨田区", "address": "墨田区東向島4-30-2", "elevator_or_1f": true, "slope": null, "braille_block": null, "wheelchair_toilet": null}}, {"type": "Feature", "geometry": {"type": "Point", "coordinates": [139.8154798, 35.73036611]}, "properties": {"name": "梅若小学校", "ward": "墨田区", "address": "墨田区墨田2-25-1", "elevator_or_1f": true, "slope": null, "braille_block": null, "wheelchair_toilet": null}}, {"type": "Feature", "geometry": {"type": "Point", "coordinates": [139.8218431, 35.73411386]}, "properties": {"name": "隅田小学校", "ward": "墨田区", "address": "墨田区墨田4-6-5", "elevator_or_1f": true, "slope": null, "braille_block": null, "wheelchair_toilet": null}}, {"type": "Feature", "geometry": {"type": "Point", "coordinates": [139.8114272, 35.73002604]}, "properties": {"name": "桜堤中学校", "ward": "墨田区", "address": "墨田区堤通2-19-1", "elevator_or_1f": true, "slope": null, "braille_block": null, "wheelchair_toilet": null}}, {"type": "Feature", "geometry": {"type": "Point", "coordinates": [139.81695235, 35.73833973]}, "properties": {"name": "墨田区総合運動場", "ward": "墨田区", "address": "墨田区堤通2-11-1", "elevator_or_1f": true, "slope": true, "braille_block": true, "wheelchair_toilet": true}}, {"type": "Feature", "geometry": {"type": "Point", "coordinates": [139.7986623, 35.67845749]}, "properties": {"name": "深川老人福祉センター 平野児童館", "ward": "江東区", "address": "江東区平野1-2-3", "elevator_or_1f": true, "slope": null, "braille_block": null, "wheelchair_toilet": null}}, {"type": "Feature", "geometry": {"type": "Point", "coordinates": [139.7946819, 35.6692623]}, "properties": {"name": "古石場福祉会館 古石場児童館", "ward": "江東区", "address": "江東区古石場1-11-11", "elevator_or_1f": true, "slope": null, "braille_block": null, "wheelchair_toilet": null}}, {"type": "Feature", "geometry": {"type": "Point", "coordinates": [139.803429, 35.649148]}, "properties": {"name": "江東区児童・高齢者総合施設 （グランチャ東雲）", "ward": "江東区", "address": "江東区東雲1-9-46", "elevator_or_1f": true, "slope": null, "braille_block": null, "wheelchair_toilet": null}}, {"type": "Feature", "geometry": {"type": "Point", "coordinates": [139.8165447, 35.68101069]}, "properties": {"name": "千田福祉会館 千田児童館", "ward": "江東区", "address": "江東区千田21-18", "elevator_or_1f": true, "slope": null, "braille_block": true, "wheelchair_toilet": null}}, {"type": "Feature", "geometry": {"type": "Point", "coordinates": [139.813749, 35.667457]}, "properties": {"name": "南陽幼稚園", "ward": "江東区", "address": "江東区東陽2-1-14", "elevator_or_1f": true, "slope": null, "braille_block": null, "wheelchair_toilet": null}}, {"type": "Feature", "geometry": {"type": "Point", "coordinates": [139.8171332, 35.66719525]}, "properties": {"name": "教育センター 東陽図書館", "ward": "江東区", "address": "江東区東陽2-3-6", "elevator_or_1f": true, "slope": null, "braille_block": true, "wheelchair_toilet": null}}, {"type": "Feature", "geometry": {"type": "Point", "coordinates": [139.8085689, 35.66858387]}, "properties": {"name": "東陽区民館 東陽子ども家庭支援センター", "ward": "江東区", "address": "江東区東陽3-1-2", "elevator_or_1f": true, "slope": null, "braille_block": null, "wheelchair_toilet": null}}, {"type": "Feature", "geometry": {"type": "Point", "coordinates": [139.8241505, 35.69469235]}, "properties": {"name": "亀戸福祉会館 亀戸第二児童館", "ward": "江東区", "address": "江東区亀戸1-24-6", "elevator_or_1f": true, "slope": null, "braille_block": true, "wheelchair_toilet": null}}, {"type": "Feature", "geometry": {"type": "Point", "coordinates": [139.8373833, 35.69675148]}, "properties": {"name": "青少年交流プラザ 亀戸第二保育園", "ward": "江東区", "address": "江東区亀戸7-41-16", "elevator_or_1f": true, "slope": null, "braille_block": true, "wheelchair_toilet": null}}, {"type": "Feature", "geometry": {"type": "Point", "coordinates": [139.8393311, 35.69695151]}, "properties": {"name": "亀戸図書館 亀戸第三児童館", "ward": "江東区", "address": "江東区亀戸7-39-9", "elevator_or_1f": true, "slope": null, "braille_block": true, "wheelchair_toilet": null}}, {"type": "Feature", "geometry": {"type": "Point", "coordinates": [139.837922, 35.687036]}, "properties": {"name": "旧大島南小学校（大島仮校舎）", "ward": "江東区", "address": "江東区大島5-52-15", "elevator_or_1f": null, "slope": null, "braille_block": null, "wheelchair_toilet": null}}, {"type": "Feature", "geometry": {"type": "Point", "coordinates": [139.823704, 35.684167]}, "properties": {"name": "小名木川保育園", "ward": "江東区", "address": "江東区北砂1-3-30", "elevator_or_1f": true, "slope": null, "braille_block": true, "wheelchair_toilet": null}}, {"type": "Feature", "geometry": {"type": "Point", "coordinates": [139.8319724, 35.68043517]}, "properties": {"name": "砂町文化センター 砂町図書館", "ward": "江東区", "address": "江東区北砂5-1-7", "elevator_or_1f": true, "slope": null, "braille_block": true, "wheelchair_toilet": null}}, {"type": "Feature", "geometry": {"type": "Point", "coordinates": [139.839719, 35.67450804]}, "properties": {"name": "東砂福祉会館 東砂児童館", "ward": "江東区", "address": "江東区東砂7-15-3", "elevator_or_1f": true, "slope": null, "braille_block": null, "wheelchair_toilet": null}}, {"type": "Feature", "geometry": {"type": "Point", "coordinates": [139.8201024, 35.7066629]}, "properties": {"name": "パークサイド亀島", "ward": "江東区", "address": "江東区亀戸3-36-13", "elevator_or_1f": true, "slope": null, "braille_block": null, "wheelchair_toilet": null}}, {"type": "Feature", "geometry": {"type": "Point", "coordinates": [139.7982495, 35.67603275]}, "properties": {"name": "明治小学校", "ward": "江東区", "address": "江東区深川2-17-26", "elevator_or_1f": true, "slope": null, "braille_block": true, "wheelchair_toilet": null}}, {"type": "Feature", "geometry": {"type": "Point", "coordinates": [139.7995009, 35.68604766]}, "properties": {"name": "深川小学校", "ward": "江東区", "address": "江東区高橋14-10", "elevator_or_1f": null, "slope": null, "braille_block": null, "wheelchair_toilet": null}}, {"type": "Feature", "geometry": {"type": "Point", "coordinates": [139.7953773, 35.68698145]}, "properties": {"name": "八名川小学校", "ward": "江東区", "address": "江東区新大橋3-1-15", "elevator_or_1f": null, "slope": null, "braille_block": null, "wheelchair_toilet": null}}, {"type": "Feature", "geometry": {"type": "Point", "coordinates": [139.792979, 35.67251501]}, "properties": {"name": "臨海小学校", "ward": "江東区", "address": "江東区門前仲町1-1-6", "elevator_or_1f": true, "slope": null, "braille_block": true, "wheelchair_toilet": null}}, {"type": "Feature", "geometry": {"type": "Point", "coordinates": [139.79618, 35.66602382]}, "properties": {"name": "越中島小学校", "ward": "江東区", "address": "江東区越中島3-6-38", "elevator_or_1f": null, "slope": null, "braille_block": null, "wheelchair_toilet": null}}, {"type": "Feature", "geometry": {"type": "Point", "coordinates": [139.7997675, 35.67255418]}, "properties": {"name": "数矢小学校", "ward": "江東区", "address": "江東区富岡1-18-7", "elevator_or_1f": null, "slope": null, "braille_block": null, "wheelchair_toilet": null}}, {"type": "Feature", "geometry": {"type": "Point", "coordinates": [139.8022084, 35.66803876]}, "properties": {"name": "平久小学校（平久幼稚園）", "ward": "江東区", "address": "江東区木場1-2-2", "elevator_or_1f": true, "slope": null, "braille_block": true, "wheelchair_toilet": null}}, {"type": "Feature", "geometry": {"type": "Point", "coordinates": [139.8154602, 35.67066182]}, "properties": {"name": "東陽小学校", "ward": "江東区", "address": "江東区東陽3-27-12", "elevator_or_1f": true, "slope": null, "braille_block": null, "wheelchair_toilet": null}}, {"type": "Feature", "geometry": {"type": "Point", "coordinates": [139.8140354, 35.66845503]}, "properties": {"name": "南陽小学校", "ward": "江東区", "address": "江東区東陽2-1-20", "elevator_or_1f": true, "slope": null, "braille_block": true, "wheelchair_toilet": null}}, {"type": "Feature", "geometry": {"type": "Point", "coordinates": [139.8168237, 35.67972484]}, "properties": {"name": "川南小学校（川南幼稚園）", "ward": "江東区", "address": "江東区千石2-9-12", "elevator_or_1f": true, "slope": null, "braille_block": true, "wheelchair_toilet": null}}, {"type": "Feature", "geometry": {"type": "Point", "coordinates": [139.8117161, 35.68124853]}, "properties": {"name": "扇橋小学校", "ward": "江東区", "address": "江東区石島18-5", "elevator_or_1f": true, "slope": null, "braille_block": true, "wheelchair_toilet": null}}, {"type": "Feature", "geometry": {"type": "Point", "coordinates": [139.8085803, 35.68225533]}, "properties": {"name": "元加賀小学校", "ward": "江東区", "address": "江東区白河4-3-19", "elevator_or_1f": true, "slope": null, "braille_block": true, "wheelchair_toilet": null}}, {"type": "Feature", "geometry": {"type": "Point", "coordinates": [139.816285, 35.691324]}, "properties": {"name": "毛利小学校", "ward": "江東区", "address": "江東区毛利2-2-2", "elevator_or_1f": null, "slope": null, "braille_block": null, "wheelchair_toilet": null}}, {"type": "Feature", "geometry": {"type": "Point", "coordinates": [139.8123128, 35.68835175]}, "properties": {"name": "東川小学校", "ward": "江東区", "address": "江東区住吉1-12-2", "elevator_or_1f": true, "slope": null, "braille_block": null, "wheelchair_toilet": null}}, {"type": "Feature", "geometry": {"type": "Point", "coordinates": [139.7988763, 35.65396625]}, "properties": {"name": "豊洲小学校（豊洲幼稚園）", "ward": "江東区", "address": "江東区豊洲4-4-4", "elevator_or_1f": true, "slope": null, "braille_block": true, "wheelchair_toilet": null}}, {"type": "Feature", "geometry": {"type": "Point", "coordinates": [139.794971, 35.651236]}, "properties": {"name": "豊洲西小学校", "ward": "江東区", "address": "江東区豊洲5-1-35", "elevator_or_1f": true, "slope": null, "braille_block": true, "wheelchair_toilet": null}}, {"type": "Feature", "geometry": {"type": "Point", "coordinates": [139.7978932, 35.6586027]}, "properties": {"name": "豊洲北小学校", "ward": "江東区", "address": "江東区豊洲3-6-1", "elevator_or_1f": true, "slope": null, "braille_block": true, "wheelchair_toilet": null}}, {"type": "Feature", "geometry": {"type": "Point", "coordinates": [139.7992117, 35.64255454]}, "properties": {"name": "東雲小学校", "ward": "江東区", "address": "江東区東雲2-4-11", "elevator_or_1f": true, "slope": null, "braille_block": true, "wheelchair_toilet": null}}, {"type": "Feature", "geometry": {"type": "Point", "coordinates": [139.796147, 35.640126]}, "properties": {"name": "有明小学校", "ward": "江東区", "address": "江東区有明2-10-1", "elevator_or_1f": true, "slope": null, "braille_block": true, "wheelchair_toilet": null}}, {"type": "Feature", "geometry": {"type": "Point", "coordinates": [139.8099871, 35.65945693]}, "properties": {"name": "枝川小学校", "ward": "江東区", "address": "江東区枝川3-5-3", "elevator_or_1f": true, "slope": null, "braille_block": true, "wheelchair_toilet": null}}, {"type": "Feature", "geometry": {"type": "Point", "coordinates": [139.8099677, 35.64661537]}, "properties": {"name": "辰巳小学校（辰巳幼稚園）", "ward": "江東区", "address": "江東区辰巳1-11-1", "elevator_or_1f": null, "slope": null, "braille_block": null, "wheelchair_toilet": null}}, {"type": "Feature", "geometry": {"type": "Point", "coordinates": [139.8084317, 35.64830714]}, "properties": {"name": "第二辰巳小学校", "ward": "江東区", "address": "江東区辰巳1-1-22", "elevator_or_1f": true, "slope": null, "braille_block": true, "wheelchair_toilet": null}}, {"type": "Feature", "geometry": {"type": "Point", "coordinates": [139.8223685, 35.69867986]}, "properties": {"name": "第一亀戸小学校（第一亀戸幼稚園）", "ward": "江東区", "address": "江東区亀戸2-5-7", "elevator_or_1f": true, "slope": null, "braille_block": true, "wheelchair_toilet": null}}, {"type": "Feature", "geometry": {"type": "Point", "coordinates": [139.830178, 35.69546943]}, "properties": {"name": "第二亀戸小学校（第二亀戸幼稚園）", "ward": "江東区", "address": "江東区亀戸6-36-1", "elevator_or_1f": true, "slope": null, "braille_block": true, "wheelchair_toilet": null}}, {"type": "Feature", "geometry": {"type": "Point", "coordinates": [139.826389, 35.70351442]}, "properties": {"name": "香取小学校", "ward": "江東区", "address": "江東区亀戸4-26-22", "elevator_or_1f": true, "slope": null, "braille_block": true, "wheelchair_toilet": null}}, {"type": "Feature", "geometry": {"type": "Point", "coordinates": [139.8416979, 35.69873837]}, "properties": {"name": "浅間竪川小学校", "ward": "江東区", "address": "江東区亀戸9-22-4", "elevator_or_1f": true, "slope": null, "braille_block": true, "wheelchair_toilet": null}}, {"type": "Feature", "geometry": {"type": "Point", "coordinates": [139.8285139, 35.70013186]}, "properties": {"name": "水神小学校", "ward": "江東区", "address": "江東区亀戸5-22-22", "elevator_or_1f": null, "slope": null, "braille_block": true, "wheelchair_toilet": null}}, {"type": "Feature", "geometry": {"type": "Point", "coordinates": [139.8253936, 35.68972794]}, "properties": {"name": "第一大島小学校", "ward": "江東区", "address": "江東区大島2-41-4", "elevator_or_1f": true, "slope": null, "braille_block": true, "wheelchair_toilet": null}}, {"type": "Feature", "geometry": {"type": "Point", "coordinates": [139.8301342, 35.68957709]}, "properties": {"name": "第二大島小学校", "ward": "江東区", "address": "江東区大島3-16-2", "elevator_or_1f": null, "slope": null, "braille_block": null, "wheelchair_toilet": null}}, {"type": "Feature", "geometry": {"type": "Point", "coordinates": [139.8452528, 35.69258416]}, "properties": {"name": "第三大島小学校", "ward": "江東区", "address": "江東区大島9-5-3", "elevator_or_1f": true, "slope": null, "braille_block": true, "wheelchair_toilet": null}}, {"type": "Feature", "geometry": {"type": "Point", "coordinates": [139.8343528, 35.69121902]}, "properties": {"name": "第四大島小学校", "ward": "江東区", "address": "江東区大島6-7-8", "elevator_or_1f": null, "slope": null, "braille_block": null, "wheelchair_toilet": null}}, {"type": "Feature", "geometry": {"type": "Point", "coordinates": [139.844464, 35.68835561]}, "properties": {"name": "第五大島小学校", "ward": "江東区", "address": "江東区大島8-40-13", "elevator_or_1f": true, "slope": null, "braille_block": true, "wheelchair_toilet": null}}, {"type": "Feature", "geometry": {"type": "Point", "coordinates": [139.8315652, 35.68726939]}, "properties": {"name": "大島南央小学校", "ward": "江東区", "address": "江東区大島4-18-5", "elevator_or_1f": true, "slope": null, "braille_block": true, "wheelchair_toilet": null}}, {"type": "Feature", "geometry": {"type": "Point", "coordinates": [139.8292828, 35.6776644]}, "properties": {"name": "砂町小学校", "ward": "江東区", "address": "江東区北砂4-13-23", "elevator_or_1f": null, "slope": null, "braille_block": null, "wheelchair_toilet": null}}, {"type": "Feature", "geometry": {"type": "Point", "coordinates": [139.8388591, 35.67484798]}, "properties": {"name": "第二砂町小学校", "ward": "江東区", "address": "江東区東砂7-17-30", "elevator_or_1f": true, "slope": null, "braille_block": true, "wheelchair_toilet": null}}, {"type": "Feature", "geometry": {"type": "Point", "coordinates": [139.8332496, 35.67268207]}, "properties": {"name": "第三砂町小学校", "ward": "江東区", "address": "江東区南砂6-3-13", "elevator_or_1f": true, "slope": null, "braille_block": true, "wheelchair_toilet": null}}, {"type": "Feature", "geometry": {"type": "Point", "coordinates": [139.8215555, 35.67463254]}, "properties": {"name": "第四砂町小学校", "ward": "江東区", "address": "江東区南砂2-13-18", "elevator_or_1f": null, "slope": null, "braille_block": null, "wheelchair_toilet": null}}, {"type": "Feature", "geometry": {"type": "Point", "coordinates": [139.8391043, 35.66749581]}, "properties": {"name": "第五砂町小学校", "ward": "江東区", "address": "江東区東砂8-11-5", "elevator_or_1f": true, "slope": null, "braille_block": true, "wheelchair_toilet": null}}, {"type": "Feature", "geometry": {"type": "Point", "coordinates": [139.8385238, 35.68211015]}, "properties": {"name": "第六砂町小学校", "ward": "江東区", "address": "江東区北砂6-26-6", "elevator_or_1f": null, "slope": null, "braille_block": null, "wheelchair_toilet": null}}, {"type": "Feature", "geometry": {"type": "Point", "coordinates": [139.8423006, 35.67889962]}, "properties": {"name": "第七砂町小学校", "ward": "江東区", "address": "江東区東砂3-21-5", "elevator_or_1f": null, "slope": null, "braille_block": null, "wheelchair_toilet": null}}, {"type": "Feature", "geometry": {"type": "Point", "coordinates": [139.8311554, 35.68237692]}, "properties": {"name": "小名木川小学校", "ward": "江東区", "address": "江東区北砂5-22-10", "elevator_or_1f": null, "slope": null, "braille_block": null, "wheelchair_toilet": null}}, {"type": "Feature", "geometry": {"type": "Point", "coordinates": [139.8443343, 35.68334017]}, "properties": {"name": "東砂小学校", "ward": "江東区", "address": "江東区東砂2-12-14", "elevator_or_1f": true, "slope": null, "braille_block": true, "wheelchair_toilet": null}}, {"type": "Feature", "geometry": {"type": "Point", "coordinates": [139.823536, 35.68313363]}, "properties": {"name": "北砂小学校", "ward": "江東区", "address": "江東区北砂1-3-36", "elevator_or_1f": true, "slope": null, "braille_block": true, "wheelchair_toilet": null}}, {"type": "Feature", "geometry": {"type": "Point", "coordinates": [139.8250364, 35.67189794]}, "properties": {"name": "南砂小学校", "ward": "江東区", "address": "江東区南砂2-3-21", "elevator_or_1f": null, "slope": null, "braille_block": null, "wheelchair_toilet": null}}, {"type": "Feature", "geometry": {"type": "Point", "coordinates": [139.8341101, 35.68493272]}, "properties": {"name": "亀高小学校", "ward": "江東区", "address": "江東区北砂5-20-16", "elevator_or_1f": null, "slope": null, "braille_block": null, "wheelchair_toilet": null}}, {"type": "Feature", "geometry": {"type": "Point", "coordinates": [139.8059684, 35.68528492]}, "properties": {"name": "深川第一中学校", "ward": "江東区", "address": "江東区森下4-9-22", "elevator_or_1f": null, "slope": null, "braille_block": null, "wheelchair_toilet": null}}, {"type": "Feature", "geometry": {"type": "Point", "coordinates": [139.8003813, 35.67638877]}, "properties": {"name": "深川第二中学校", "ward": "江東区", "address": "江東区冬木22-10", "elevator_or_1f": null, "slope": null, "braille_block": true, "wheelchair_toilet": null}}, {"type": "Feature", "geometry": {"type": "Point", "coordinates": [139.795866, 35.66671974]}, "properties": {"name": "深川第三中学校", "ward": "江東区", "address": "江東区越中島3-7-1", "elevator_or_1f": true, "slope": null, "braille_block": true, "wheelchair_toilet": null}}, {"type": "Feature", "geometry": {"type": "Point", "coordinates": [139.8124161, 35.6789608]}, "properties": {"name": "深川第四中学校", "ward": "江東区", "address": "江東区千石1-12-12", "elevator_or_1f": null, "slope": null, "braille_block": null, "wheelchair_toilet": null}}, {"type": "Feature", "geometry": {"type": "Point", "coordinates": [139.7996713, 35.65234145]}, "properties": {"name": "深川第五中学校", "ward": "江東区", "address": "江東区豊洲4-11-18", "elevator_or_1f": true, "slope": null, "braille_block": true, "wheelchair_toilet": null}}, {"type": "Feature", "geometry": {"type": "Point", "coordinates": [139.8055637, 35.67888563]}, "properties": {"name": "深川第六中学校", "ward": "江東区", "address": "江東区平野3-6-13", "elevator_or_1f": true, "slope": null, "braille_block": true, "wheelchair_toilet": null}}, {"type": "Feature", "geometry": {"type": "Point", "coordinates": [139.8136215, 35.69127045]}, "properties": {"name": "深川第七中学校", "ward": "江東区", "address": "江東区毛利1-14-1", "elevator_or_1f": null, "slope": null, "braille_block": null, "wheelchair_toilet": null}}, {"type": "Feature", "geometry": {"type": "Point", "coordinates": [139.8121037, 35.66475839]}, "properties": {"name": "深川第八中学校", "ward": "江東区", "address": "江東区塩浜2-21-14", "elevator_or_1f": true, "slope": null, "braille_block": true, "wheelchair_toilet": null}}, {"type": "Feature", "geometry": {"type": "Point", "coordinates": [139.796147, 35.640126]}, "properties": {"name": "有明中学校", "ward": "江東区", "address": "江東区有明2-10-1", "elevator_or_1f": true, "slope": null, "braille_block": true, "wheelchair_toilet": null}}, {"type": "Feature", "geometry": {"type": "Point", "coordinates": [139.8117855, 35.64696038]}, "properties": {"name": "辰巳中学校", "ward": "江東区", "address": "江東区辰巳1-10-57", "elevator_or_1f": null, "slope": null, "braille_block": null, "wheelchair_toilet": null}}, {"type": "Feature", "geometry": {"type": "Point", "coordinates": [139.8141695, 35.66672423]}, "properties": {"name": "東陽中学校", "ward": "江東区", "address": "江東区東陽2-1-8", "elevator_or_1f": null, "slope": null, "braille_block": null, "wheelchair_toilet": null}}, {"type": "Feature", "geometry": {"type": "Point", "coordinates": [139.841902, 35.69527177]}, "properties": {"name": "亀戸中学校", "ward": "江東区", "address": "江東区亀戸9-2-2", "elevator_or_1f": null, "slope": null, "braille_block": null, "wheelchair_toilet": null}}, {"type": "Feature", "geometry": {"type": "Point", "coordinates": [139.8325455, 35.70263869]}, "properties": {"name": "第二亀戸中学校", "ward": "江東区", "address": "江東区亀戸4-51-1", "elevator_or_1f": true, "slope": null, "braille_block": true, "wheelchair_toilet": null}}, {"type": "Feature", "geometry": {"type": "Point", "coordinates": [139.8212397, 35.69504723]}, "properties": {"name": "第三亀戸中学校", "ward": "江東区", "address": "江東区亀戸1-12-10", "elevator_or_1f": true, "slope": null, "braille_block": true, "wheelchair_toilet": null}}, {"type": "Feature", "geometry": {"type": "Point", "coordinates": [139.8396255, 35.6864367]}, "properties": {"name": "大島中学校", "ward": "江東区", "address": "江東区大島8-12-22", "elevator_or_1f": true, "slope": null, "braille_block": true, "wheelchair_toilet": null}}, {"type": "Feature", "geometry": {"type": "Point", "coordinates": [139.831331, 35.69194985]}, "properties": {"name": "第二大島中学校", "ward": "江東区", "address": "江東区大島3-27-18", "elevator_or_1f": null, "slope": null, "braille_block": true, "wheelchair_toilet": null}}, {"type": "Feature", "geometry": {"type": "Point", "coordinates": [139.8274946, 35.68628739]}, "properties": {"name": "大島西中学校", "ward": "江東区", "address": "江東区大島4-1-23", "elevator_or_1f": null, "slope": null, "braille_block": null, "wheelchair_toilet": null}}, {"type": "Feature", "geometry": {"type": "Point", "coordinates": [139.8369528, 35.68525676]}, "properties": {"name": "砂町中学校", "ward": "江東区", "address": "江東区北砂6-16-28", "elevator_or_1f": null, "slope": null, "braille_block": null, "wheelchair_toilet": null}}, {"type": "Feature", "geometry": {"type": "Point", "coordinates": [139.8394613, 35.66833973]}, "properties": {"name": "第二砂町中学校", "ward": "江東区", "address": "江東区東砂8-10-9", "elevator_or_1f": null, "slope": null, "braille_block": null, "wheelchair_toilet": null}}, {"type": "Feature", "geometry": {"type": "Point", "coordinates": [139.830196, 35.67010828]}, "properties": {"name": "第三砂町中学校", "ward": "江東区", "address": "江東区南砂3-10-3", "elevator_or_1f": null, "slope": null, "braille_block": null, "wheelchair_toilet": null}}, {"type": "Feature", "geometry": {"type": "Point", "coordinates": [139.8236874, 35.67328175]}, "properties": {"name": "南砂中学校", "ward": "江東区", "address": "江東区南砂2-3-20", "elevator_or_1f": null, "slope": null, "braille_block": null, "wheelchair_toilet": null}}, {"type": "Feature", "geometry": {"type": "Point", "coordinates": [139.8318543, 35.68471168]}, "properties": {"name": "第四砂町中学校", "ward": "江東区", "address": "江東区北砂5-20-17", "elevator_or_1f": null, "slope": null, "braille_block": true, "wheelchair_toilet": null}}, {"type": "Feature", "geometry": {"type": "Point", "coordinates": [139.8215984, 35.67795816]}, "properties": {"name": "第二南砂中学校", "ward": "江東区", "address": "江東区南砂1-2-18", "elevator_or_1f": null, "slope": null, "braille_block": null, "wheelchair_toilet": null}}, {"type": "Feature", "geometry": {"type": "Point", "coordinates": [139.8068674, 35.68530094]}, "properties": {"name": "墨田工業高等学校", "ward": "江東区", "address": "江東区森下5-1-7", "elevator_or_1f": null, "slope": null, "braille_block": null, "wheelchair_toilet": null}}, {"type": "Feature", "geometry": {"type": "Point", "coordinates": [139.7958342, 35.66280417]}, "properties": {"name": "第三商業高等学校", "ward": "江東区", "address": "江東区越中島3-3-1", "elevator_or_1f": true, "slope": null, "braille_block": null, "wheelchair_toilet": null}}, {"type": "Feature", "geometry": {"type": "Point", "coordinates": [139.8179787, 35.67928592]}, "properties": {"name": "大江戸高等学校", "ward": "江東区", "address": "江東区千石3-2-11", "elevator_or_1f": true, "slope": null, "braille_block": null, "wheelchair_toilet": null}}, {"type": "Feature", "geometry": {"type": "Point", "coordinates": [139.8155912, 35.67102178]}, "properties": {"name": "深川高等学校", "ward": "江東区", "address": "江東区東陽5-32-19", "elevator_or_1f": true, "slope": null, "braille_block": null, "wheelchair_toilet": null}}, {"type": "Feature", "geometry": {"type": "Point", "coordinates": [139.8315276, 35.70250367]}, "properties": {"name": "江東商業高等学校", "ward": "江東区", "address": "江東区亀戸4-50-1", "elevator_or_1f": true, "slope": null, "braille_block": null, "wheelchair_toilet": null}}, {"type": "Feature", "geometry": {"type": "Point", "coordinates": [139.8292741, 35.6928147]}, "properties": {"name": "城東高等学校", "ward": "江東区", "address": "江東区大島3-22-1", "elevator_or_1f": true, "slope": null, "braille_block": null, "wheelchair_toilet": null}}, {"type": "Feature", "geometry": {"type": "Point", "coordinates": [139.821416, 35.68704914]}, "properties": {"name": "科学技術高等学校", "ward": "江東区", "address": "江東区大島1-2-31", "elevator_or_1f": true, "slope": null, "braille_block": null, "wheelchair_toilet": null}}, {"type": "Feature", "geometry": {"type": "Point", "coordinates": [139.8369033, 35.67376605]}, "properties": {"name": "東高等学校", "ward": "江東区", "address": "江東区東砂7-19-24", "elevator_or_1f": true, "slope": null, "braille_block": null, "wheelchair_toilet": null}}, {"type": "Feature", "geometry": {"type": "Point", "coordinates": [139.7967195, 35.67915536]}, "properties": {"name": "深川図書館", "ward": "江東区", "address": "江東区清澄3-3-39", "elevator_or_1f": true, "slope": null, "braille_block": null, "wheelchair_toilet": null}}, {"type": "Feature", "geometry": {"type": "Point", "coordinates": [139.8029417, 35.68589377]}, "properties": {"name": "森下児童館", "ward": "江東区", "address": "江東区森下3-14-6", "elevator_or_1f": true, "slope": null, "braille_block": true, "wheelchair_toilet": null}}, {"type": "Feature", "geometry": {"type": "Point", "coordinates": [139.8021428, 35.68515283]}, "properties": {"name": "森下文化センター", "ward": "江東区", "address": "江東区森下3-12-17", "elevator_or_1f": true, "slope": null, "braille_block": true, "wheelchair_toilet": null}}, {"type": "Feature", "geometry": {"type": "Point", "coordinates": [139.8031216, 35.68607975]}, "properties": {"name": "森下保育園", "ward": "江東区", "address": "江東区森下3-14-6", "elevator_or_1f": true, "slope": null, "braille_block": true, "wheelchair_toilet": null}}, {"type": "Feature", "geometry": {"type": "Point", "coordinates": [139.799695, 35.68318399]}, "properties": {"name": "白河保育園", "ward": "江東区", "address": "江東区白河1-7-1", "elevator_or_1f": null, "slope": null, "braille_block": null, "wheelchair_toilet": null}}, {"type": "Feature", "geometry": {"type": "Point", "coordinates": [139.800204, 35.68341298]}, "properties": {"name": "白河かもめ保育園", "ward": "江東区", "address": "江東区白河1-5-1-101", "elevator_or_1f": null, "slope": null, "braille_block": null, "wheelchair_toilet": null}}, {"type": "Feature", "geometry": {"type": "Point", "coordinates": [139.799104, 35.68605065]}, "properties": {"name": "深川北子ども家庭支援センター", "ward": "江東区", "address": "江東区高橋14-6", "elevator_or_1f": true, "slope": null, "braille_block": true, "wheelchair_toilet": null}}, {"type": "Feature", "geometry": {"type": "Point", "coordinates": [139.8075994, 35.68274825]}, "properties": {"name": "元加賀幼稚園", "ward": "江東区", "address": "江東区白河4-9-17", "elevator_or_1f": true, "slope": null, "braille_block": null, "wheelchair_toilet": null}}, {"type": "Feature", "geometry": {"type": "Point", "coordinates": [139.8051068, 35.67689284]}, "properties": {"name": "深川北スポーツセンター", "ward": "江東区", "address": "江東区平野3-2-20", "elevator_or_1f": true, "slope": null, "braille_block": true, "wheelchair_toilet": null}}, {"type": "Feature", "geometry": {"type": "Point", "coordinates": [139.7963816, 35.67727056]}, "properties": {"name": "深川一丁目保育園", "ward": "江東区", "address": "江東区深川1-6-15-101", "elevator_or_1f": true, "slope": null, "braille_block": null, "wheelchair_toilet": null}}, {"type": "Feature", "geometry": {"type": "Point", "coordinates": [139.7998247, 35.6671138]}, "properties": {"name": "古石場保育園", "ward": "江東区", "address": "江東区古石場2-14-1-102", "elevator_or_1f": null, "slope": null, "braille_block": null, "wheelchair_toilet": null}}, {"type": "Feature", "geometry": {"type": "Point", "coordinates": [139.794864, 35.66920843]}, "properties": {"name": "ちどり幼稚園", "ward": "江東区", "address": "江東区古石場1-11-11", "elevator_or_1f": true, "slope": null, "braille_block": null, "wheelchair_toilet": null}}, {"type": "Feature", "geometry": {"type": "Point", "coordinates": [139.7990548, 35.6668868]}, "properties": {"name": "古石場文化センター", "ward": "江東区", "address": "江東区古石場2-13-2", "elevator_or_1f": true, "slope": null, "braille_block": true, "wheelchair_toilet": null}}, {"type": "Feature", "geometry": {"type": "Point", "coordinates": [139.7911764, 35.66815745]}, "properties": {"name": "東京海洋大学（越中島キャンパス）", "ward": "江東区", "address": "江東区越中島2-1-6", "elevator_or_1f": true, "slope": null, "braille_block": null, "wheelchair_toilet": null}}, {"type": "Feature", "geometry": {"type": "Point", "coordinates": [139.7914413, 35.67033721]}, "properties": {"name": "深川スポーツセンター", "ward": "江東区", "address": "江東区越中島1-2-18", "elevator_or_1f": true, "slope": null, "braille_block": true, "wheelchair_toilet": null}}, {"type": "Feature", "geometry": {"type": "Point", "coordinates": [139.8103161, 35.65849105]}, "properties": {"name": "枝川区民館", "ward": "江東区", "address": "江東区枝川3-6-16", "elevator_or_1f": true, "slope": null, "braille_block": true, "wheelchair_toilet": null}}, {"type": "Feature", "geometry": {"type": "Point", "coordinates": [139.802825, 35.653885]}, "properties": {"name": "豊洲児童館", "ward": "江東区", "address": "江東区豊洲4-10-4-111", "elevator_or_1f": true, "slope": null, "braille_block": null, "wheelchair_toilet": null}}, {"type": "Feature", "geometry": {"type": "Point", "coordinates": [139.7992407, 35.64335345]}, "properties": {"name": "東雲児童館", "ward": "江東区", "address": "江東区東雲2-4-4-102", "elevator_or_1f": true, "slope": null, "braille_block": null, "wheelchair_toilet": null}}, {"type": "Feature", "geometry": {"type": "Point", "coordinates": [139.8089657, 35.64752424]}, "properties": {"name": "辰巳児童館", "ward": "江東区", "address": "江東区辰巳1-1-36", "elevator_or_1f": true, "slope": null, "braille_block": true, "wheelchair_toilet": null}}, {"type": "Feature", "geometry": {"type": "Point", "coordinates": [139.801195, 35.663759]}, "properties": {"name": "塩浜保育園", "ward": "江東区", "address": "江東区塩浜1-3-10", "elevator_or_1f": null, "slope": null, "braille_block": null, "wheelchair_toilet": null}}, {"type": "Feature", "geometry": {"type": "Point", "coordinates": [139.8086282, 35.66095373]}, "properties": {"name": "塩崎保育園", "ward": "江東区", "address": "江東区塩浜2-6-3", "elevator_or_1f": true, "slope": null, "braille_block": true, "wheelchair_toilet": null}}, {"type": "Feature", "geometry": {"type": "Point", "coordinates": [139.8002375, 35.6449443]}, "properties": {"name": "東雲保育園", "ward": "江東区", "address": "江東区東雲1-8-5-101", "elevator_or_1f": true, "slope": null, "braille_block": null, "wheelchair_toilet": null}}, {"type": "Feature", "geometry": {"type": "Point", "coordinates": [139.7992407, 35.64335345]}, "properties": {"name": "東雲第二保育園", "ward": "江東区", "address": "江東区東雲2-4-4-103", "elevator_or_1f": true, "slope": null, "braille_block": null, "wheelchair_toilet": null}}, {"type": "Feature", "geometry": {"type": "Point", "coordinates": [139.8107125, 35.64897213]}, "properties": {"name": "辰巳第二保育園", "ward": "江東区", "address": "江東区辰巳1-10-65-101", "elevator_or_1f": null, "slope": null, "braille_block": null, "wheelchair_toilet": null}}, {"type": "Feature", "geometry": {"type": "Point", "coordinates": [139.8113875, 35.64821423]}, "properties": {"name": "辰巳第三保育園", "ward": "江東区", "address": "江東区辰巳1-10-81-101", "elevator_or_1f": null, "slope": null, "braille_block": null, "wheelchair_toilet": null}}, {"type": "Feature", "geometry": {"type": "Point", "coordinates": [139.8147159, 35.65600645]}, "properties": {"name": "潮見保育園", "ward": "江東区", "address": "江東区潮見1-29-15-101", "elevator_or_1f": true, "slope": null, "braille_block": null, "wheelchair_toilet": null}}, {"type": "Feature", "geometry": {"type": "Point", "coordinates": [139.7994302, 35.65473418]}, "properties": {"name": "豊洲保育園", "ward": "江東区", "address": "江東区豊洲4-5-6-101", "elevator_or_1f": true, "slope": null, "braille_block": null, "wheelchair_toilet": null}}, {"type": "Feature", "geometry": {"type": "Point", "coordinates": [139.8086492, 35.65947289]}, "properties": {"name": "枝川幼稚園", "ward": "江東区", "address": "江東区枝川3-4-1-101", "elevator_or_1f": true, "slope": null, "braille_block": null, "wheelchair_toilet": null}}, {"type": "Feature", "geometry": {"type": "Point", "coordinates": [139.7978009, 35.64219154]}, "properties": {"name": "ひばり幼稚園", "ward": "江東区", "address": "江東区東雲2-4-1-103", "elevator_or_1f": true, "slope": null, "braille_block": null, "wheelchair_toilet": null}}, {"type": "Feature", "geometry": {"type": "Point", "coordinates": [139.7961805, 35.65367721]}, "properties": {"name": "豊洲子ども家庭支援センター", "ward": "江東区", "address": "江東区豊洲5-5-1-201", "elevator_or_1f": true, "slope": null, "braille_block": true, "wheelchair_toilet": null}}, {"type": "Feature", "geometry": {"type": "Point", "coordinates": [139.795365, 35.654267]}, "properties": {"name": "豊洲シビックセンター", "ward": "江東区", "address": "江東区豊洲2-2-18", "elevator_or_1f": true, "slope": null, "braille_block": true, "wheelchair_toilet": null}}, {"type": "Feature", "geometry": {"type": "Point", "coordinates": [139.7837914, 35.63317118]}, "properties": {"name": "有明スポーツセンター", "ward": "江東区", "address": "江東区有明2-3-5", "elevator_or_1f": true, "slope": null, "braille_block": true, "wheelchair_toilet": null}}, {"type": "Feature", "geometry": {"type": "Point", "coordinates": [139.811927, 35.6551]}, "properties": {"name": "環境学習情報館（えこっくる江東）", "ward": "江東区", "address": "江東区潮見1-29-7", "elevator_or_1f": true, "slope": null, "braille_block": true, "wheelchair_toilet": null}}, {"type": "Feature", "geometry": {"type": "Point", "coordinates": [139.8195072, 35.68844293]}, "properties": {"name": "江東公会堂（ティアラこうとう）", "ward": "江東区", "address": "江東区住吉2-28-36", "elevator_or_1f": true, "slope": null, "braille_block": true, "wheelchair_toilet": null}}, {"type": "Feature", "geometry": {"type": "Point", "coordinates": [139.8135378, 35.68541911]}, "properties": {"name": "猿江保育園", "ward": "江東区", "address": "江東区猿江1-8-10", "elevator_or_1f": null, "slope": null, "braille_block": null, "wheelchair_toilet": null}}, {"type": "Feature", "geometry": {"type": "Point", "coordinates": [139.8165083, 35.69075559]}, "properties": {"name": "毛利保育園", "ward": "江東区", "address": "江東区毛利2-1-14", "elevator_or_1f": null, "slope": null, "braille_block": null, "wheelchair_toilet": null}}, {"type": "Feature", "geometry": {"type": "Point", "coordinates": [139.816532, 35.680564]}, "properties": {"name": "千田保育園", "ward": "江東区", "address": "江東区千田22-8", "elevator_or_1f": true, "slope": null, "braille_block": true, "wheelchair_toilet": null}}, {"type": "Feature", "geometry": {"type": "Point", "coordinates": [139.8189814, 35.68434938]}, "properties": {"name": "つばめ幼稚園", "ward": "江東区", "address": "江東区扇橋3-20-13-101", "elevator_or_1f": true, "slope": null, "braille_block": null, "wheelchair_toilet": null}}, {"type": "Feature", "geometry": {"type": "Point", "coordinates": [139.8202173, 35.68409344]}, "properties": {"name": "男女共同参画推進センター", "ward": "江東区", "address": "江東区扇橋3-22-2", "elevator_or_1f": true, "slope": null, "braille_block": true, "wheelchair_toilet": null}}, {"type": "Feature", "geometry": {"type": "Point", "coordinates": [139.811805, 35.671375]}, "properties": {"name": "東陽児童館", "ward": "江東区", "address": "江東区東陽5-16-13", "elevator_or_1f": true, "slope": null, "braille_block": true, "wheelchair_toilet": null}}, {"type": "Feature", "geometry": {"type": "Point", "coordinates": [139.8124253, 35.67470028]}, "properties": {"name": "東陽福祉会館", "ward": "江東区", "address": "江東区東陽6-2-17", "elevator_or_1f": true, "slope": null, "braille_block": null, "wheelchair_toilet": null}}, {"type": "Feature", "geometry": {"type": "Point", "coordinates": [139.8137204, 35.66919594]}, "properties": {"name": "東陽保育園", "ward": "江東区", "address": "江東区東陽3-22-1-101", "elevator_or_1f": null, "slope": null, "braille_block": null, "wheelchair_toilet": null}}, {"type": "Feature", "geometry": {"type": "Point", "coordinates": [139.8184139, 35.67234671]}, "properties": {"name": "江東区文化センター", "ward": "江東区", "address": "江東区東陽4-11-3", "elevator_or_1f": true, "slope": null, "braille_block": true, "wheelchair_toilet": null}}, {"type": "Feature", "geometry": {"type": "Point", "coordinates": [139.8215986, 35.69780793]}, "properties": {"name": "亀戸児童館", "ward": "江東区", "address": "江東区亀戸2-1-19", "elevator_or_1f": true, "slope": null, "braille_block": true, "wheelchair_toilet": null}}, {"type": "Feature", "geometry": {"type": "Point", "coordinates": [139.8324567, 35.69651037]}, "properties": {"name": "亀戸保育園", "ward": "江東区", "address": "江東区亀戸6-54-2-101", "elevator_or_1f": null, "slope": null, "braille_block": null, "wheelchair_toilet": null}}, {"type": "Feature", "geometry": {"type": "Point", "coordinates": [139.8243925, 35.69470936]}, "properties": {"name": "亀戸第三保育園", "ward": "江東区", "address": "江東区亀戸1-24-6", "elevator_or_1f": null, "slope": null, "braille_block": null, "wheelchair_toilet": null}}, {"type": "Feature", "geometry": {"type": "Point", "coordinates": [139.826622, 35.70260453]}, "properties": {"name": "亀戸第四保育園", "ward": "江東区", "address": "江東区亀戸4-21-13", "elevator_or_1f": null, "slope": null, "braille_block": null, "wheelchair_toilet": null}}, {"type": "Feature", "geometry": {"type": "Point", "coordinates": [139.8365322, 35.70017307]}, "properties": {"name": "亀戸スポーツセンター", "ward": "江東区", "address": "江東区亀戸8-22-1", "elevator_or_1f": true, "slope": null, "braille_block": true, "wheelchair_toilet": null}}, {"type": "Feature", "geometry": {"type": "Point", "coordinates": [139.8421548, 35.69900135]}, "properties": {"name": "亀戸老人福祉センター", "ward": "江東区", "address": "江東区亀戸9-33-2-101", "elevator_or_1f": true, "slope": null, "braille_block": null, "wheelchair_toilet": null}}, {"type": "Feature", "geometry": {"type": "Point", "coordinates": [139.8245684, 35.69759604]}, "properties": {"name": "亀戸文化センター", "ward": "江東区", "address": "江東区亀戸2-19-1", "elevator_or_1f": true, "slope": null, "braille_block": true, "wheelchair_toilet": null}}, {"type": "Feature", "geometry": {"type": "Point", "coordinates": [139.8269925, 35.68904406]}, "properties": {"name": "総合区民センター", "ward": "江東区", "address": "江東区大島4-5-1", "elevator_or_1f": true, "slope": null, "braille_block": true, "wheelchair_toilet": null}}, {"type": "Feature", "geometry": {"type": "Point", "coordinates": [139.8401632, 35.69343293]}, "properties": {"name": "大島児童館", "ward": "江東区", "address": "江東区大島7-28-1-104", "elevator_or_1f": true, "slope": null, "braille_block": null, "wheelchair_toilet": null}}, {"type": "Feature", "geometry": {"type": "Point", "coordinates": [139.83705424, 35.68701822]}, "properties": {"name": "大島保育園", "ward": "江東区", "address": "江東区大島5-40-4", "elevator_or_1f": true, "slope": null, "braille_block": null, "wheelchair_toilet": null}}, {"type": "Feature", "geometry": {"type": "Point", "coordinates": [139.8302553, 35.68708337]}, "properties": {"name": "大島第二保育園", "ward": "江東区", "address": "江東区大島4-1-6-130", "elevator_or_1f": true, "slope": null, "braille_block": true, "wheelchair_toilet": null}}, {"type": "Feature", "geometry": {"type": "Point", "coordinates": [139.8331928, 35.69279181]}, "properties": {"name": "大島第三保育園", "ward": "江東区", "address": "江東区大島6-1-6-130", "elevator_or_1f": null, "slope": null, "braille_block": null, "wheelchair_toilet": null}}, {"type": "Feature", "geometry": {"type": "Point", "coordinates": [139.8389706, 35.68728058]}, "properties": {"name": "大島第四保育園", "ward": "江東区", "address": "江東区大島8-12-20-101", "elevator_or_1f": null, "slope": null, "braille_block": null, "wheelchair_toilet": null}}, {"type": "Feature", "geometry": {"type": "Point", "coordinates": [139.8320372, 35.68622252]}, "properties": {"name": "大島第五保育園", "ward": "江東区", "address": "江東区大島4-21-3-101", "elevator_or_1f": null, "slope": null, "braille_block": null, "wheelchair_toilet": null}}, {"type": "Feature", "geometry": {"type": "Point", "coordinates": [139.8442348, 35.69399997]}, "properties": {"name": "わかば保育園", "ward": "江東区", "address": "江東区大島9-7-8-101", "elevator_or_1f": null, "slope": null, "braille_block": null, "wheelchair_toilet": null}}, {"type": "Feature", "geometry": {"type": "Point", "coordinates": [139.8359528, 35.68720151]}, "properties": {"name": "大島幼稚園", "ward": "江東区", "address": "江東区大島5-38-1", "elevator_or_1f": true, "slope": null, "braille_block": null, "wheelchair_toilet": null}}, {"type": "Feature", "geometry": {"type": "Point", "coordinates": [139.843766, 35.69139425]}, "properties": {"name": "第三大島幼稚園", "ward": "江東区", "address": "江東区大島7-39-2-101", "elevator_or_1f": true, "slope": null, "braille_block": null, "wheelchair_toilet": null}}, {"type": "Feature", "geometry": {"type": "Point", "coordinates": [139.8424112, 35.6897344]}, "properties": {"name": "東大島文化センター", "ward": "江東区", "address": "江東区大島8-33-9", "elevator_or_1f": true, "slope": null, "braille_block": true, "wheelchair_toilet": null}}, {"type": "Feature", "geometry": {"type": "Point", "coordinates": [139.8281765, 35.68735329]}, "properties": {"name": "大島子ども家庭支援センター", "ward": "江東区", "address": "江東区大島4-1-37", "elevator_or_1f": true, "slope": null, "braille_block": null, "wheelchair_toilet": null}}, {"type": "Feature", "geometry": {"type": "Point", "coordinates": [139.8252038, 35.68557841]}, "properties": {"name": "旧第三大島中学校", "ward": "江東区", "address": "江東区大島1-20-20", "elevator_or_1f": null, "slope": null, "braille_block": null, "wheelchair_toilet": null}}, {"type": "Feature", "geometry": {"type": "Point", "coordinates": [139.8336962, 35.68211002]}, "properties": {"name": "小名木川児童館", "ward": "江東区", "address": "江東区北砂5-20-5-101", "elevator_or_1f": true, "slope": null, "braille_block": null, "wheelchair_toilet": null}}, {"type": "Feature", "geometry": {"type": "Point", "coordinates": [139.841639, 35.685999]}, "properties": {"name": "東砂第二児童館", "ward": "江東区", "address": "江東区東砂2-13-13", "elevator_or_1f": null, "slope": null, "braille_block": null, "wheelchair_toilet": null}}, {"type": "Feature", "geometry": {"type": "Point", "coordinates": [139.8217432, 35.68237867]}, "properties": {"name": "北砂保育園", "ward": "江東区", "address": "江東区北砂1-1-4-101", "elevator_or_1f": null, "slope": null, "braille_block": null, "wheelchair_toilet": null}}, {"type": "Feature", "geometry": {"type": "Point", "coordinates": [139.8320373, 35.68219097]}, "properties": {"name": "小名木川第二保育園", "ward": "江東区", "address": "江東区北砂5-20-3-101", "elevator_or_1f": true, "slope": null, "braille_block": null, "wheelchair_toilet": null}}, {"type": "Feature", "geometry": {"type": "Point", "coordinates": [139.8329942, 35.6847877]}, "properties": {"name": "亀高保育園", "ward": "江東区", "address": "江東区北砂5-20-9-101", "elevator_or_1f": null, "slope": null, "braille_block": null, "wheelchair_toilet": null}}, {"type": "Feature", "geometry": {"type": "Point", "coordinates": [139.834067, 35.68536567]}, "properties": {"name": "亀高第二保育園", "ward": "江東区", "address": "江東区北砂5-20-10-101", "elevator_or_1f": null, "slope": null, "braille_block": null, "wheelchair_toilet": null}}, {"type": "Feature", "geometry": {"type": "Point", "coordinates": [139.8417244, 35.6851079]}, "properties": {"name": "東砂保育園", "ward": "江東区", "address": "江東区東砂2-13-2-101", "elevator_or_1f": null, "slope": null, "braille_block": null, "wheelchair_toilet": null}}, {"type": "Feature", "geometry": {"type": "Point", "coordinates": [139.8429653, 35.68444801]}, "properties": {"name": "東砂第二保育園", "ward": "江東区", "address": "江東区東砂2-6-4-101", "elevator_or_1f": null, "slope": null, "braille_block": null, "wheelchair_toilet": null}}, {"type": "Feature", "geometry": {"type": "Point", "coordinates": [139.8408126, 35.68214621]}, "properties": {"name": "東砂第三保育園", "ward": "江東区", "address": "江東区東砂1-5-3-101", "elevator_or_1f": null, "slope": null, "braille_block": null, "wheelchair_toilet": null}}, {"type": "Feature", "geometry": {"type": "Point", "coordinates": [139.8391879, 35.67835459]}, "properties": {"name": "東砂幼稚園", "ward": "江東区", "address": "江東区東砂4-20-1", "elevator_or_1f": true, "slope": null, "braille_block": null, "wheelchair_toilet": null}}, {"type": "Feature", "geometry": {"type": "Point", "coordinates": [139.8340781, 35.68350788]}, "properties": {"name": "なでしこ幼稚園", "ward": "江東区", "address": "江東区北砂5-20-7-102", "elevator_or_1f": true, "slope": null, "braille_block": null, "wheelchair_toilet": null}}, {"type": "Feature", "geometry": {"type": "Point", "coordinates": [139.8211402, 35.68424245]}, "properties": {"name": "スポーツ会館", "ward": "江東区", "address": "江東区北砂1-2-9", "elevator_or_1f": true, "slope": null, "braille_block": true, "wheelchair_toilet": null}}, {"type": "Feature", "geometry": {"type": "Point", "coordinates": [139.8395238, 35.67919751]}, "properties": {"name": "東砂スポーツセンター", "ward": "江東区", "address": "江東区東砂4-24-1", "elevator_or_1f": true, "slope": null, "braille_block": true, "wheelchair_toilet": null}}, {"type": "Feature", "geometry": {"type": "Point", "coordinates": [139.8319535, 35.6774845]}, "properties": {"name": "城東老人福祉センター", "ward": "江東区", "address": "江東区北砂4-20-12", "elevator_or_1f": true, "slope": null, "braille_block": null, "wheelchair_toilet": null}}, {"type": "Feature", "geometry": {"type": "Point", "coordinates": [139.8232115, 35.67105898]}, "properties": {"name": "南砂児童館", "ward": "江東区", "address": "江東区南砂2-3-17", "elevator_or_1f": null, "slope": null, "braille_block": null, "wheelchair_toilet": null}}, {"type": "Feature", "geometry": {"type": "Point", "coordinates": [139.8384851, 35.67407505]}, "properties": {"name": "東砂第四保育園", "ward": "江東区", "address": "江東区東砂7-17-35-101", "elevator_or_1f": null, "slope": null, "braille_block": null, "wheelchair_toilet": null}}, {"type": "Feature", "geometry": {"type": "Point", "coordinates": [139.8285419, 35.67465272]}, "properties": {"name": "南砂第一保育園", "ward": "江東区", "address": "江東区南砂4-4-1-102", "elevator_or_1f": null, "slope": null, "braille_block": null, "wheelchair_toilet": null}}, {"type": "Feature", "geometry": {"type": "Point", "coordinates": [139.8215787, 35.67081697]}, "properties": {"name": "南砂第二保育園", "ward": "江東区", "address": "江東区南砂2-3-1-101", "elevator_or_1f": null, "slope": null, "braille_block": null, "wheelchair_toilet": null}}, {"type": "Feature", "geometry": {"type": "Point", "coordinates": [139.8229825, 35.67316974]}, "properties": {"name": "南砂第三保育園", "ward": "江東区", "address": "江東区南砂2-3-3-102", "elevator_or_1f": null, "slope": null, "braille_block": null, "wheelchair_toilet": null}}, {"type": "Feature", "geometry": {"type": "Point", "coordinates": [139.8234425, 35.67217086]}, "properties": {"name": "南砂第四保育園", "ward": "江東区", "address": "江東区南砂2-3-4-101", "elevator_or_1f": null, "slope": null, "braille_block": null, "wheelchair_toilet": null}}, {"type": "Feature", "geometry": {"type": "Point", "coordinates": [139.8235925, 35.67061604]}, "properties": {"name": "南砂第五保育園", "ward": "江東区", "address": "江東区南砂2-3-6-103", "elevator_or_1f": null, "slope": null, "braille_block": null, "wheelchair_toilet": null}}, {"type": "Feature", "geometry": {"type": "Point", "coordinates": [139.8351436, 35.66986144]}, "properties": {"name": "城東保育園", "ward": "江東区", "address": "江東区南砂7-9-11", "elevator_or_1f": true, "slope": null, "braille_block": null, "wheelchair_toilet": null}}, {"type": "Feature", "geometry": {"type": "Point", "coordinates": [139.834861, 35.671157]}, "properties": {"name": "南砂さくら保育園", "ward": "江東区", "address": "江東区南砂6-8-3", "elevator_or_1f": true, "slope": null, "braille_block": true, "wheelchair_toilet": null}}, {"type": "Feature", "geometry": {"type": "Point", "coordinates": [139.832839, 35.666713]}, "properties": {"name": "新砂保育園", "ward": "江東区", "address": "江東区新砂3-3-11", "elevator_or_1f": true, "slope": null, "braille_block": true, "wheelchair_toilet": null}}, {"type": "Feature", "geometry": {"type": "Point", "coordinates": [139.8387182, 35.67146035]}, "properties": {"name": "第五砂町幼稚園", "ward": "江東区", "address": "江東区東砂7-5-27", "elevator_or_1f": true, "slope": null, "braille_block": null, "wheelchair_toilet": null}}, {"type": "Feature", "geometry": {"type": "Point", "coordinates": [139.8229825, 35.67316974]}, "properties": {"name": "みどり幼稚園", "ward": "江東区", "address": "江東区南砂2-3-3-101", "elevator_or_1f": true, "slope": null, "braille_block": null, "wheelchair_toilet": null}}, {"type": "Feature", "geometry": {"type": "Point", "coordinates": [139.8340536, 35.67179719]}, "properties": {"name": "江東図書館", "ward": "江東区", "address": "江東区南砂6-7-52", "elevator_or_1f": true, "slope": null, "braille_block": true, "wheelchair_toilet": null}}, {"type": "Feature", "geometry": {"type": "Point", "coordinates": [139.8319349, 35.66893946]}, "properties": {"name": "南砂子ども家庭支援センター", "ward": "江東区", "address": "江東区南砂3-14-1-101", "elevator_or_1f": true, "slope": null, "braille_block": true, "wheelchair_toilet": null}}, {"type": "Feature", "geometry": {"type": "Point", "coordinates": [139.8212867, 35.67192883]}, "properties": {"name": "旧南砂西小学校", "ward": "江東区", "address": "江東区南砂2-3-13", "elevator_or_1f": null, "slope": null, "braille_block": null, "wheelchair_toilet": null}}, {"type": "Feature", "geometry": {"type": "Point", "coordinates": [139.7964224, 35.68131511]}, "properties": {"name": "中村中学高等学校", "ward": "江東区", "address": "江東区清澄2-3-15", "elevator_or_1f": true, "slope": null, "braille_block": null, "wheelchair_toilet": null}}, {"type": "Feature", "geometry": {"type": "Point", "coordinates": [139.800387, 35.682936]}, "properties": {"name": "ケイ・インターナショナルスクール", "ward": "江東区", "address": "江東区白河1-5-15", "elevator_or_1f": null, "slope": null, "braille_block": null, "wheelchair_toilet": null}}, {"type": "Feature", "geometry": {"type": "Point", "coordinates": [139.7954423, 35.66099837]}, "properties": {"name": "芝浦工業大学（豊洲キャンパス）", "ward": "江東区", "address": "江東区豊洲3-7-5", "elevator_or_1f": true, "slope": null, "braille_block": null, "wheelchair_toilet": null}}, {"type": "Feature", "geometry": {"type": "Point", "coordinates": [139.804451, 35.656447]}, "properties": {"name": "東京朝鮮第二初級学校", "ward": "江東区", "address": "江東区枝川1-11-26", "elevator_or_1f": true, "slope": null, "braille_block": null, "wheelchair_toilet": null}}, {"type": "Feature", "geometry": {"type": "Point", "coordinates": [139.814485, 35.6746589]}, "properties": {"name": "ホテルイースト21東京", "ward": "江東区", "address": "江東区東陽6-3-3", "elevator_or_1f": true, "slope": null, "braille_block": null, "wheelchair_toilet": null}}, {"type": "Feature", "geometry": {"type": "Point", "coordinates": [139.8398441, 35.69614861]}, "properties": {"name": "中央学院大学中央高等学校", "ward": "江東区", "address": "江東区亀戸7-65-12", "elevator_or_1f": true, "slope": null, "braille_block": null, "wheelchair_toilet": null}}, {"type": "Feature", "geometry": {"type": "Point", "coordinates": [139.8224186, 35.69674508]}, "properties": {"name": "アンフェリシオン", "ward": "江東区", "address": "江東区亀戸1-43-22", "elevator_or_1f": null, "slope": null, "braille_block": null, "wheelchair_toilet": null}}, {"type": "Feature", "geometry": {"type": "Point", "coordinates": [139.8193204, 35.70727081]}, "properties": {"name": "介護老人保健施設キーストン", "ward": "江東区", "address": "江東区亀戸3-36-1", "elevator_or_1f": true, "slope": null, "braille_block": null, "wheelchair_toilet": null}}, {"type": "Feature", "geometry": {"type": "Point", "coordinates": [139.81994, 35.707019]}, "properties": {"name": "特別養護老人ホームカメリア", "ward": "江東区", "address": "江東区亀戸3-36-5", "elevator_or_1f": true, "slope": null, "braille_block": null, "wheelchair_toilet": null}}, {"type": "Feature", "geometry": {"type": "Point", "coordinates": [139.784382, 35.637031]}, "properties": {"name": "有明西学園", "ward": "江東区", "address": "江東区有明1-7-13", "elevator_or_1f": true, "slope": null, "braille_block": true, "wheelchair_toilet": null}}, {"type": "Feature", "geometry": {"type": "Point", "coordinates": [139.7353231, 35.59446523]}, "properties": {"name": "鈴ヶ森小学校", "ward": "品川区", "address": "品川区南大井4-16-2", "elevator_or_1f": null, "slope": null, "braille_block": null, "wheelchair_toilet": null}}, {"type": "Feature", "geometry": {"type": "Point", "coordinates": [139.7378279, 35.59322043]}, "properties": {"name": "鈴ヶ森中学校", "ward": "品川区", "address": "品川区南大井2-3-14", "elevator_or_1f": null, "slope": null, "braille_block": null, "wheelchair_toilet": null}}, {"type": "Feature", "geometry": {"type": "Point", "coordinates": [139.70743, 35.615441]}, "properties": {"name": "スクエア荏原", "ward": "品川区", "address": "品川区荏原4-5-28", "elevator_or_1f": true, "slope": null, "braille_block": true, "wheelchair_toilet": null}}, {"type": "Feature", "geometry": {"type": "Point", "coordinates": [139.7374999, 35.61777767]}, "properties": {"name": "品川学園", "ward": "品川区", "address": "品川区北品川3-9-30", "elevator_or_1f": true, "slope": null, "braille_block": true, "wheelchair_toilet": null}}, {"type": "Feature", "geometry": {"type": "Point", "coordinates": [139.7317432, 35.62316391]}, "properties": {"name": "御殿山小学校", "ward": "品川区", "address": "品川区北品川5-2-6", "elevator_or_1f": true, "slope": null, "braille_block": true, "wheelchair_toilet": null}}, {"type": "Feature", "geometry": {"type": "Point", "coordinates": [139.7436843, 35.62094748]}, "properties": {"name": "台場小学校", "ward": "品川区", "address": "品川区東品川1-8-30", "elevator_or_1f": true, "slope": null, "braille_block": true, "wheelchair_toilet": null}}, {"type": "Feature", "geometry": {"type": "Point", "coordinates": [139.7427547, 35.6133693]}, "properties": {"name": "城南小学校", "ward": "品川区", "address": "品川区南品川2-8-21", "elevator_or_1f": true, "slope": null, "braille_block": true, "wheelchair_toilet": null}}, {"type": "Feature", "geometry": {"type": "Point", "coordinates": [139.7365323, 35.61148135]}, "properties": {"name": "浅間台小学校", "ward": "品川区", "address": "品川区南品川6-8-8", "elevator_or_1f": null, "slope": null, "braille_block": null, "wheelchair_toilet": null}}, {"type": "Feature", "geometry": {"type": "Point", "coordinates": [139.7461813, 35.61565914]}, "properties": {"name": "城南第二小学校", "ward": "品川区", "address": "品川区東品川3-4-5", "elevator_or_1f": null, "slope": null, "braille_block": null, "wheelchair_toilet": null}}, {"type": "Feature", "geometry": {"type": "Point", "coordinates": [139.7492202, 35.61245858]}, "properties": {"name": "東海中学校", "ward": "品川区", "address": "品川区東品川3-30-15", "elevator_or_1f": null, "slope": null, "braille_block": null, "wheelchair_toilet": null}}, {"type": "Feature", "geometry": {"type": "Point", "coordinates": [139.7287364, 35.62467266]}, "properties": {"name": "日野学園", "ward": "品川区", "address": "品川区東五反田2-11-1", "elevator_or_1f": true, "slope": null, "braille_block": null, "wheelchair_toilet": null}}, {"type": "Feature", "geometry": {"type": "Point", "coordinates": [139.7237295, 35.6329106]}, "properties": {"name": "第三日野小学校", "ward": "品川区", "address": "品川区上大崎1-19-19", "elevator_or_1f": true, "slope": null, "braille_block": null, "wheelchair_toilet": null}}, {"type": "Feature", "geometry": {"type": "Point", "coordinates": [139.7124607, 35.62582909]}, "properties": {"name": "第四日野小学校", "ward": "品川区", "address": "品川区西五反田4-29-9", "elevator_or_1f": null, "slope": null, "braille_block": null, "wheelchair_toilet": null}}, {"type": "Feature", "geometry": {"type": "Point", "coordinates": [139.7160979, 35.6221685]}, "properties": {"name": "第一日野小学校", "ward": "品川区", "address": "品川区西五反田6-5-32", "elevator_or_1f": true, "slope": null, "braille_block": null, "wheelchair_toilet": null}}, {"type": "Feature", "geometry": {"type": "Point", "coordinates": [139.724887, 35.61924816]}, "properties": {"name": "芳水小学校", "ward": "品川区", "address": "品川区大崎3-12-22", "elevator_or_1f": true, "slope": null, "braille_block": true, "wheelchair_toilet": null}}, {"type": "Feature", "geometry": {"type": "Point", "coordinates": [139.7267469, 35.61552063]}, "properties": {"name": "三木小学校", "ward": "品川区", "address": "品川区西品川3-16-28", "elevator_or_1f": null, "slope": null, "braille_block": null, "wheelchair_toilet": null}}, {"type": "Feature", "geometry": {"type": "Point", "coordinates": [139.7231492, 35.6157975]}, "properties": {"name": "大崎中学校", "ward": "品川区", "address": "品川区西品川3-10-6", "elevator_or_1f": null, "slope": null, "braille_block": null, "wheelchair_toilet": null}}, {"type": "Feature", "geometry": {"type": "Point", "coordinates": [139.7402442, 35.60451923]}, "properties": {"name": "立会小学校", "ward": "品川区", "address": "品川区東大井4-15-9", "elevator_or_1f": null, "slope": null, "braille_block": null, "wheelchair_toilet": null}}, {"type": "Feature", "geometry": {"type": "Point", "coordinates": [139.7406883, 35.60147158]}, "properties": {"name": "鮫浜小学校", "ward": "品川区", "address": "品川区東大井2-10-14", "elevator_or_1f": null, "slope": null, "braille_block": null, "wheelchair_toilet": null}}, {"type": "Feature", "geometry": {"type": "Point", "coordinates": [139.7381886, 35.60045863]}, "properties": {"name": "浜川中学校", "ward": "品川区", "address": "品川区東大井3-18-34", "elevator_or_1f": null, "slope": null, "braille_block": null, "wheelchair_toilet": null}}, {"type": "Feature", "geometry": {"type": "Point", "coordinates": [139.7358649, 35.59823182]}, "properties": {"name": "浜川小学校", "ward": "品川区", "address": "品川区南大井4-3-27", "elevator_or_1f": null, "slope": null, "braille_block": null, "wheelchair_toilet": null}}, {"type": "Feature", "geometry": {"type": "Point", "coordinates": [139.7300262, 35.60306312]}, "properties": {"name": "山中小学校", "ward": "品川区", "address": "品川区大井3-7-19", "elevator_or_1f": null, "slope": null, "braille_block": null, "wheelchair_toilet": null}}, {"type": "Feature", "geometry": {"type": "Point", "coordinates": [139.726095, 35.600152]}, "properties": {"name": "伊藤学園", "ward": "品川区", "address": "品川区大井5-1-37", "elevator_or_1f": null, "slope": null, "braille_block": null, "wheelchair_toilet": null}}, {"type": "Feature", "geometry": {"type": "Point", "coordinates": [139.7314022, 35.59870765]}, "properties": {"name": "大井第一小学校", "ward": "品川区", "address": "品川区大井6-1-32", "elevator_or_1f": null, "slope": null, "braille_block": null, "wheelchair_toilet": null}}, {"type": "Feature", "geometry": {"type": "Point", "coordinates": [139.7214081, 35.59901334]}, "properties": {"name": "ｳｪﾙｶﾑｾﾝﾀー原・交流施設", "ward": "品川区", "address": "品川区西大井2-5-21", "elevator_or_1f": null, "slope": null, "braille_block": null, "wheelchair_toilet": null}}, {"type": "Feature", "geometry": {"type": "Point", "coordinates": [139.7173974, 35.59867527]}, "properties": {"name": "伊藤小学校", "ward": "品川区", "address": "品川区西大井5-6-8", "elevator_or_1f": null, "slope": null, "braille_block": null, "wheelchair_toilet": null}}, {"type": "Feature", "geometry": {"type": "Point", "coordinates": [139.7152166, 35.59841424]}, "properties": {"name": "冨士見台中学校", "ward": "品川区", "address": "品川区西大井5-5-14", "elevator_or_1f": null, "slope": null, "braille_block": null, "wheelchair_toilet": null}}, {"type": "Feature", "geometry": {"type": "Point", "coordinates": [139.7032156, 35.62285818]}, "properties": {"name": "小山台小学校", "ward": "品川区", "address": "品川区小山台1-18-24", "elevator_or_1f": null, "slope": null, "braille_block": null, "wheelchair_toilet": null}}, {"type": "Feature", "geometry": {"type": "Point", "coordinates": [139.7085332, 35.62158746]}, "properties": {"name": "後地小学校", "ward": "品川区", "address": "品川区小山2-4-6", "elevator_or_1f": true, "slope": null, "braille_block": true, "wheelchair_toilet": null}}, {"type": "Feature", "geometry": {"type": "Point", "coordinates": [139.7031279, 35.61617293]}, "properties": {"name": "小山小学校", "ward": "品川区", "address": "品川区小山5-10-6", "elevator_or_1f": true, "slope": null, "braille_block": null, "wheelchair_toilet": null}}, {"type": "Feature", "geometry": {"type": "Point", "coordinates": [139.712841, 35.61945082]}, "properties": {"name": "荏原第一中学校", "ward": "品川区", "address": "品川区荏原1-24-30", "elevator_or_1f": null, "slope": null, "braille_block": null, "wheelchair_toilet": null}}, {"type": "Feature", "geometry": {"type": "Point", "coordinates": [139.6997762, 35.61641981]}, "properties": {"name": "荏原第六中学校", "ward": "品川区", "address": "品川区小山5-20-19", "elevator_or_1f": true, "slope": null, "braille_block": true, "wheelchair_toilet": null}}, {"type": "Feature", "geometry": {"type": "Point", "coordinates": [139.7034061, 35.61002862]}, "properties": {"name": "第二延山小学校", "ward": "品川区", "address": "品川区旗の台1-6-1", "elevator_or_1f": true, "slope": null, "braille_block": null, "wheelchair_toilet": null}}, {"type": "Feature", "geometry": {"type": "Point", "coordinates": [139.7023614, 35.60703693]}, "properties": {"name": "清水台小学校", "ward": "品川区", "address": "品川区旗の台1-11-17", "elevator_or_1f": true, "slope": null, "braille_block": true, "wheelchair_toilet": null}}, {"type": "Feature", "geometry": {"type": "Point", "coordinates": [139.7133501, 35.61474136]}, "properties": {"name": "京陽小学校", "ward": "品川区", "address": "品川区平塚2-19-20", "elevator_or_1f": null, "slope": null, "braille_block": null, "wheelchair_toilet": null}}, {"type": "Feature", "geometry": {"type": "Point", "coordinates": [139.7099154, 35.61575316]}, "properties": {"name": "荏原平塚学園", "ward": "品川区", "address": "品川区平塚3-16-26", "elevator_or_1f": true, "slope": null, "braille_block": true, "wheelchair_toilet": null}}, {"type": "Feature", "geometry": {"type": "Point", "coordinates": [139.7094085, 35.6125365]}, "properties": {"name": "中延小学校", "ward": "品川区", "address": "品川区中延1-11-15", "elevator_or_1f": null, "slope": null, "braille_block": null, "wheelchair_toilet": null}}, {"type": "Feature", "geometry": {"type": "Point", "coordinates": [139.7081218, 35.60902686]}, "properties": {"name": "延山小学校", "ward": "品川区", "address": "品川区西中延2-17-5", "elevator_or_1f": null, "slope": null, "braille_block": null, "wheelchair_toilet": null}}, {"type": "Feature", "geometry": {"type": "Point", "coordinates": [139.7175747, 35.61566837]}, "properties": {"name": "戸越台中学校", "ward": "品川区", "address": "品川区戸越1-15-23", "elevator_or_1f": true, "slope": null, "braille_block": null, "wheelchair_toilet": null}}, {"type": "Feature", "geometry": {"type": "Point", "coordinates": [139.7183758, 35.61197781]}, "properties": {"name": "宮前小学校", "ward": "品川区", "address": "品川区戸越4-5-10", "elevator_or_1f": null, "slope": null, "braille_block": null, "wheelchair_toilet": null}}, {"type": "Feature", "geometry": {"type": "Point", "coordinates": [139.7161712, 35.60730127]}, "properties": {"name": "大原小学校", "ward": "品川区", "address": "品川区戸越6-17-3", "elevator_or_1f": null, "slope": null, "braille_block": null, "wheelchair_toilet": null}}, {"type": "Feature", "geometry": {"type": "Point", "coordinates": [139.711669, 35.603449]}, "properties": {"name": "源氏前小学校", "ward": "品川区", "address": "品川区中延6-2-18", "elevator_or_1f": null, "slope": null, "braille_block": null, "wheelchair_toilet": null}}, {"type": "Feature", "geometry": {"type": "Point", "coordinates": [139.7150904, 35.6032737]}, "properties": {"name": "上神明小学校", "ward": "品川区", "address": "品川区二葉4-4-10", "elevator_or_1f": null, "slope": null, "braille_block": null, "wheelchair_toilet": null}}, {"type": "Feature", "geometry": {"type": "Point", "coordinates": [139.7043803, 35.60330241]}, "properties": {"name": "旗台小学校", "ward": "品川区", "address": "品川区旗の台4-7-11", "elevator_or_1f": null, "slope": null, "braille_block": null, "wheelchair_toilet": null}}, {"type": "Feature", "geometry": {"type": "Point", "coordinates": [139.7021545, 35.60311137]}, "properties": {"name": "荏原第五中学校", "ward": "品川区", "address": "品川区旗の台5-11-13", "elevator_or_1f": true, "slope": null, "braille_block": true, "wheelchair_toilet": null}}, {"type": "Feature", "geometry": {"type": "Point", "coordinates": [139.7213296, 35.61111598]}, "properties": {"name": "戸越小学校", "ward": "品川区", "address": "品川区豊町2-1-20", "elevator_or_1f": null, "slope": null, "braille_block": null, "wheelchair_toilet": null}}, {"type": "Feature", "geometry": {"type": "Point", "coordinates": [139.7212757, 35.60900722]}, "properties": {"name": "旧荏原第四中学校", "ward": "品川区", "address": "品川区豊町3-5-31", "elevator_or_1f": null, "slope": null, "braille_block": null, "wheelchair_toilet": null}}, {"type": "Feature", "geometry": {"type": "Point", "coordinates": [139.7255294, 35.60708655]}, "properties": {"name": "豊葉の杜学園", "ward": "品川区", "address": "品川区二葉1-3-40", "elevator_or_1f": true, "slope": null, "braille_block": true, "wheelchair_toilet": null}}, {"type": "Feature", "geometry": {"type": "Point", "coordinates": [139.7533182, 35.60408663]}, "properties": {"name": "明晴学園", "ward": "品川区", "address": "品川区八潮5-2-1", "elevator_or_1f": null, "slope": null, "braille_block": null, "wheelchair_toilet": null}}, {"type": "Feature", "geometry": {"type": "Point", "coordinates": [139.7525296, 35.6013916]}, "properties": {"name": "八潮学園", "ward": "品川区", "address": "品川区八潮5-11-2", "elevator_or_1f": true, "slope": null, "braille_block": null, "wheelchair_toilet": null}}, {"type": "Feature", "geometry": {"type": "Point", "coordinates": [139.7524345, 35.59800029]}, "properties": {"name": "こみゅにてぃぷらざ八潮", "ward": "品川区", "address": "品川区八潮5-9-11", "elevator_or_1f": true, "slope": null, "braille_block": true, "wheelchair_toilet": null}}, {"type": "Feature", "geometry": {"type": "Point", "coordinates": [139.6819003, 35.62653819]}, "properties": {"name": "碑文谷公園（碑文谷体育館）", "ward": "目黒区", "address": "目黒区碑文谷6-9-11（碑文谷6-12-43）", "elevator_or_1f": true, "slope": true, "braille_block": null, "wheelchair_toilet": true}}, {"type": "Feature", "geometry": {"type": "Point", "coordinates": [139.6789972, 35.60946203]}, "properties": {"name": "第十一中学校", "ward": "目黒区", "address": "目黒区緑が丘1-8-1", "elevator_or_1f": null, "slope": null, "braille_block": null, "wheelchair_toilet": null}}, {"type": "Feature", "geometry": {"type": "Point", "coordinates": [139.672741, 35.621542]}, "properties": {"name": "めぐろ区民キャンパス（桜修館中等教育学校）", "ward": "目黒区", "address": "目黒区八雲1-1-1（八雲1-1-2）", "elevator_or_1f": true, "slope": true, "braille_block": true, "wheelchair_toilet": true}}, {"type": "Feature", "geometry": {"type": "Point", "coordinates": [139.666138, 35.612076]}, "properties": {"name": "自由ヶ丘学園高等学校", "ward": "目黒区", "address": "目黒区自由が丘2-21-1", "elevator_or_1f": true, "slope": null, "braille_block": null, "wheelchair_toilet": null}}, {"type": "Feature", "geometry": {"type": "Point", "coordinates": [139.6788552, 35.65928543]}, "properties": {"name": "国際高等学校", "ward": "目黒区", "address": "目黒区駒場2-19-59", "elevator_or_1f": true, "slope": true, "braille_block": null, "wheelchair_toilet": true}}, {"type": "Feature", "geometry": {"type": "Point", "coordinates": [139.681938, 35.65983545]}, "properties": {"name": "駒場小学校", "ward": "目黒区", "address": "目黒区駒場3-11-13", "elevator_or_1f": null, "slope": null, "braille_block": null, "wheelchair_toilet": true}}, {"type": "Feature", "geometry": {"type": "Point", "coordinates": [139.6864308, 35.65460216]}, "properties": {"name": "第一中学校", "ward": "目黒区", "address": "目黒区大橋2-11-1", "elevator_or_1f": null, "slope": true, "braille_block": null, "wheelchair_toilet": null}}, {"type": "Feature", "geometry": {"type": "Point", "coordinates": [139.6857808, 35.65488211]}, "properties": {"name": "駒場高等学校", "ward": "目黒区", "address": "目黒区大橋2-18-1", "elevator_or_1f": true, "slope": true, "braille_block": null, "wheelchair_toilet": true}}, {"type": "Feature", "geometry": {"type": "Point", "coordinates": [139.6923334, 35.65181363]}, "properties": {"name": "菅刈小学校", "ward": "目黒区", "address": "目黒区青葉台3-3-26", "elevator_or_1f": null, "slope": true, "braille_block": null, "wheelchair_toilet": true}}, {"type": "Feature", "geometry": {"type": "Point", "coordinates": [139.6902468, 35.64644518]}, "properties": {"name": "東山中学校", "ward": "目黒区", "address": "目黒区東山1-24-31", "elevator_or_1f": null, "slope": true, "braille_block": null, "wheelchair_toilet": true}}, {"type": "Feature", "geometry": {"type": "Point", "coordinates": [139.6862581, 35.64716699]}, "properties": {"name": "東山小学校", "ward": "目黒区", "address": "目黒区東山2-24-25", "elevator_or_1f": true, "slope": true, "braille_block": true, "wheelchair_toilet": true}}, {"type": "Feature", "geometry": {"type": "Point", "coordinates": [139.6921837, 35.64412249]}, "properties": {"name": "烏森小学校", "ward": "目黒区", "address": "目黒区上目黒3-37-27", "elevator_or_1f": null, "slope": true, "braille_block": null, "wheelchair_toilet": true}}, {"type": "Feature", "geometry": {"type": "Point", "coordinates": [139.70287, 35.63943731]}, "properties": {"name": "めぐろ学校サポートセンター", "ward": "目黒区", "address": "目黒区中目黒3-6-10", "elevator_or_1f": true, "slope": true, "braille_block": true, "wheelchair_toilet": true}}, {"type": "Feature", "geometry": {"type": "Point", "coordinates": [139.6989643, 35.64016912]}, "properties": {"name": "中目黒小学校", "ward": "目黒区", "address": "目黒区中目黒3-13-32", "elevator_or_1f": null, "slope": true, "braille_block": null, "wheelchair_toilet": true}}, {"type": "Feature", "geometry": {"type": "Point", "coordinates": [139.7091726, 35.63753869]}, "properties": {"name": "田道小学校", "ward": "目黒区", "address": "目黒区目黒1-15-28", "elevator_or_1f": null, "slope": true, "braille_block": null, "wheelchair_toilet": true}}, {"type": "Feature", "geometry": {"type": "Point", "coordinates": [139.7091277, 35.63421006]}, "properties": {"name": "下目黒小学校", "ward": "目黒区", "address": "目黒区目黒2-7-9", "elevator_or_1f": null, "slope": null, "braille_block": null, "wheelchair_toilet": true}}, {"type": "Feature", "geometry": {"type": "Point", "coordinates": [139.707477, 35.63105237]}, "properties": {"name": "大鳥中学校", "ward": "目黒区", "address": "目黒区下目黒3-23-18", "elevator_or_1f": null, "slope": true, "braille_block": null, "wheelchair_toilet": true}}, {"type": "Feature", "geometry": {"type": "Point", "coordinates": [139.6991378, 35.62711959]}, "properties": {"name": "不動小学校", "ward": "目黒区", "address": "目黒区下目黒6-11-35", "elevator_or_1f": null, "slope": true, "braille_block": null, "wheelchair_toilet": true}}, {"type": "Feature", "geometry": {"type": "Point", "coordinates": [139.6905991, 35.63843709]}, "properties": {"name": "上目黒小学校", "ward": "目黒区", "address": "目黒区五本木1-12-13", "elevator_or_1f": null, "slope": true, "braille_block": null, "wheelchair_toilet": null}}, {"type": "Feature", "geometry": {"type": "Point", "coordinates": [139.6946188, 35.63691437]}, "properties": {"name": "目黒高等学校", "ward": "目黒区", "address": "目黒区祐天寺2-7-15", "elevator_or_1f": true, "slope": true, "braille_block": null, "wheelchair_toilet": true}}, {"type": "Feature", "geometry": {"type": "Point", "coordinates": [139.6984057, 35.63247297]}, "properties": {"name": "油面小学校", "ward": "目黒区", "address": "目黒区中町1-5-4", "elevator_or_1f": true, "slope": true, "braille_block": null, "wheelchair_toilet": true}}, {"type": "Feature", "geometry": {"type": "Point", "coordinates": [139.693908, 35.6346706]}, "properties": {"name": "目黒中央中学校", "ward": "目黒区", "address": "目黒区中町2-37-38", "elevator_or_1f": true, "slope": true, "braille_block": null, "wheelchair_toilet": true}}, {"type": "Feature", "geometry": {"type": "Point", "coordinates": [139.6876765, 35.63445646]}, "properties": {"name": "五本木小学校", "ward": "目黒区", "address": "目黒区五本木2-24-3", "elevator_or_1f": true, "slope": true, "braille_block": true, "wheelchair_toilet": true}}, {"type": "Feature", "geometry": {"type": "Point", "coordinates": [139.6901316, 35.62781827]}, "properties": {"name": "鷹番小学校", "ward": "目黒区", "address": "目黒区中央町1-20-26", "elevator_or_1f": null, "slope": true, "braille_block": null, "wheelchair_toilet": true}}, {"type": "Feature", "geometry": {"type": "Point", "coordinates": [139.6950193, 35.62304894]}, "properties": {"name": "月光原小学校", "ward": "目黒区", "address": "目黒区目黒本町4-15-3", "elevator_or_1f": null, "slope": true, "braille_block": null, "wheelchair_toilet": null}}, {"type": "Feature", "geometry": {"type": "Point", "coordinates": [139.6958014, 35.61880443]}, "properties": {"name": "向原小学校", "ward": "目黒区", "address": "目黒区目黒本町6-7-15", "elevator_or_1f": null, "slope": true, "braille_block": null, "wheelchair_toilet": null}}, {"type": "Feature", "geometry": {"type": "Point", "coordinates": [139.6919016, 35.62304185]}, "properties": {"name": "第七中学校", "ward": "目黒区", "address": "目黒区碑文谷1-1-33", "elevator_or_1f": null, "slope": true, "braille_block": null, "wheelchair_toilet": true}}, {"type": "Feature", "geometry": {"type": "Point", "coordinates": [139.6906679, 35.61927424]}, "properties": {"name": "碑小学校", "ward": "目黒区", "address": "目黒区碑文谷1-18-2", "elevator_or_1f": true, "slope": true, "braille_block": true, "wheelchair_toilet": true}}, {"type": "Feature", "geometry": {"type": "Point", "coordinates": [139.690503, 35.61573764]}, "properties": {"name": "原町小学校", "ward": "目黒区", "address": "目黒区原町2-18-12", "elevator_or_1f": null, "slope": null, "braille_block": null, "wheelchair_toilet": null}}, {"type": "Feature", "geometry": {"type": "Point", "coordinates": [139.6949587, 35.61371998]}, "properties": {"name": "第九中学校", "ward": "目黒区", "address": "目黒区洗足1-29-26", "elevator_or_1f": null, "slope": null, "braille_block": null, "wheelchair_toilet": null}}, {"type": "Feature", "geometry": {"type": "Point", "coordinates": [139.6824525, 35.61966898]}, "properties": {"name": "第八中学校", "ward": "目黒区", "address": "目黒区碑文谷4-19-25", "elevator_or_1f": null, "slope": true, "braille_block": null, "wheelchair_toilet": null}}, {"type": "Feature", "geometry": {"type": "Point", "coordinates": [139.6829687, 35.61548846]}, "properties": {"name": "大岡山小学校", "ward": "目黒区", "address": "目黒区平町2-3-1", "elevator_or_1f": null, "slope": true, "braille_block": null, "wheelchair_toilet": true}}, {"type": "Feature", "geometry": {"type": "Point", "coordinates": [139.6783862, 35.61272465]}, "properties": {"name": "中根小学校", "ward": "目黒区", "address": "目黒区緑が丘1-1-1", "elevator_or_1f": true, "slope": true, "braille_block": true, "wheelchair_toilet": true}}, {"type": "Feature", "geometry": {"type": "Point", "coordinates": [139.6735367, 35.61032179]}, "properties": {"name": "緑ヶ丘小学校", "ward": "目黒区", "address": "目黒区緑が丘2-13-1", "elevator_or_1f": true, "slope": true, "braille_block": null, "wheelchair_toilet": true}}, {"type": "Feature", "geometry": {"type": "Point", "coordinates": [139.667104, 35.61542705]}, "properties": {"name": "宮前小学校", "ward": "目黒区", "address": "目黒区八雲3-13-21", "elevator_or_1f": null, "slope": true, "braille_block": null, "wheelchair_toilet": null}}, {"type": "Feature", "geometry": {"type": "Point", "coordinates": [139.6712895, 35.61812985]}, "properties": {"name": "八雲小学校", "ward": "目黒区", "address": "目黒区八雲2-5-1", "elevator_or_1f": null, "slope": true, "braille_block": null, "wheelchair_toilet": true}}, {"type": "Feature", "geometry": {"type": "Point", "coordinates": [139.6684865, 35.62435008]}, "properties": {"name": "第十中学校", "ward": "目黒区", "address": "目黒区八雲5-2-1", "elevator_or_1f": null, "slope": null, "braille_block": null, "wheelchair_toilet": true}}, {"type": "Feature", "geometry": {"type": "Point", "coordinates": [139.6680994, 35.62720175]}, "properties": {"name": "東根小学校", "ward": "目黒区", "address": "目黒区東が丘1-20-1", "elevator_or_1f": null, "slope": true, "braille_block": null, "wheelchair_toilet": true}}, {"type": "Feature", "geometry": {"type": "Point", "coordinates": [139.7425076, 35.56560066]}, "properties": {"name": "大森第四小学校", "ward": "大田区", "address": "大田区大森南3-18-26", "elevator_or_1f": true, "slope": null, "braille_block": true, "wheelchair_toilet": null}}, {"type": "Feature", "geometry": {"type": "Point", "coordinates": [139.7411976, 35.56979015]}, "properties": {"name": "中富小学校", "ward": "大田区", "address": "大田区大森東5-6-24", "elevator_or_1f": null, "slope": null, "braille_block": null, "wheelchair_toilet": null}}, {"type": "Feature", "geometry": {"type": "Point", "coordinates": [139.735608, 35.57032194]}, "properties": {"name": "大森第一小学校", "ward": "大田区", "address": "大田区大森東3-1-18", "elevator_or_1f": true, "slope": null, "braille_block": null, "wheelchair_toilet": null}}, {"type": "Feature", "geometry": {"type": "Point", "coordinates": [139.7315601, 35.57577622]}, "properties": {"name": "開桜小学校", "ward": "大田区", "address": "大田区大森西2-26-3", "elevator_or_1f": true, "slope": null, "braille_block": null, "wheelchair_toilet": null}}, {"type": "Feature", "geometry": {"type": "Point", "coordinates": [139.7258018, 35.57083163]}, "properties": {"name": "大森第三小学校", "ward": "大田区", "address": "大田区大森西5-22-18", "elevator_or_1f": true, "slope": null, "braille_block": true, "wheelchair_toilet": null}}, {"type": "Feature", "geometry": {"type": "Point", "coordinates": [139.7376184, 35.58176971]}, "properties": {"name": "大森第五小学校", "ward": "大田区", "address": "大田区大森本町1-10-5", "elevator_or_1f": true, "slope": null, "braille_block": null, "wheelchair_toilet": null}}, {"type": "Feature", "geometry": {"type": "Point", "coordinates": [139.7386985, 35.57554844]}, "properties": {"name": "大森東小学校", "ward": "大田区", "address": "大田区大森東1-29-1", "elevator_or_1f": true, "slope": null, "braille_block": null, "wheelchair_toilet": null}}, {"type": "Feature", "geometry": {"type": "Point", "coordinates": [139.7334288, 35.58112167]}, "properties": {"name": "入新井第五小学校", "ward": "大田区", "address": "大田区大森北6-4-8", "elevator_or_1f": null, "slope": null, "braille_block": null, "wheelchair_toilet": null}}, {"type": "Feature", "geometry": {"type": "Point", "coordinates": [139.7273052, 35.58433215]}, "properties": {"name": "入新井第一小学校", "ward": "大田区", "address": "大田区大森北4-6-7", "elevator_or_1f": null, "slope": null, "braille_block": null, "wheelchair_toilet": null}}, {"type": "Feature", "geometry": {"type": "Point", "coordinates": [139.725514, 35.59185226]}, "properties": {"name": "山王小学校", "ward": "大田区", "address": "大田区山王1-26-33", "elevator_or_1f": true, "slope": null, "braille_block": null, "wheelchair_toilet": null}}, {"type": "Feature", "geometry": {"type": "Point", "coordinates": [139.7107323, 35.59127793]}, "properties": {"name": "馬込小学校", "ward": "大田区", "address": "大田区南馬込1-34-1", "elevator_or_1f": null, "slope": null, "braille_block": null, "wheelchair_toilet": null}}, {"type": "Feature", "geometry": {"type": "Point", "coordinates": [139.7174669, 35.58737154]}, "properties": {"name": "馬込第二小学校", "ward": "大田区", "address": "大田区南馬込3-10-1", "elevator_or_1f": null, "slope": null, "braille_block": null, "wheelchair_toilet": null}}, {"type": "Feature", "geometry": {"type": "Point", "coordinates": [139.7071303, 35.59890197]}, "properties": {"name": "馬込第三小学校", "ward": "大田区", "address": "大田区北馬込1-28-1", "elevator_or_1f": null, "slope": null, "braille_block": null, "wheelchair_toilet": null}}, {"type": "Feature", "geometry": {"type": "Point", "coordinates": [139.7071429, 35.58385566]}, "properties": {"name": "梅田小学校", "ward": "大田区", "address": "大田区南馬込6-6-1", "elevator_or_1f": true, "slope": null, "braille_block": true, "wheelchair_toilet": null}}, {"type": "Feature", "geometry": {"type": "Point", "coordinates": [139.7059163, 35.57655245]}, "properties": {"name": "池上小学校", "ward": "大田区", "address": "大田区池上1-33-8", "elevator_or_1f": true, "slope": null, "braille_block": null, "wheelchair_toilet": null}}, {"type": "Feature", "geometry": {"type": "Point", "coordinates": [139.7135507, 35.57399394]}, "properties": {"name": "池上第二小学校", "ward": "大田区", "address": "大田区中央8-9-1", "elevator_or_1f": null, "slope": null, "braille_block": null, "wheelchair_toilet": null}}, {"type": "Feature", "geometry": {"type": "Point", "coordinates": [139.7011839, 35.56999606]}, "properties": {"name": "徳持小学校", "ward": "大田区", "address": "大田区池上7-18-1", "elevator_or_1f": null, "slope": null, "braille_block": null, "wheelchair_toilet": null}}, {"type": "Feature", "geometry": {"type": "Point", "coordinates": [139.7212329, 35.57882561]}, "properties": {"name": "入新井第二小学校", "ward": "大田区", "address": "大田区中央2-15-1", "elevator_or_1f": null, "slope": null, "braille_block": null, "wheelchair_toilet": null}}, {"type": "Feature", "geometry": {"type": "Point", "coordinates": [139.7168883, 35.57757663]}, "properties": {"name": "入新井第四小学校", "ward": "大田区", "address": "大田区中央3-5-8", "elevator_or_1f": null, "slope": null, "braille_block": null, "wheelchair_toilet": null}}, {"type": "Feature", "geometry": {"type": "Point", "coordinates": [139.6775804, 35.582753]}, "properties": {"name": "東調布第一小学校", "ward": "大田区", "address": "大田区田園調布南28-7", "elevator_or_1f": null, "slope": null, "braille_block": null, "wheelchair_toilet": null}}, {"type": "Feature", "geometry": {"type": "Point", "coordinates": [139.6683437, 35.59554131]}, "properties": {"name": "田園調布小学校", "ward": "大田区", "address": "大田区田園調布2-31-16", "elevator_or_1f": true, "slope": null, "braille_block": null, "wheelchair_toilet": null}}, {"type": "Feature", "geometry": {"type": "Point", "coordinates": [139.6781151, 35.59076411]}, "properties": {"name": "調布大塚小学校", "ward": "大田区", "address": "大田区雪谷大塚町12-1", "elevator_or_1f": true, "slope": null, "braille_block": null, "wheelchair_toilet": null}}, {"type": "Feature", "geometry": {"type": "Point", "coordinates": [139.685309, 35.5774078]}, "properties": {"name": "東調布第三小学校", "ward": "大田区", "address": "大田区南久が原2-17-1", "elevator_or_1f": null, "slope": null, "braille_block": null, "wheelchair_toilet": null}}, {"type": "Feature", "geometry": {"type": "Point", "coordinates": [139.6744649, 35.57835141]}, "properties": {"name": "嶺町小学校", "ward": "大田区", "address": "大田区田園調布南6-10", "elevator_or_1f": null, "slope": null, "braille_block": true, "wheelchair_toilet": null}}, {"type": "Feature", "geometry": {"type": "Point", "coordinates": [139.6918427, 35.57135266]}, "properties": {"name": "千鳥小学校", "ward": "大田区", "address": "大田区千鳥2-5-1", "elevator_or_1f": null, "slope": null, "braille_block": null, "wheelchair_toilet": null}}, {"type": "Feature", "geometry": {"type": "Point", "coordinates": [139.6938422, 35.58018872]}, "properties": {"name": "久原小学校", "ward": "大田区", "address": "大田区久が原4-12-10", "elevator_or_1f": null, "slope": null, "braille_block": true, "wheelchair_toilet": null}}, {"type": "Feature", "geometry": {"type": "Point", "coordinates": [139.6905022, 35.58610197]}, "properties": {"name": "松仙小学校", "ward": "大田区", "address": "大田区久が原1-11-1", "elevator_or_1f": null, "slope": null, "braille_block": null, "wheelchair_toilet": null}}, {"type": "Feature", "geometry": {"type": "Point", "coordinates": [139.6947397, 35.59063857]}, "properties": {"name": "池雪小学校", "ward": "大田区", "address": "大田区東雪谷5-7-1", "elevator_or_1f": null, "slope": null, "braille_block": null, "wheelchair_toilet": null}}, {"type": "Feature", "geometry": {"type": "Point", "coordinates": [139.6949414, 35.59745581]}, "properties": {"name": "小池小学校", "ward": "大田区", "address": "大田区上池台2-22-7", "elevator_or_1f": null, "slope": null, "braille_block": null, "wheelchair_toilet": null}}, {"type": "Feature", "geometry": {"type": "Point", "coordinates": [139.6866392, 35.59305808]}, "properties": {"name": "雪谷小学校", "ward": "大田区", "address": "大田区南雪谷3-9-23", "elevator_or_1f": null, "slope": null, "braille_block": null, "wheelchair_toilet": null}}, {"type": "Feature", "geometry": {"type": "Point", "coordinates": [139.686302, 35.5999253]}, "properties": {"name": "洗足池小学校", "ward": "大田区", "address": "大田区南千束3-35-2", "elevator_or_1f": null, "slope": null, "braille_block": null, "wheelchair_toilet": null}}, {"type": "Feature", "geometry": {"type": "Point", "coordinates": [139.6923762, 35.60619376]}, "properties": {"name": "赤松小学校", "ward": "大田区", "address": "大田区北千束2-35-8", "elevator_or_1f": null, "slope": null, "braille_block": null, "wheelchair_toilet": null}}, {"type": "Feature", "geometry": {"type": "Point", "coordinates": [139.6883474, 35.6093633]}, "properties": {"name": "清水窪小学校", "ward": "大田区", "address": "大田区北千束1-20-15", "elevator_or_1f": null, "slope": null, "braille_block": null, "wheelchair_toilet": null}}, {"type": "Feature", "geometry": {"type": "Point", "coordinates": [139.7350097, 35.55524762]}, "properties": {"name": "糀谷小学校", "ward": "大田区", "address": "大田区西糀谷3-13-21", "elevator_or_1f": null, "slope": null, "braille_block": null, "wheelchair_toilet": null}}, {"type": "Feature", "geometry": {"type": "Point", "coordinates": [139.7443607, 35.55868649]}, "properties": {"name": "東糀谷小学校", "ward": "大田区", "address": "大田区東糀谷5-18-23", "elevator_or_1f": null, "slope": null, "braille_block": null, "wheelchair_toilet": null}}, {"type": "Feature", "geometry": {"type": "Point", "coordinates": [139.7336485, 35.56295272]}, "properties": {"name": "北糀谷小学校", "ward": "大田区", "address": "大田区北糀谷2-2-5", "elevator_or_1f": null, "slope": null, "braille_block": true, "wheelchair_toilet": null}}, {"type": "Feature", "geometry": {"type": "Point", "coordinates": [139.746144, 35.54760278]}, "properties": {"name": "羽田小学校", "ward": "大田区", "address": "大田区羽田3-3-14", "elevator_or_1f": null, "slope": null, "braille_block": null, "wheelchair_toilet": null}}, {"type": "Feature", "geometry": {"type": "Point", "coordinates": [139.7357169, 35.54747851]}, "properties": {"name": "都南小学校", "ward": "大田区", "address": "大田区本羽田3-15-2", "elevator_or_1f": null, "slope": null, "braille_block": null, "wheelchair_toilet": null}}, {"type": "Feature", "geometry": {"type": "Point", "coordinates": [139.7388036, 35.54902842]}, "properties": {"name": "萩中小学校", "ward": "大田区", "address": "大田区本羽田3-4-22", "elevator_or_1f": null, "slope": null, "braille_block": null, "wheelchair_toilet": null}}, {"type": "Feature", "geometry": {"type": "Point", "coordinates": [139.7318482, 35.54983814]}, "properties": {"name": "中萩中小学校", "ward": "大田区", "address": "大田区萩中2-14-1", "elevator_or_1f": null, "slope": null, "braille_block": null, "wheelchair_toilet": null}}, {"type": "Feature", "geometry": {"type": "Point", "coordinates": [139.7256127, 35.55006895]}, "properties": {"name": "出雲小学校", "ward": "大田区", "address": "大田区本羽田1-2-4", "elevator_or_1f": null, "slope": null, "braille_block": null, "wheelchair_toilet": null}}, {"type": "Feature", "geometry": {"type": "Point", "coordinates": [139.7141348, 35.54516319]}, "properties": {"name": "六郷小学校", "ward": "大田区", "address": "大田区東六郷3-7-1", "elevator_or_1f": null, "slope": null, "braille_block": null, "wheelchair_toilet": null}}, {"type": "Feature", "geometry": {"type": "Point", "coordinates": [139.709145, 35.55172732]}, "properties": {"name": "西六郷小学校", "ward": "大田区", "address": "大田区西六郷2-3-1", "elevator_or_1f": null, "slope": null, "braille_block": null, "wheelchair_toilet": null}}, {"type": "Feature", "geometry": {"type": "Point", "coordinates": [139.7066175, 35.54503401]}, "properties": {"name": "高畑小学校", "ward": "大田区", "address": "大田区西六郷3-28-23", "elevator_or_1f": null, "slope": null, "braille_block": null, "wheelchair_toilet": null}}, {"type": "Feature", "geometry": {"type": "Point", "coordinates": [139.7168593, 35.55344934]}, "properties": {"name": "仲六郷小学校", "ward": "大田区", "address": "大田区仲六郷1-26-1", "elevator_or_1f": null, "slope": null, "braille_block": true, "wheelchair_toilet": null}}, {"type": "Feature", "geometry": {"type": "Point", "coordinates": [139.7115457, 35.55510501]}, "properties": {"name": "志茂田小学校", "ward": "大田区", "address": "大田区西六郷1-4-2", "elevator_or_1f": true, "slope": null, "braille_block": true, "wheelchair_toilet": null}}, {"type": "Feature", "geometry": {"type": "Point", "coordinates": [139.7182083, 35.55072568]}, "properties": {"name": "東六郷小学校", "ward": "大田区", "address": "大田区東六郷2-3-1", "elevator_or_1f": true, "slope": null, "braille_block": true, "wheelchair_toilet": null}}, {"type": "Feature", "geometry": {"type": "Point", "coordinates": [139.7160657, 35.54500426]}, "properties": {"name": "南六郷小学校", "ward": "大田区", "address": "大田区南六郷3-7-1", "elevator_or_1f": null, "slope": null, "braille_block": true, "wheelchair_toilet": null}}, {"type": "Feature", "geometry": {"type": "Point", "coordinates": [139.6982785, 35.56254082]}, "properties": {"name": "矢口小学校", "ward": "大田区", "address": "大田区多摩川1-18-22", "elevator_or_1f": null, "slope": null, "braille_block": null, "wheelchair_toilet": null}}, {"type": "Feature", "geometry": {"type": "Point", "coordinates": [139.6874022, 35.5681609]}, "properties": {"name": "矢口西小学校", "ward": "大田区", "address": "大田区下丸子1-7-1", "elevator_or_1f": null, "slope": null, "braille_block": null, "wheelchair_toilet": null}}, {"type": "Feature", "geometry": {"type": "Point", "coordinates": [139.6905623, 35.55934897]}, "properties": {"name": "多摩川小学校", "ward": "大田区", "address": "大田区矢口3-26-25", "elevator_or_1f": null, "slope": null, "braille_block": null, "wheelchair_toilet": null}}, {"type": "Feature", "geometry": {"type": "Point", "coordinates": [139.7120282, 35.56589481]}, "properties": {"name": "相生小学校", "ward": "大田区", "address": "大田区西蒲田6-19-1", "elevator_or_1f": null, "slope": null, "braille_block": null, "wheelchair_toilet": null}}, {"type": "Feature", "geometry": {"type": "Point", "coordinates": [139.7051569, 35.56363688]}, "properties": {"name": "矢口東小学校", "ward": "大田区", "address": "大田区東矢口3-9-20", "elevator_or_1f": null, "slope": null, "braille_block": null, "wheelchair_toilet": null}}, {"type": "Feature", "geometry": {"type": "Point", "coordinates": [139.7126959, 35.57081228]}, "properties": {"name": "おなづか小学校", "ward": "大田区", "address": "大田区西蒲田1-19-1", "elevator_or_1f": null, "slope": null, "braille_block": null, "wheelchair_toilet": null}}, {"type": "Feature", "geometry": {"type": "Point", "coordinates": [139.7070979, 35.55834653]}, "properties": {"name": "道塚小学校", "ward": "大田区", "address": "大田区新蒲田3-3-18", "elevator_or_1f": null, "slope": null, "braille_block": null, "wheelchair_toilet": null}}, {"type": "Feature", "geometry": {"type": "Point", "coordinates": [139.7206345, 35.56381827]}, "properties": {"name": "蒲田小学校", "ward": "大田区", "address": "大田区蒲田1-30-1", "elevator_or_1f": null, "slope": null, "braille_block": null, "wheelchair_toilet": null}}, {"type": "Feature", "geometry": {"type": "Point", "coordinates": [139.7273142, 35.5580971]}, "properties": {"name": "南蒲小学校", "ward": "大田区", "address": "大田区南蒲田1-12-11", "elevator_or_1f": null, "slope": null, "braille_block": null, "wheelchair_toilet": null}}, {"type": "Feature", "geometry": {"type": "Point", "coordinates": [139.7162472, 35.55729589]}, "properties": {"name": "新宿小学校", "ward": "大田区", "address": "大田区蒲田本町1-5-1", "elevator_or_1f": null, "slope": null, "braille_block": null, "wheelchair_toilet": null}}, {"type": "Feature", "geometry": {"type": "Point", "coordinates": [139.7286599, 35.56404046]}, "properties": {"name": "東蒲小学校", "ward": "大田区", "address": "大田区東蒲田1-19-25", "elevator_or_1f": null, "slope": null, "braille_block": true, "wheelchair_toilet": null}}, {"type": "Feature", "geometry": {"type": "Point", "coordinates": [139.751779, 35.5620683]}, "properties": {"name": "大森第一中学校", "ward": "大田区", "address": "大田区大森南5-6-5", "elevator_or_1f": null, "slope": null, "braille_block": null, "wheelchair_toilet": null}}, {"type": "Feature", "geometry": {"type": "Point", "coordinates": [139.736214, 35.56916409]}, "properties": {"name": "大森東中学校", "ward": "大田区", "address": "大田区大森東4-1-1", "elevator_or_1f": null, "slope": null, "braille_block": null, "wheelchair_toilet": null}}, {"type": "Feature", "geometry": {"type": "Point", "coordinates": [139.7322109, 35.57959781]}, "properties": {"name": "大森第二中学校", "ward": "大田区", "address": "大田区大森北6-18-1", "elevator_or_1f": null, "slope": null, "braille_block": null, "wheelchair_toilet": null}}, {"type": "Feature", "geometry": {"type": "Point", "coordinates": [139.7271195, 35.57590709]}, "properties": {"name": "大森第八中学校", "ward": "大田区", "address": "大田区大森西2-21-1", "elevator_or_1f": true, "slope": null, "braille_block": true, "wheelchair_toilet": null}}, {"type": "Feature", "geometry": {"type": "Point", "coordinates": [139.7029342, 35.58461847]}, "properties": {"name": "馬込中学校", "ward": "大田区", "address": "大田区西馬込2-35-6", "elevator_or_1f": null, "slope": null, "braille_block": null, "wheelchair_toilet": null}}, {"type": "Feature", "geometry": {"type": "Point", "coordinates": [139.7173998, 35.58968928]}, "properties": {"name": "馬込東中学校", "ward": "大田区", "address": "大田区南馬込2-26-30", "elevator_or_1f": null, "slope": null, "braille_block": null, "wheelchair_toilet": null}}, {"type": "Feature", "geometry": {"type": "Point", "coordinates": [139.7052066, 35.59394348]}, "properties": {"name": "貝塚中学校", "ward": "大田区", "address": "大田区中馬込3-13-1", "elevator_or_1f": null, "slope": null, "braille_block": null, "wheelchair_toilet": null}}, {"type": "Feature", "geometry": {"type": "Point", "coordinates": [139.708729, 35.57780639]}, "properties": {"name": "大森第四中学校", "ward": "大田区", "address": "大田区池上1-15-1", "elevator_or_1f": true, "slope": null, "braille_block": null, "wheelchair_toilet": null}}, {"type": "Feature", "geometry": {"type": "Point", "coordinates": [139.7157603, 35.58075024]}, "properties": {"name": "大森第三中学校", "ward": "大田区", "address": "大田区中央4-12-8", "elevator_or_1f": true, "slope": null, "braille_block": true, "wheelchair_toilet": null}}, {"type": "Feature", "geometry": {"type": "Point", "coordinates": [139.6791663, 35.58339797]}, "properties": {"name": "東調布中学校", "ward": "大田区", "address": "大田区田園調布南29-15", "elevator_or_1f": null, "slope": null, "braille_block": null, "wheelchair_toilet": null}}, {"type": "Feature", "geometry": {"type": "Point", "coordinates": [139.6695155, 35.59822504]}, "properties": {"name": "田園調布中学校", "ward": "大田区", "address": "大田区田園調布2-60-1", "elevator_or_1f": true, "slope": null, "braille_block": null, "wheelchair_toilet": null}}, {"type": "Feature", "geometry": {"type": "Point", "coordinates": [139.68888, 35.578188]}, "properties": {"name": "大森第七中学校", "ward": "大田区", "address": "大田区南久が原1-3-1", "elevator_or_1f": true, "slope": null, "braille_block": null, "wheelchair_toilet": null}}, {"type": "Feature", "geometry": {"type": "Point", "coordinates": [139.6897081, 35.59052045]}, "properties": {"name": "雪谷中学校", "ward": "大田区", "address": "大田区南雪谷5-1-1", "elevator_or_1f": null, "slope": null, "braille_block": null, "wheelchair_toilet": null}}, {"type": "Feature", "geometry": {"type": "Point", "coordinates": [139.7003514, 35.58505835]}, "properties": {"name": "大森第十中学校", "ward": "大田区", "address": "大田区仲池上2-13-1", "elevator_or_1f": null, "slope": null, "braille_block": null, "wheelchair_toilet": null}}, {"type": "Feature", "geometry": {"type": "Point", "coordinates": [139.6932263, 35.60190926]}, "properties": {"name": "大森第六中学校", "ward": "大田区", "address": "大田区南千束1-33-1", "elevator_or_1f": null, "slope": null, "braille_block": null, "wheelchair_toilet": null}}, {"type": "Feature", "geometry": {"type": "Point", "coordinates": [139.6816554, 35.59916526]}, "properties": {"name": "石川台中学校", "ward": "大田区", "address": "大田区石川町2-23-1", "elevator_or_1f": true, "slope": null, "braille_block": null, "wheelchair_toilet": null}}, {"type": "Feature", "geometry": {"type": "Point", "coordinates": [139.7504433, 35.55709283]}, "properties": {"name": "羽田中学校", "ward": "大田区", "address": "大田区東糀谷6-10-12", "elevator_or_1f": null, "slope": null, "braille_block": true, "wheelchair_toilet": null}}, {"type": "Feature", "geometry": {"type": "Point", "coordinates": [139.7364885, 35.55628454]}, "properties": {"name": "糀谷中学校", "ward": "大田区", "address": "大田区西糀谷3-6-23", "elevator_or_1f": null, "slope": null, "braille_block": null, "wheelchair_toilet": null}}, {"type": "Feature", "geometry": {"type": "Point", "coordinates": [139.7374827, 35.54902838]}, "properties": {"name": "出雲中学校", "ward": "大田区", "address": "大田区本羽田3-4-15", "elevator_or_1f": null, "slope": null, "braille_block": null, "wheelchair_toilet": null}}, {"type": "Feature", "geometry": {"type": "Point", "coordinates": [139.71076, 35.54834975]}, "properties": {"name": "六郷中学校", "ward": "大田区", "address": "大田区仲六郷3-11-11", "elevator_or_1f": null, "slope": null, "braille_block": null, "wheelchair_toilet": null}}, {"type": "Feature", "geometry": {"type": "Point", "coordinates": [139.7102298, 35.55557492]}, "properties": {"name": "志茂田中学校", "ward": "大田区", "address": "大田区西六郷1-4-10", "elevator_or_1f": null, "slope": null, "braille_block": true, "wheelchair_toilet": null}}, {"type": "Feature", "geometry": {"type": "Point", "coordinates": [139.7166846, 35.54627914]}, "properties": {"name": "南六郷中学校", "ward": "大田区", "address": "大田区南六郷3-2-1", "elevator_or_1f": null, "slope": null, "braille_block": null, "wheelchair_toilet": null}}, {"type": "Feature", "geometry": {"type": "Point", "coordinates": [139.6856265, 35.56353337]}, "properties": {"name": "矢口中学校", "ward": "大田区", "address": "大田区下丸子2-23-1", "elevator_or_1f": null, "slope": null, "braille_block": null, "wheelchair_toilet": null}}, {"type": "Feature", "geometry": {"type": "Point", "coordinates": [139.7118014, 35.56127032]}, "properties": {"name": "御園中学校", "ward": "大田区", "address": "大田区西蒲田8-5-1", "elevator_or_1f": null, "slope": null, "braille_block": null, "wheelchair_toilet": null}}, {"type": "Feature", "geometry": {"type": "Point", "coordinates": [139.7080583, 35.57081215]}, "properties": {"name": "蓮沼中学校", "ward": "大田区", "address": "大田区西蒲田2-3-1", "elevator_or_1f": null, "slope": null, "braille_block": null, "wheelchair_toilet": null}}, {"type": "Feature", "geometry": {"type": "Point", "coordinates": [139.701699, 35.56674344]}, "properties": {"name": "安方中学校", "ward": "大田区", "address": "大田区東矢口2-1-1", "elevator_or_1f": null, "slope": null, "braille_block": null, "wheelchair_toilet": null}}, {"type": "Feature", "geometry": {"type": "Point", "coordinates": [139.7291379, 35.56086683]}, "properties": {"name": "東蒲中学校", "ward": "大田区", "address": "大田区東蒲田2-38-1", "elevator_or_1f": null, "slope": null, "braille_block": null, "wheelchair_toilet": null}}, {"type": "Feature", "geometry": {"type": "Point", "coordinates": [139.7193746, 35.56605699]}, "properties": {"name": "蒲田中学校", "ward": "大田区", "address": "大田区蒲田1-12-5", "elevator_or_1f": null, "slope": null, "braille_block": null, "wheelchair_toilet": null}}, {"type": "Feature", "geometry": {"type": "Point", "coordinates": [139.66772, 35.65504]}, "properties": {"name": "代沢小学校", "ward": "世田谷区", "address": "世田谷区代沢5-1-10", "elevator_or_1f": true, "slope": null, "braille_block": null, "wheelchair_toilet": null}}, {"type": "Feature", "geometry": {"type": "Point", "coordinates": [139.6616985, 35.66545428]}, "properties": {"name": "下北沢小学校", "ward": "世田谷区", "address": "世田谷区大原1-4-6", "elevator_or_1f": true, "slope": null, "braille_block": null, "wheelchair_toilet": null}}, {"type": "Feature", "geometry": {"type": "Point", "coordinates": [139.67193, 35.66837]}, "properties": {"name": "池之上小学校", "ward": "世田谷区", "address": "世田谷区北沢4-32-20", "elevator_or_1f": null, "slope": null, "braille_block": null, "wheelchair_toilet": null}}, {"type": "Feature", "geometry": {"type": "Point", "coordinates": [139.65719, 35.64961]}, "properties": {"name": "若林小学校", "ward": "世田谷区", "address": "世田谷区若林5-27-18", "elevator_or_1f": true, "slope": null, "braille_block": null, "wheelchair_toilet": null}}, {"type": "Feature", "geometry": {"type": "Point", "coordinates": [139.6765699, 35.64817262]}, "properties": {"name": "三宿小学校", "ward": "世田谷区", "address": "世田谷区三宿1-12-6", "elevator_or_1f": true, "slope": null, "braille_block": null, "wheelchair_toilet": null}}, {"type": "Feature", "geometry": {"type": "Point", "coordinates": [139.6667808, 35.64646355]}, "properties": {"name": "太子堂小学校", "ward": "世田谷区", "address": "世田谷区太子堂5-7-4", "elevator_or_1f": true, "slope": null, "braille_block": null, "wheelchair_toilet": null}}, {"type": "Feature", "geometry": {"type": "Point", "coordinates": [139.6452727, 35.64305836]}, "properties": {"name": "桜小学校", "ward": "世田谷区", "address": "世田谷区世田谷2-4-15", "elevator_or_1f": true, "slope": null, "braille_block": null, "wheelchair_toilet": null}}, {"type": "Feature", "geometry": {"type": "Point", "coordinates": [139.6311839, 35.64459881]}, "properties": {"name": "桜丘小学校", "ward": "世田谷区", "address": "世田谷区桜丘1-19-17", "elevator_or_1f": true, "slope": null, "braille_block": null, "wheelchair_toilet": null}}, {"type": "Feature", "geometry": {"type": "Point", "coordinates": [139.6737859, 35.65266804]}, "properties": {"name": "多聞小学校", "ward": "世田谷区", "address": "世田谷区三宿2-26-11", "elevator_or_1f": true, "slope": null, "braille_block": null, "wheelchair_toilet": null}}, {"type": "Feature", "geometry": {"type": "Point", "coordinates": [139.6448735, 35.64983658]}, "properties": {"name": "世田谷小学校", "ward": "世田谷区", "address": "世田谷区宮坂1-38-4", "elevator_or_1f": null, "slope": null, "braille_block": null, "wheelchair_toilet": null}}, {"type": "Feature", "geometry": {"type": "Point", "coordinates": [139.6395043, 35.66555367]}, "properties": {"name": "松沢小学校", "ward": "世田谷区", "address": "世田谷区赤堤4-44-22", "elevator_or_1f": true, "slope": null, "braille_block": null, "wheelchair_toilet": null}}, {"type": "Feature", "geometry": {"type": "Point", "coordinates": [139.6581311, 35.63283885]}, "properties": {"name": "駒沢小学校", "ward": "世田谷区", "address": "世田谷区駒沢2-10-6", "elevator_or_1f": true, "slope": null, "braille_block": null, "wheelchair_toilet": null}}, {"type": "Feature", "geometry": {"type": "Point", "coordinates": [139.6701439, 35.63540888]}, "properties": {"name": "旭小学校", "ward": "世田谷区", "address": "世田谷区野沢1-4-3", "elevator_or_1f": true, "slope": null, "braille_block": null, "wheelchair_toilet": null}}, {"type": "Feature", "geometry": {"type": "Point", "coordinates": [139.6737395, 35.63975449]}, "properties": {"name": "中里小学校", "ward": "世田谷区", "address": "世田谷区三軒茶屋1-4-1", "elevator_or_1f": true, "slope": null, "braille_block": null, "wheelchair_toilet": null}}, {"type": "Feature", "geometry": {"type": "Point", "coordinates": [139.6506484, 35.66420912]}, "properties": {"name": "松原小学校", "ward": "世田谷区", "address": "世田谷区松原5-43-26", "elevator_or_1f": null, "slope": null, "braille_block": null, "wheelchair_toilet": null}}, {"type": "Feature", "geometry": {"type": "Point", "coordinates": [139.6210997, 35.67002068]}, "properties": {"name": "上北沢小学校", "ward": "世田谷区", "address": "世田谷区上北沢4-22-29", "elevator_or_1f": true, "slope": null, "braille_block": null, "wheelchair_toilet": null}}, {"type": "Feature", "geometry": {"type": "Point", "coordinates": [139.6806139, 35.64031261]}, "properties": {"name": "駒繋小学校", "ward": "世田谷区", "address": "世田谷区下馬1-42-12", "elevator_or_1f": null, "slope": null, "braille_block": null, "wheelchair_toilet": null}}, {"type": "Feature", "geometry": {"type": "Point", "coordinates": [139.6304345, 35.65626447]}, "properties": {"name": "経堂小学校", "ward": "世田谷区", "address": "世田谷区桜上水1-23-3", "elevator_or_1f": true, "slope": null, "braille_block": null, "wheelchair_toilet": null}}, {"type": "Feature", "geometry": {"type": "Point", "coordinates": [139.6531812, 35.63943298]}, "properties": {"name": "弦巻小学校", "ward": "世田谷区", "address": "世田谷区弦巻1-9-18", "elevator_or_1f": true, "slope": null, "braille_block": null, "wheelchair_toilet": null}}, {"type": "Feature", "geometry": {"type": "Point", "coordinates": [139.6551266, 35.65141268]}, "properties": {"name": "山崎小学校", "ward": "世田谷区", "address": "世田谷区梅丘3-9-1", "elevator_or_1f": null, "slope": null, "braille_block": null, "wheelchair_toilet": null}}, {"type": "Feature", "geometry": {"type": "Point", "coordinates": [139.6732688, 35.63259928]}, "properties": {"name": "中丸小学校", "ward": "世田谷区", "address": "世田谷区野沢3-34-16", "elevator_or_1f": null, "slope": null, "braille_block": null, "wheelchair_toilet": null}}, {"type": "Feature", "geometry": {"type": "Point", "coordinates": [139.658517, 35.65846998]}, "properties": {"name": "代田小学校", "ward": "世田谷区", "address": "世田谷区代田4-2-3", "elevator_or_1f": true, "slope": null, "braille_block": null, "wheelchair_toilet": null}}, {"type": "Feature", "geometry": {"type": "Point", "coordinates": [139.6631923, 35.64042113]}, "properties": {"name": "三軒茶屋小学校", "ward": "世田谷区", "address": "世田谷区三軒茶屋2-42-1", "elevator_or_1f": true, "slope": null, "braille_block": null, "wheelchair_toilet": null}}, {"type": "Feature", "geometry": {"type": "Point", "coordinates": [139.6371979, 35.65627765]}, "properties": {"name": "赤堤小学校", "ward": "世田谷区", "address": "世田谷区赤堤1-41-24", "elevator_or_1f": true, "slope": null, "braille_block": null, "wheelchair_toilet": null}}, {"type": "Feature", "geometry": {"type": "Point", "coordinates": [139.644505, 35.63885881]}, "properties": {"name": "松丘小学校", "ward": "世田谷区", "address": "世田谷区弦巻3-23-12", "elevator_or_1f": true, "slope": null, "braille_block": null, "wheelchair_toilet": null}}, {"type": "Feature", "geometry": {"type": "Point", "coordinates": [139.6793687, 35.64584596]}, "properties": {"name": "池尻小学校", "ward": "世田谷区", "address": "世田谷区池尻2-4-10", "elevator_or_1f": true, "slope": null, "braille_block": null, "wheelchair_toilet": null}}, {"type": "Feature", "geometry": {"type": "Point", "coordinates": [139.6212027, 35.64527046]}, "properties": {"name": "笹原小学校", "ward": "世田谷区", "address": "世田谷区桜丘5-19-1", "elevator_or_1f": true, "slope": null, "braille_block": null, "wheelchair_toilet": null}}, {"type": "Feature", "geometry": {"type": "Point", "coordinates": [139.650948, 35.64885986]}, "properties": {"name": "城山小学校", "ward": "世田谷区", "address": "世田谷区梅丘2-1-11", "elevator_or_1f": true, "slope": null, "braille_block": null, "wheelchair_toilet": null}}, {"type": "Feature", "geometry": {"type": "Point", "coordinates": [139.6515958, 35.62732929]}, "properties": {"name": "深沢小学校", "ward": "世田谷区", "address": "世田谷区新町1-4-24", "elevator_or_1f": null, "slope": null, "braille_block": null, "wheelchair_toilet": null}}, {"type": "Feature", "geometry": {"type": "Point", "coordinates": [139.6433192, 35.61052696]}, "properties": {"name": "玉川小学校", "ward": "世田谷区", "address": "世田谷区中町2-29-1", "elevator_or_1f": null, "slope": null, "braille_block": null, "wheelchair_toilet": null}}, {"type": "Feature", "geometry": {"type": "Point", "coordinates": [139.6313595, 35.62912655]}, "properties": {"name": "京西小学校", "ward": "世田谷区", "address": "世田谷区用賀4-27-4", "elevator_or_1f": true, "slope": null, "braille_block": null, "wheelchair_toilet": null}}, {"type": "Feature", "geometry": {"type": "Point", "coordinates": [139.6261554, 35.61643284]}, "properties": {"name": "二子玉川小学校", "ward": "世田谷区", "address": "世田谷区玉川4-6-1", "elevator_or_1f": true, "slope": null, "braille_block": null, "wheelchair_toilet": null}}, {"type": "Feature", "geometry": {"type": "Point", "coordinates": [139.6669985, 35.60279446]}, "properties": {"name": "八幡小学校", "ward": "世田谷区", "address": "世田谷区玉川田園調布2-17-15", "elevator_or_1f": null, "slope": null, "braille_block": null, "wheelchair_toilet": null}}, {"type": "Feature", "geometry": {"type": "Point", "coordinates": [139.6752379, 35.59978702]}, "properties": {"name": "奥沢小学校", "ward": "世田谷区", "address": "世田谷区奥沢3-1-1", "elevator_or_1f": true, "slope": null, "braille_block": null, "wheelchair_toilet": null}}, {"type": "Feature", "geometry": {"type": "Point", "coordinates": [139.6544105, 35.60459192]}, "properties": {"name": "尾山台小学校", "ward": "世田谷区", "address": "世田谷区尾山台3-11-1", "elevator_or_1f": null, "slope": null, "braille_block": null, "wheelchair_toilet": null}}, {"type": "Feature", "geometry": {"type": "Point", "coordinates": [139.6583486, 35.61810651]}, "properties": {"name": "東深沢小学校", "ward": "世田谷区", "address": "世田谷区深沢3-7-1", "elevator_or_1f": true, "slope": null, "braille_block": null, "wheelchair_toilet": null}}, {"type": "Feature", "geometry": {"type": "Point", "coordinates": [139.6800936, 35.59857429]}, "properties": {"name": "東玉川小学校", "ward": "世田谷区", "address": "世田谷区奥沢1-1-1", "elevator_or_1f": true, "slope": null, "braille_block": null, "wheelchair_toilet": null}}, {"type": "Feature", "geometry": {"type": "Point", "coordinates": [139.6418238, 35.6240174]}, "properties": {"name": "桜町小学校", "ward": "世田谷区", "address": "世田谷区用賀1-5-1", "elevator_or_1f": true, "slope": null, "braille_block": null, "wheelchair_toilet": null}}, {"type": "Feature", "geometry": {"type": "Point", "coordinates": [139.6601911, 35.60324923]}, "properties": {"name": "九品仏小学校", "ward": "世田谷区", "address": "世田谷区奥沢8-12-1", "elevator_or_1f": null, "slope": null, "braille_block": null, "wheelchair_toilet": null}}, {"type": "Feature", "geometry": {"type": "Point", "coordinates": [139.6313869, 35.61877271]}, "properties": {"name": "瀬田小学校", "ward": "世田谷区", "address": "世田谷区瀬田2-15-1", "elevator_or_1f": null, "slope": null, "braille_block": null, "wheelchair_toilet": null}}, {"type": "Feature", "geometry": {"type": "Point", "coordinates": [139.6536981, 35.61648057]}, "properties": {"name": "等々力小学校", "ward": "世田谷区", "address": "世田谷区等-力7-26-1", "elevator_or_1f": true, "slope": null, "braille_block": null, "wheelchair_toilet": null}}, {"type": "Feature", "geometry": {"type": "Point", "coordinates": [139.6264296, 35.63623462]}, "properties": {"name": "用賀小学校", "ward": "世田谷区", "address": "世田谷区上用賀6-14-1", "elevator_or_1f": true, "slope": null, "braille_block": null, "wheelchair_toilet": null}}, {"type": "Feature", "geometry": {"type": "Point", "coordinates": [139.642777, 35.617326]}, "properties": {"name": "中町小学校", "ward": "世田谷区", "address": "世田谷区中町4-23-1", "elevator_or_1f": true, "slope": null, "braille_block": null, "wheelchair_toilet": null}}, {"type": "Feature", "geometry": {"type": "Point", "coordinates": [139.6472603, 35.59990126]}, "properties": {"name": "玉堤小学校", "ward": "世田谷区", "address": "世田谷区玉堤2-11-1", "elevator_or_1f": true, "slope": null, "braille_block": null, "wheelchair_toilet": null}}, {"type": "Feature", "geometry": {"type": "Point", "coordinates": [139.5926864, 35.66352965]}, "properties": {"name": "烏山小学校", "ward": "世田谷区", "address": "世田谷区給田1-2-1", "elevator_or_1f": true, "slope": null, "braille_block": null, "wheelchair_toilet": null}}, {"type": "Feature", "geometry": {"type": "Point", "coordinates": [139.6076034, 35.65687679]}, "properties": {"name": "塚戸小学校", "ward": "世田谷区", "address": "世田谷区千歳台6-7-1", "elevator_or_1f": true, "slope": null, "braille_block": null, "wheelchair_toilet": null}}, {"type": "Feature", "geometry": {"type": "Point", "coordinates": [139.6049011, 35.64586296]}, "properties": {"name": "祖師谷小学校", "ward": "世田谷区", "address": "世田谷区祖師谷3-49-1", "elevator_or_1f": true, "slope": null, "braille_block": null, "wheelchair_toilet": null}}, {"type": "Feature", "geometry": {"type": "Point", "coordinates": [139.6052246, 35.63175056]}, "properties": {"name": "砧小学校", "ward": "世田谷区", "address": "世田谷区喜多見6-9-1", "elevator_or_1f": null, "slope": null, "braille_block": null, "wheelchair_toilet": null}}, {"type": "Feature", "geometry": {"type": "Point", "coordinates": [139.599079, 35.63544698]}, "properties": {"name": "明正小学校", "ward": "世田谷区", "address": "世田谷区成城3-3-1", "elevator_or_1f": true, "slope": null, "braille_block": null, "wheelchair_toilet": null}}, {"type": "Feature", "geometry": {"type": "Point", "coordinates": [139.5994684, 35.67401265]}, "properties": {"name": "烏山北小学校", "ward": "世田谷区", "address": "世田谷区北烏山6-3-1", "elevator_or_1f": true, "slope": null, "braille_block": null, "wheelchair_toilet": null}}, {"type": "Feature", "geometry": {"type": "Point", "coordinates": [139.621947, 35.66168264]}, "properties": {"name": "八幡山小学校", "ward": "世田谷区", "address": "世田谷区八幡山1-14-1", "elevator_or_1f": true, "slope": null, "braille_block": null, "wheelchair_toilet": null}}, {"type": "Feature", "geometry": {"type": "Point", "coordinates": [139.6117847, 35.66642383]}, "properties": {"name": "芦花小学校", "ward": "世田谷区", "address": "世田谷区粕谷2-22-1", "elevator_or_1f": true, "slope": null, "braille_block": null, "wheelchair_toilet": null}}, {"type": "Feature", "geometry": {"type": "Point", "coordinates": [139.6172087, 35.65346644]}, "properties": {"name": "船橋小学校", "ward": "世田谷区", "address": "世田谷区船橋4-41-1", "elevator_or_1f": true, "slope": null, "braille_block": null, "wheelchair_toilet": null}}, {"type": "Feature", "geometry": {"type": "Point", "coordinates": [139.6125623, 35.62298474]}, "properties": {"name": "砧南小学校", "ward": "世田谷区", "address": "世田谷区鎌田4-3-1", "elevator_or_1f": true, "slope": null, "braille_block": null, "wheelchair_toilet": null}}, {"type": "Feature", "geometry": {"type": "Point", "coordinates": [139.5923791, 35.67130277]}, "properties": {"name": "給田小学校", "ward": "世田谷区", "address": "世田谷区給田4-24-1", "elevator_or_1f": true, "slope": null, "braille_block": null, "wheelchair_toilet": null}}, {"type": "Feature", "geometry": {"type": "Point", "coordinates": [139.6133364, 35.64354245]}, "properties": {"name": "山野小学校", "ward": "世田谷区", "address": "世田谷区砧6-7-1", "elevator_or_1f": true, "slope": null, "braille_block": null, "wheelchair_toilet": null}}, {"type": "Feature", "geometry": {"type": "Point", "coordinates": [139.5979824, 35.65165113]}, "properties": {"name": "千歳小学校", "ward": "世田谷区", "address": "世田谷区成城9-6-1", "elevator_or_1f": true, "slope": null, "braille_block": null, "wheelchair_toilet": null}}, {"type": "Feature", "geometry": {"type": "Point", "coordinates": [139.6012292, 35.6259361]}, "properties": {"name": "喜多見小学校", "ward": "世田谷区", "address": "世田谷区喜多見3-11-1", "elevator_or_1f": true, "slope": null, "braille_block": null, "wheelchair_toilet": null}}, {"type": "Feature", "geometry": {"type": "Point", "coordinates": [139.6054088, 35.67720745]}, "properties": {"name": "武蔵丘小学校", "ward": "世田谷区", "address": "世田谷区北烏山1-47-11", "elevator_or_1f": null, "slope": null, "braille_block": null, "wheelchair_toilet": null}}, {"type": "Feature", "geometry": {"type": "Point", "coordinates": [139.6134428, 35.65896472]}, "properties": {"name": "千歳台小学校", "ward": "世田谷区", "address": "世田谷区千歳台4-24-1", "elevator_or_1f": true, "slope": null, "braille_block": null, "wheelchair_toilet": null}}, {"type": "Feature", "geometry": {"type": "Point", "coordinates": [139.6689554, 35.65086711]}, "properties": {"name": "太子堂中学校", "ward": "世田谷区", "address": "世田谷区太子堂3-27-17", "elevator_or_1f": true, "slope": null, "braille_block": null, "wheelchair_toilet": null}}, {"type": "Feature", "geometry": {"type": "Point", "coordinates": [139.629738, 35.64368887]}, "properties": {"name": "桜丘中学校", "ward": "世田谷区", "address": "世田谷区桜丘2-1-39", "elevator_or_1f": true, "slope": null, "braille_block": null, "wheelchair_toilet": null}}, {"type": "Feature", "geometry": {"type": "Point", "coordinates": [139.6347207, 35.66651344]}, "properties": {"name": "松沢中学校", "ward": "世田谷区", "address": "世田谷区桜上水4-5-2", "elevator_or_1f": null, "slope": null, "braille_block": null, "wheelchair_toilet": null}}, {"type": "Feature", "geometry": {"type": "Point", "coordinates": [139.6558501, 35.63657937]}, "properties": {"name": "駒沢中学校", "ward": "世田谷区", "address": "世田谷区駒沢2-39-25", "elevator_or_1f": null, "slope": null, "braille_block": null, "wheelchair_toilet": null}}, {"type": "Feature", "geometry": {"type": "Point", "coordinates": [139.6675788, 35.66928101]}, "properties": {"name": "北沢中学校", "ward": "世田谷区", "address": "世田谷区北沢5-12-3", "elevator_or_1f": null, "slope": null, "braille_block": null, "wheelchair_toilet": null}}, {"type": "Feature", "geometry": {"type": "Point", "coordinates": [139.6311802, 35.66171588]}, "properties": {"name": "緑丘中学校", "ward": "世田谷区", "address": "世田谷区桜上水3-19-12", "elevator_or_1f": null, "slope": null, "braille_block": null, "wheelchair_toilet": null}}, {"type": "Feature", "geometry": {"type": "Point", "coordinates": [139.6786891, 35.63733889]}, "properties": {"name": "駒留中学校", "ward": "世田谷区", "address": "世田谷区下馬4-18-1", "elevator_or_1f": null, "slope": null, "braille_block": null, "wheelchair_toilet": null}}, {"type": "Feature", "geometry": {"type": "Point", "coordinates": [139.6522315, 35.65893076]}, "properties": {"name": "梅丘中学校", "ward": "世田谷区", "address": "世田谷区松原6-5-11", "elevator_or_1f": true, "slope": null, "braille_block": null, "wheelchair_toilet": null}}, {"type": "Feature", "geometry": {"type": "Point", "coordinates": [139.6418719, 35.64598694]}, "properties": {"name": "桜木中学校", "ward": "世田谷区", "address": "世田谷区桜1-48-15", "elevator_or_1f": true, "slope": null, "braille_block": null, "wheelchair_toilet": null}}, {"type": "Feature", "geometry": {"type": "Point", "coordinates": [139.6776014, 35.65698866]}, "properties": {"name": "富士中学校", "ward": "世田谷区", "address": "世田谷区代沢1-23-17", "elevator_or_1f": null, "slope": null, "braille_block": null, "wheelchair_toilet": null}}, {"type": "Feature", "geometry": {"type": "Point", "coordinates": [139.6494596, 35.63734011]}, "properties": {"name": "弦巻中学校", "ward": "世田谷区", "address": "世田谷区弦巻1-42-22", "elevator_or_1f": null, "slope": null, "braille_block": null, "wheelchair_toilet": null}}, {"type": "Feature", "geometry": {"type": "Point", "coordinates": [139.6795395, 35.6027658]}, "properties": {"name": "奥沢中学校", "ward": "世田谷区", "address": "世田谷区奥沢1-42-1", "elevator_or_1f": null, "slope": null, "braille_block": null, "wheelchair_toilet": null}}, {"type": "Feature", "geometry": {"type": "Point", "coordinates": [139.6615687, 35.61081242]}, "properties": {"name": "八幡中学校", "ward": "世田谷区", "address": "世田谷区等-力6-4-1", "elevator_or_1f": true, "slope": null, "braille_block": null, "wheelchair_toilet": null}}, {"type": "Feature", "geometry": {"type": "Point", "coordinates": [139.643473, 35.61679726]}, "properties": {"name": "玉川中学校", "ward": "世田谷区", "address": "世田谷区中町4-21-1", "elevator_or_1f": true, "slope": null, "braille_block": null, "wheelchair_toilet": null}}, {"type": "Feature", "geometry": {"type": "Point", "coordinates": [139.6335217, 35.61835482]}, "properties": {"name": "瀬田中学校", "ward": "世田谷区", "address": "世田谷区瀬田2-17-1", "elevator_or_1f": null, "slope": null, "braille_block": null, "wheelchair_toilet": null}}, {"type": "Feature", "geometry": {"type": "Point", "coordinates": [139.6482552, 35.62659729]}, "properties": {"name": "深沢中学校", "ward": "世田谷区", "address": "世田谷区新町1-26-29", "elevator_or_1f": true, "slope": null, "braille_block": null, "wheelchair_toilet": null}}, {"type": "Feature", "geometry": {"type": "Point", "coordinates": [139.6558223, 35.60589781]}, "properties": {"name": "尾山台中学校", "ward": "世田谷区", "address": "世田谷区尾山台3-27-23", "elevator_or_1f": null, "slope": null, "braille_block": null, "wheelchair_toilet": null}}, {"type": "Feature", "geometry": {"type": "Point", "coordinates": [139.6269078, 35.63044928]}, "properties": {"name": "用賀中学校", "ward": "世田谷区", "address": "世田谷区上用賀5-15-1", "elevator_or_1f": true, "slope": null, "braille_block": null, "wheelchair_toilet": null}}, {"type": "Feature", "geometry": {"type": "Point", "coordinates": [139.653948, 35.6189453]}, "properties": {"name": "東深沢中学校", "ward": "世田谷区", "address": "世田谷区深沢4-18-28", "elevator_or_1f": true, "slope": null, "braille_block": null, "wheelchair_toilet": null}}, {"type": "Feature", "geometry": {"type": "Point", "coordinates": [139.6010089, 35.63381021]}, "properties": {"name": "砧中学校", "ward": "世田谷区", "address": "世田谷区成城1-10-1", "elevator_or_1f": null, "slope": null, "braille_block": null, "wheelchair_toilet": null}}, {"type": "Feature", "geometry": {"type": "Point", "coordinates": [139.6009254, 35.67196192]}, "properties": {"name": "烏山中学校", "ward": "世田谷区", "address": "世田谷区南烏山4-26-1", "elevator_or_1f": true, "slope": null, "braille_block": null, "wheelchair_toilet": null}}, {"type": "Feature", "geometry": {"type": "Point", "coordinates": [139.6059035, 35.65839858]}, "properties": {"name": "千歳中学校", "ward": "世田谷区", "address": "世田谷区千歳台6-15-1", "elevator_or_1f": null, "slope": null, "braille_block": null, "wheelchair_toilet": null}}, {"type": "Feature", "geometry": {"type": "Point", "coordinates": [139.6109957, 35.6665658]}, "properties": {"name": "芦花中学校", "ward": "世田谷区", "address": "世田谷区粕谷2-22-2", "elevator_or_1f": true, "slope": null, "braille_block": null, "wheelchair_toilet": null}}, {"type": "Feature", "geometry": {"type": "Point", "coordinates": [139.6184915, 35.65592619]}, "properties": {"name": "船橋希望中学校", "ward": "世田谷区", "address": "世田谷区船橋4-20-1", "elevator_or_1f": true, "slope": null, "braille_block": null, "wheelchair_toilet": null}}, {"type": "Feature", "geometry": {"type": "Point", "coordinates": [139.5932125, 35.66020204]}, "properties": {"name": "上祖師谷中学校", "ward": "世田谷区", "address": "世田谷区上祖師谷7-10-1", "elevator_or_1f": true, "slope": null, "braille_block": null, "wheelchair_toilet": null}}, {"type": "Feature", "geometry": {"type": "Point", "coordinates": [139.613678, 35.621483]}, "properties": {"name": "砧南中学校", "ward": "世田谷区", "address": "世田谷区鎌田3-13-20", "elevator_or_1f": null, "slope": null, "braille_block": null, "wheelchair_toilet": null}}, {"type": "Feature", "geometry": {"type": "Point", "coordinates": [139.5937318, 35.62572993]}, "properties": {"name": "喜多見中学校", "ward": "世田谷区", "address": "世田谷区喜多見4-20-1", "elevator_or_1f": null, "slope": null, "braille_block": null, "wheelchair_toilet": null}}, {"type": "Feature", "geometry": {"type": "Point", "coordinates": [139.6779199, 35.64567394]}, "properties": {"name": "三宿中学校", "ward": "世田谷区", "address": "世田谷区太子堂1-3-43", "elevator_or_1f": null, "slope": null, "braille_block": null, "wheelchair_toilet": null}}, {"type": "Feature", "geometry": {"type": "Point", "coordinates": [139.6550886, 35.65067576]}, "properties": {"name": "世田谷中学校", "ward": "世田谷区", "address": "世田谷区梅丘3-8-1", "elevator_or_1f": true, "slope": null, "braille_block": null, "wheelchair_toilet": null}}, {"type": "Feature", "geometry": {"type": "Point", "coordinates": [139.62199685, 35.65654794]}, "properties": {"name": "希望丘小学校", "ward": "世田谷区", "address": "世田谷区船橋4-9-1", "elevator_or_1f": true, "slope": null, "braille_block": null, "wheelchair_toilet": null}}, {"type": "Feature", "geometry": {"type": "Point", "coordinates": [139.66171783, 35.6652523]}, "properties": {"name": "まもりやまテラス", "ward": "世田谷区", "address": "世田谷区代田6-21-5", "elevator_or_1f": null, "slope": null, "braille_block": null, "wheelchair_toilet": null}}, {"type": "Feature", "geometry": {"type": "Point", "coordinates": [139.62080423, 35.65897099]}, "properties": {"name": "希望丘複合施設", "ward": "世田谷区", "address": "世田谷区船橋6‐25‐1", "elevator_or_1f": true, "slope": true, "braille_block": true, "wheelchair_toilet": true}}, {"type": "Feature", "geometry": {"type": "Point", "coordinates": [139.6624792, 35.6518289]}, "properties": {"name": "さくら花見堂", "ward": "世田谷区", "address": "世田谷区代田1-13-14", "elevator_or_1f": null, "slope": null, "braille_block": null, "wheelchair_toilet": null}}, {"type": "Feature", "geometry": {"type": "Point", "coordinates": [139.7146888, 35.64445106]}, "properties": {"name": "加計塚小学校", "ward": "渋谷区", "address": "渋谷区恵比寿4-21-10", "elevator_or_1f": true, "slope": null, "braille_block": null, "wheelchair_toilet": null}}, {"type": "Feature", "geometry": {"type": "Point", "coordinates": [139.7163345, 35.64898459]}, "properties": {"name": "臨川小学校", "ward": "渋谷区", "address": "渋谷区広尾1-9-17", "elevator_or_1f": null, "slope": null, "braille_block": null, "wheelchair_toilet": null}}, {"type": "Feature", "geometry": {"type": "Point", "coordinates": [139.7031834, 35.65329976]}, "properties": {"name": "鉢山中学校", "ward": "渋谷区", "address": "渋谷区鶯谷町9-1", "elevator_or_1f": null, "slope": null, "braille_block": null, "wheelchair_toilet": null}}, {"type": "Feature", "geometry": {"type": "Point", "coordinates": [139.7061584, 35.6474285]}, "properties": {"name": "長谷戸小学校", "ward": "渋谷区", "address": "渋谷区恵比寿西1-23-1", "elevator_or_1f": true, "slope": null, "braille_block": null, "wheelchair_toilet": null}}, {"type": "Feature", "geometry": {"type": "Point", "coordinates": [139.7016786, 35.65107097]}, "properties": {"name": "猿楽小学校", "ward": "渋谷区", "address": "渋谷区猿楽町12-35", "elevator_or_1f": null, "slope": null, "braille_block": null, "wheelchair_toilet": null}}, {"type": "Feature", "geometry": {"type": "Point", "coordinates": [139.7125536, 35.6542349]}, "properties": {"name": "広尾中学校", "ward": "渋谷区", "address": "渋谷区東4-13-25", "elevator_or_1f": null, "slope": null, "braille_block": null, "wheelchair_toilet": null}}, {"type": "Feature", "geometry": {"type": "Point", "coordinates": [139.7120787, 35.65179716]}, "properties": {"name": "広尾小学校", "ward": "渋谷区", "address": "渋谷区東3-3-3", "elevator_or_1f": null, "slope": null, "braille_block": null, "wheelchair_toilet": null}}, {"type": "Feature", "geometry": {"type": "Point", "coordinates": [139.7104267, 35.65577767]}, "properties": {"name": "常磐松小学校", "ward": "渋谷区", "address": "渋谷区東1-7-10", "elevator_or_1f": null, "slope": null, "braille_block": null, "wheelchair_toilet": null}}, {"type": "Feature", "geometry": {"type": "Point", "coordinates": [139.703767, 35.660397]}, "properties": {"name": "商工会館", "ward": "渋谷区", "address": "渋谷区渋谷1-12-5", "elevator_or_1f": true, "slope": null, "braille_block": true, "wheelchair_toilet": null}}, {"type": "Feature", "geometry": {"type": "Point", "coordinates": [139.6908661, 35.66129253]}, "properties": {"name": "松濤中学校", "ward": "渋谷区", "address": "渋谷区松濤1-20-4", "elevator_or_1f": null, "slope": null, "braille_block": null, "wheelchair_toilet": null}}, {"type": "Feature", "geometry": {"type": "Point", "coordinates": [139.6975555, 35.6630945]}, "properties": {"name": "神南小学校", "ward": "渋谷区", "address": "渋谷区宇田川町5-1", "elevator_or_1f": null, "slope": null, "braille_block": null, "wheelchair_toilet": null}}, {"type": "Feature", "geometry": {"type": "Point", "coordinates": [139.699962, 35.655514]}, "properties": {"name": "文化総合センター大和田", "ward": "渋谷区", "address": "渋谷区桜丘町23-21", "elevator_or_1f": true, "slope": null, "braille_block": null, "wheelchair_toilet": null}}, {"type": "Feature", "geometry": {"type": "Point", "coordinates": [139.677682, 35.66693254]}, "properties": {"name": "上原中学校", "ward": "渋谷区", "address": "渋谷区上原3-41-2", "elevator_or_1f": true, "slope": null, "braille_block": true, "wheelchair_toilet": null}}, {"type": "Feature", "geometry": {"type": "Point", "coordinates": [139.6791759, 35.66631465]}, "properties": {"name": "上原小学校", "ward": "渋谷区", "address": "渋谷区上原3-13-20", "elevator_or_1f": null, "slope": null, "braille_block": null, "wheelchair_toilet": null}}, {"type": "Feature", "geometry": {"type": "Point", "coordinates": [139.6867772, 35.66929752]}, "properties": {"name": "富谷小学校", "ward": "渋谷区", "address": "渋谷区上原1-46-4", "elevator_or_1f": null, "slope": null, "braille_block": null, "wheelchair_toilet": null}}, {"type": "Feature", "geometry": {"type": "Point", "coordinates": [139.6785967, 35.67398677]}, "properties": {"name": "西原小学校", "ward": "渋谷区", "address": "渋谷区西原2-22-1", "elevator_or_1f": null, "slope": null, "braille_block": null, "wheelchair_toilet": null}}, {"type": "Feature", "geometry": {"type": "Point", "coordinates": [139.6832703, 35.67438985]}, "properties": {"name": "代々木中学校", "ward": "渋谷区", "address": "渋谷区西原1-46-1", "elevator_or_1f": null, "slope": null, "braille_block": null, "wheelchair_toilet": null}}, {"type": "Feature", "geometry": {"type": "Point", "coordinates": [139.6808774, 35.67577363]}, "properties": {"name": "渋谷区スポーツセンター", "ward": "渋谷区", "address": "渋谷区西原1-40-18", "elevator_or_1f": true, "slope": null, "braille_block": true, "wheelchair_toilet": null}}, {"type": "Feature", "geometry": {"type": "Point", "coordinates": [139.68384, 35.67918233]}, "properties": {"name": "幡代小学校", "ward": "渋谷区", "address": "渋谷区初台1-32-12", "elevator_or_1f": null, "slope": null, "braille_block": null, "wheelchair_toilet": null}}, {"type": "Feature", "geometry": {"type": "Point", "coordinates": [139.694704, 35.68133138]}, "properties": {"name": "代々木山谷小学校", "ward": "渋谷区", "address": "渋谷区代-木3-47-1", "elevator_or_1f": true, "slope": null, "braille_block": true, "wheelchair_toilet": null}}, {"type": "Feature", "geometry": {"type": "Point", "coordinates": [139.681966, 35.686032]}, "properties": {"name": "渋谷本町学園", "ward": "渋谷区", "address": "渋谷区本町4-3-1", "elevator_or_1f": true, "slope": null, "braille_block": true, "wheelchair_toilet": null}}, {"type": "Feature", "geometry": {"type": "Point", "coordinates": [139.679237, 35.684758]}, "properties": {"name": "渋谷本町学園第二グラウンド", "ward": "渋谷区", "address": "渋谷区本町4-39-1", "elevator_or_1f": null, "slope": null, "braille_block": null, "wheelchair_toilet": null}}, {"type": "Feature", "geometry": {"type": "Point", "coordinates": [139.679535, 35.682102]}, "properties": {"name": "児童青少年センターフレンズ本町", "ward": "渋谷区", "address": "渋谷区本町6-6-2", "elevator_or_1f": true, "slope": null, "braille_block": null, "wheelchair_toilet": null}}, {"type": "Feature", "geometry": {"type": "Point", "coordinates": [139.6685004, 35.67783007]}, "properties": {"name": "笹塚中学校", "ward": "渋谷区", "address": "渋谷区笹塚3-10-1", "elevator_or_1f": null, "slope": null, "braille_block": null, "wheelchair_toilet": null}}, {"type": "Feature", "geometry": {"type": "Point", "coordinates": [139.6690894, 35.67616627]}, "properties": {"name": "笹塚小学校", "ward": "渋谷区", "address": "渋谷区笹塚2-8-1", "elevator_or_1f": true, "slope": null, "braille_block": null, "wheelchair_toilet": null}}, {"type": "Feature", "geometry": {"type": "Point", "coordinates": [139.6733129, 35.68075087]}, "properties": {"name": "中幡小学校", "ward": "渋谷区", "address": "渋谷区幡ヶ谷3-49-1", "elevator_or_1f": null, "slope": null, "braille_block": null, "wheelchair_toilet": null}}, {"type": "Feature", "geometry": {"type": "Point", "coordinates": [139.7075342, 35.6753204]}, "properties": {"name": "千駄谷小学校", "ward": "渋谷区", "address": "渋谷区千駄ヶ谷2-4-1", "elevator_or_1f": null, "slope": null, "braille_block": null, "wheelchair_toilet": null}}, {"type": "Feature", "geometry": {"type": "Point", "coordinates": [139.6979596, 35.6845681]}, "properties": {"name": "地域交流センター代々木の杜", "ward": "渋谷区", "address": "渋谷区代-木2-35-1", "elevator_or_1f": true, "slope": null, "braille_block": null, "wheelchair_toilet": null}}, {"type": "Feature", "geometry": {"type": "Point", "coordinates": [139.705778, 35.68237956]}, "properties": {"name": "鳩森小学校", "ward": "渋谷区", "address": "渋谷区千駄ヶ谷5-9-1", "elevator_or_1f": true, "slope": null, "braille_block": null, "wheelchair_toilet": null}}, {"type": "Feature", "geometry": {"type": "Point", "coordinates": [139.7081144, 35.66796324]}, "properties": {"name": "神宮前小学校", "ward": "渋谷区", "address": "渋谷区神宮前4-20-12", "elevator_or_1f": null, "slope": null, "braille_block": null, "wheelchair_toilet": null}}, {"type": "Feature", "geometry": {"type": "Point", "coordinates": [139.7054434, 35.67339956]}, "properties": {"name": "原宿外苑中学校", "ward": "渋谷区", "address": "渋谷区神宮前1-24-6", "elevator_or_1f": null, "slope": null, "braille_block": null, "wheelchair_toilet": null}}, {"type": "Feature", "geometry": {"type": "Point", "coordinates": [139.6624837, 35.68255638]}, "properties": {"name": "区立南中野中学校", "ward": "中野区", "address": "中野区南台5-22-17", "elevator_or_1f": null, "slope": null, "braille_block": null, "wheelchair_toilet": null}}, {"type": "Feature", "geometry": {"type": "Point", "coordinates": [139.6797768, 35.69212776]}, "properties": {"name": "旧向台小学校", "ward": "中野区", "address": "中野区弥生町1-25-1", "elevator_or_1f": true, "slope": null, "braille_block": null, "wheelchair_toilet": null}}, {"type": "Feature", "geometry": {"type": "Point", "coordinates": [139.6837152, 35.70082089]}, "properties": {"name": "区立塔山小学校", "ward": "中野区", "address": "中野区中央1-49-1", "elevator_or_1f": null, "slope": null, "braille_block": null, "wheelchair_toilet": null}}, {"type": "Feature", "geometry": {"type": "Point", "coordinates": [139.6769647, 35.70244453]}, "properties": {"name": "区立谷戸小学校", "ward": "中野区", "address": "中野区中野1-26-1", "elevator_or_1f": null, "slope": null, "braille_block": null, "wheelchair_toilet": null}}, {"type": "Feature", "geometry": {"type": "Point", "coordinates": [139.6710456, 35.69261547]}, "properties": {"name": "区立第二中学校", "ward": "中野区", "address": "中野区本町5-25-1", "elevator_or_1f": true, "slope": null, "braille_block": null, "wheelchair_toilet": null}}, {"type": "Feature", "geometry": {"type": "Point", "coordinates": [139.6708115, 35.69486221]}, "properties": {"name": "区立中野本郷小学校", "ward": "中野区", "address": "中野区本町4-27-3", "elevator_or_1f": true, "slope": null, "braille_block": null, "wheelchair_toilet": null}}, {"type": "Feature", "geometry": {"type": "Point", "coordinates": [139.6659067, 35.70044546]}, "properties": {"name": "区立桃花小学校", "ward": "中野区", "address": "中野区中央5-43-1", "elevator_or_1f": null, "slope": null, "braille_block": null, "wheelchair_toilet": null}}, {"type": "Feature", "geometry": {"type": "Point", "coordinates": [139.6758936, 35.70763091]}, "properties": {"name": "区立桃園第二小学校", "ward": "中野区", "address": "中野区中野6-13-1", "elevator_or_1f": null, "slope": null, "braille_block": null, "wheelchair_toilet": null}}, {"type": "Feature", "geometry": {"type": "Point", "coordinates": [139.6793603, 35.70650313]}, "properties": {"name": "明治大学付属中野中学・高等学校", "ward": "中野区", "address": "中野区東中野3-3-4", "elevator_or_1f": true, "slope": null, "braille_block": null, "wheelchair_toilet": null}}, {"type": "Feature", "geometry": {"type": "Point", "coordinates": [139.6712698, 35.71031049]}, "properties": {"name": "大妻中野中学・高等学校", "ward": "中野区", "address": "中野区上高田2-3-7", "elevator_or_1f": true, "slope": null, "braille_block": null, "wheelchair_toilet": null}}, {"type": "Feature", "geometry": {"type": "Point", "coordinates": [139.6891214, 35.7082852]}, "properties": {"name": "旧第三中学校", "ward": "中野区", "address": "中野区東中野5-12-1", "elevator_or_1f": null, "slope": null, "braille_block": null, "wheelchair_toilet": null}}, {"type": "Feature", "geometry": {"type": "Point", "coordinates": [139.6789752, 35.7102327]}, "properties": {"name": "区立白桜小学校", "ward": "中野区", "address": "中野区上高田1-2-28", "elevator_or_1f": true, "slope": null, "braille_block": null, "wheelchair_toilet": null}}, {"type": "Feature", "geometry": {"type": "Point", "coordinates": [139.6744103, 35.71711781]}, "properties": {"name": "旧上高田小学校", "ward": "中野区", "address": "中野区上高田5-35-3", "elevator_or_1f": null, "slope": null, "braille_block": null, "wheelchair_toilet": null}}, {"type": "Feature", "geometry": {"type": "Point", "coordinates": [139.6783601, 35.7146142]}, "properties": {"name": "区立第五中学校", "ward": "中野区", "address": "中野区上高田4-28-1", "elevator_or_1f": true, "slope": null, "braille_block": null, "wheelchair_toilet": null}}, {"type": "Feature", "geometry": {"type": "Point", "coordinates": [139.661013, 35.709509]}, "properties": {"name": "区立中野中学校", "ward": "中野区", "address": "中野区中野4-12-3", "elevator_or_1f": true, "slope": null, "braille_block": null, "wheelchair_toilet": null}}, {"type": "Feature", "geometry": {"type": "Point", "coordinates": [139.6573095, 35.72384659]}, "properties": {"name": "区立緑野中学校", "ward": "中野区", "address": "中野区丸山1-1-19", "elevator_or_1f": true, "slope": null, "braille_block": null, "wheelchair_toilet": null}}, {"type": "Feature", "geometry": {"type": "Point", "coordinates": [139.6680595, 35.72471078]}, "properties": {"name": "区立第七中学校", "ward": "中野区", "address": "中野区江古田2-9-11", "elevator_or_1f": true, "slope": null, "braille_block": null, "wheelchair_toilet": null}}, {"type": "Feature", "geometry": {"type": "Point", "coordinates": [139.6732019, 35.72964537]}, "properties": {"name": "区立江原小学校", "ward": "中野区", "address": "中野区江原町1-39-1", "elevator_or_1f": true, "slope": null, "braille_block": null, "wheelchair_toilet": null}}, {"type": "Feature", "geometry": {"type": "Point", "coordinates": [139.6665066, 35.72614758]}, "properties": {"name": "区立江古田小学校", "ward": "中野区", "address": "中野区江古田2-13-28", "elevator_or_1f": true, "slope": null, "braille_block": null, "wheelchair_toilet": null}}, {"type": "Feature", "geometry": {"type": "Point", "coordinates": [139.6596586, 35.71468169]}, "properties": {"name": "区立平和の森小学校", "ward": "中野区", "address": "中野区新井3-29-1", "elevator_or_1f": true, "slope": null, "braille_block": null, "wheelchair_toilet": null}}, {"type": "Feature", "geometry": {"type": "Point", "coordinates": [139.656672, 35.716686]}, "properties": {"name": "都立中野工業高等学校", "ward": "中野区", "address": "中野区野方3-5-5", "elevator_or_1f": null, "slope": null, "braille_block": null, "wheelchair_toilet": null}}, {"type": "Feature", "geometry": {"type": "Point", "coordinates": [139.6513101, 35.72113774]}, "properties": {"name": "区立北原小学校", "ward": "中野区", "address": "中野区野方6-30-6", "elevator_or_1f": null, "slope": null, "braille_block": null, "wheelchair_toilet": null}}, {"type": "Feature", "geometry": {"type": "Point", "coordinates": [139.6576044, 35.72533743]}, "properties": {"name": "区立緑野小学校", "ward": "中野区", "address": "中野区丸山1-17-1", "elevator_or_1f": null, "slope": null, "braille_block": null, "wheelchair_toilet": null}}, {"type": "Feature", "geometry": {"type": "Point", "coordinates": [139.6524253, 35.71349763]}, "properties": {"name": "区立啓明小学校", "ward": "中野区", "address": "中野区大和町1-18-1", "elevator_or_1f": null, "slope": null, "braille_block": null, "wheelchair_toilet": null}}, {"type": "Feature", "geometry": {"type": "Point", "coordinates": [139.6497284, 35.71618325]}, "properties": {"name": "区立明和中学校", "ward": "中野区", "address": "中野区若宮1-1-18", "elevator_or_1f": true, "slope": null, "braille_block": null, "wheelchair_toilet": null}}, {"type": "Feature", "geometry": {"type": "Point", "coordinates": [139.6437558, 35.72030963]}, "properties": {"name": "都立鷺宮高等学校", "ward": "中野区", "address": "中野区若宮3-46-8", "elevator_or_1f": true, "slope": null, "braille_block": null, "wheelchair_toilet": null}}, {"type": "Feature", "geometry": {"type": "Point", "coordinates": [139.6364733, 35.72246519]}, "properties": {"name": "鷺宮スポーツ・コミュニティプラザ", "ward": "中野区", "address": "中野区白鷺3-1-13", "elevator_or_1f": true, "slope": null, "braille_block": true, "wheelchair_toilet": null}}, {"type": "Feature", "geometry": {"type": "Point", "coordinates": [139.6311238, 35.72077724]}, "properties": {"name": "区立西中野小学校", "ward": "中野区", "address": "中野区白鷺3-9-2", "elevator_or_1f": true, "slope": null, "braille_block": null, "wheelchair_toilet": null}}, {"type": "Feature", "geometry": {"type": "Point", "coordinates": [139.639364, 35.72499698]}, "properties": {"name": "区立鷺宮小学校", "ward": "中野区", "address": "中野区鷺宮3-31-4", "elevator_or_1f": true, "slope": null, "braille_block": null, "wheelchair_toilet": null}}, {"type": "Feature", "geometry": {"type": "Point", "coordinates": [139.6284337, 35.72831731]}, "properties": {"name": "区立北中野中学校", "ward": "中野区", "address": "中野区上鷺宮5-7-1", "elevator_or_1f": true, "slope": null, "braille_block": null, "wheelchair_toilet": null}}, {"type": "Feature", "geometry": {"type": "Point", "coordinates": [139.6296936, 35.72836734]}, "properties": {"name": "区立武蔵台小学校", "ward": "中野区", "address": "中野区上鷺宮5-1-1", "elevator_or_1f": true, "slope": null, "braille_block": null, "wheelchair_toilet": null}}, {"type": "Feature", "geometry": {"type": "Point", "coordinates": [139.6351321, 35.73144114]}, "properties": {"name": "区立上鷺宮小学校", "ward": "中野区", "address": "中野区上鷺宮1-24-36", "elevator_or_1f": true, "slope": null, "braille_block": null, "wheelchair_toilet": null}}, {"type": "Feature", "geometry": {"type": "Point", "coordinates": [139.66812, 35.6818]}, "properties": {"name": "区立みなみの小学校", "ward": "中野区", "address": "中野区弥生町4-27-11", "elevator_or_1f": true, "slope": null, "braille_block": null, "wheelchair_toilet": null}}, {"type": "Feature", "geometry": {"type": "Point", "coordinates": [139.6681343, 35.68173662]}, "properties": {"name": "区立南台小学校", "ward": "中野区", "address": "中野区南台4-4-1", "elevator_or_1f": null, "slope": null, "braille_block": null, "wheelchair_toilet": null}}, {"type": "Feature", "geometry": {"type": "Point", "coordinates": [139.6744426, 35.68584733]}, "properties": {"name": "東京大学教育学部附属中等教育学校", "ward": "中野区", "address": "中野区南台1-15-1", "elevator_or_1f": null, "slope": null, "braille_block": null, "wheelchair_toilet": null}}, {"type": "Feature", "geometry": {"type": "Point", "coordinates": [139.6805195, 35.69893302]}, "properties": {"name": "宝仙学園", "ward": "中野区", "address": "中野区中央2-28-3", "elevator_or_1f": null, "slope": null, "braille_block": null, "wheelchair_toilet": null}}, {"type": "Feature", "geometry": {"type": "Point", "coordinates": [139.6618888, 35.6964719]}, "properties": {"name": "新渡戸文化学園", "ward": "中野区", "address": "中野区本町6-38-1", "elevator_or_1f": null, "slope": null, "braille_block": null, "wheelchair_toilet": null}}, {"type": "Feature", "geometry": {"type": "Point", "coordinates": [139.672089, 35.70362726]}, "properties": {"name": "中野中学校跡施設", "ward": "中野区", "address": "中野区中野1-57-12", "elevator_or_1f": null, "slope": null, "braille_block": null, "wheelchair_toilet": null}}, {"type": "Feature", "geometry": {"type": "Point", "coordinates": [139.674162, 35.70036469]}, "properties": {"name": "中部すこやか福祉センター", "ward": "中野区", "address": "中野区中央3-19-1", "elevator_or_1f": true, "slope": null, "braille_block": true, "wheelchair_toilet": null}}, {"type": "Feature", "geometry": {"type": "Point", "coordinates": [139.6594945, 35.71759935]}, "properties": {"name": "旧沼袋小学校", "ward": "中野区", "address": "中野区沼袋3-13-2", "elevator_or_1f": null, "slope": null, "braille_block": null, "wheelchair_toilet": null}}, {"type": "Feature", "geometry": {"type": "Point", "coordinates": [139.645, 35.71431]}, "properties": {"name": "区立美鳩小学校", "ward": "中野区", "address": "中野区大和町4-26-5", "elevator_or_1f": true, "slope": null, "braille_block": null, "wheelchair_toilet": null}}, {"type": "Feature", "geometry": {"type": "Point", "coordinates": [139.668378, 35.688193]}, "properties": {"name": "南部すこやか福祉センター等", "ward": "中野区", "address": "中野区弥生町5-11-26", "elevator_or_1f": true, "slope": null, "braille_block": true, "wheelchair_toilet": null}}, {"type": "Feature", "geometry": {"type": "Point", "coordinates": [139.6776, 35.69571]}, "properties": {"name": "区立中野第一小学校", "ward": "中野区", "address": "中野区本町3-16-1", "elevator_or_1f": true, "slope": true, "braille_block": null, "wheelchair_toilet": true}}, {"type": "Feature", "geometry": {"type": "Point", "coordinates": [139.68374882, 35.69856124]}, "properties": {"name": "中野東中学校等複合施設", "ward": "中野区", "address": "中野区中央1-41-4", "elevator_or_1f": true, "slope": true, "braille_block": null, "wheelchair_toilet": true}}, {"type": "Feature", "geometry": {"type": "Point", "coordinates": [139.66835838, 35.71715068]}, "properties": {"name": "区立令和小学校", "ward": "中野区", "address": "中野区新井4-19-26", "elevator_or_1f": true, "slope": null, "braille_block": null, "wheelchair_toilet": null}}, {"type": "Feature", "geometry": {"type": "Point", "coordinates": [139.611687, 35.694975]}, "properties": {"name": "荻窪小学校", "ward": "杉並区", "address": "杉並区宮前2-13-18", "elevator_or_1f": null, "slope": null, "braille_block": null, "wheelchair_toilet": null}}, {"type": "Feature", "geometry": {"type": "Point", "coordinates": [139.6220866, 35.69616976]}, "properties": {"name": "松溪中学校", "ward": "杉並区", "address": "杉並区荻窪2-3-1", "elevator_or_1f": null, "slope": null, "braille_block": null, "wheelchair_toilet": null}}, {"type": "Feature", "geometry": {"type": "Point", "coordinates": [139.599289, 35.686737]}, "properties": {"name": "久我山会館", "ward": "杉並区", "address": "杉並区久我山3-23-20", "elevator_or_1f": null, "slope": null, "braille_block": null, "wheelchair_toilet": null}}, {"type": "Feature", "geometry": {"type": "Point", "coordinates": [139.6368699, 35.70638001]}, "properties": {"name": "杉並第一小学校", "ward": "杉並区", "address": "杉並区阿佐谷北1-5-27", "elevator_or_1f": null, "slope": null, "braille_block": null, "wheelchair_toilet": null}}, {"type": "Feature", "geometry": {"type": "Point", "coordinates": [139.6317909, 35.69315036]}, "properties": {"name": "杉並第二小学校", "ward": "杉並区", "address": "杉並区成田西3-4-1", "elevator_or_1f": null, "slope": null, "braille_block": null, "wheelchair_toilet": null}}, {"type": "Feature", "geometry": {"type": "Point", "coordinates": [139.6565215, 35.69982027]}, "properties": {"name": "杉並第三小学校", "ward": "杉並区", "address": "杉並区高円寺南1-15-13", "elevator_or_1f": null, "slope": null, "braille_block": null, "wheelchair_toilet": null}}, {"type": "Feature", "geometry": {"type": "Point", "coordinates": [139.6433936, 35.70153273]}, "properties": {"name": "杉並第六小学校", "ward": "杉並区", "address": "杉並区阿佐谷南1-24-21", "elevator_or_1f": null, "slope": null, "braille_block": null, "wheelchair_toilet": null}}, {"type": "Feature", "geometry": {"type": "Point", "coordinates": [139.6310955, 35.70286125]}, "properties": {"name": "杉並第七小学校", "ward": "杉並区", "address": "杉並区阿佐谷南3-19-2", "elevator_or_1f": null, "slope": null, "braille_block": null, "wheelchair_toilet": null}}, {"type": "Feature", "geometry": {"type": "Point", "coordinates": [139.6508779, 35.700938]}, "properties": {"name": "旧杉並第八小学校（高円寺体育館）", "ward": "杉並区", "address": "杉並区高円寺南2-36-31", "elevator_or_1f": null, "slope": null, "braille_block": null, "wheelchair_toilet": null}}, {"type": "Feature", "geometry": {"type": "Point", "coordinates": [139.6331049, 35.7135941]}, "properties": {"name": "杉並第九小学校", "ward": "杉並区", "address": "杉並区本天沼1-2-19", "elevator_or_1f": null, "slope": null, "braille_block": null, "wheelchair_toilet": null}}, {"type": "Feature", "geometry": {"type": "Point", "coordinates": [139.6574385, 35.69703461]}, "properties": {"name": "杉並第十小学校", "ward": "杉並区", "address": "杉並区和田3-55-49", "elevator_or_1f": null, "slope": null, "braille_block": null, "wheelchair_toilet": null}}, {"type": "Feature", "geometry": {"type": "Point", "coordinates": [139.623069, 35.710742]}, "properties": {"name": "天沼小学校", "ward": "杉並区", "address": "杉並区天沼2-46-3", "elevator_or_1f": null, "slope": null, "braille_block": null, "wheelchair_toilet": null}}, {"type": "Feature", "geometry": {"type": "Point", "coordinates": [139.6182174, 35.70848527]}, "properties": {"name": "保育室若杉", "ward": "杉並区", "address": "杉並区天沼3-15-20", "elevator_or_1f": null, "slope": null, "braille_block": null, "wheelchair_toilet": null}}, {"type": "Feature", "geometry": {"type": "Point", "coordinates": [139.6221556, 35.69472193]}, "properties": {"name": "西田小学校", "ward": "杉並区", "address": "杉並区荻窪1-38-15", "elevator_or_1f": null, "slope": null, "braille_block": null, "wheelchair_toilet": null}}, {"type": "Feature", "geometry": {"type": "Point", "coordinates": [139.6389013, 35.69155673]}, "properties": {"name": "東田小学校", "ward": "杉並区", "address": "杉並区成田東1-21-1", "elevator_or_1f": null, "slope": null, "braille_block": null, "wheelchair_toilet": null}}, {"type": "Feature", "geometry": {"type": "Point", "coordinates": [139.6430643, 35.70875691]}, "properties": {"name": "馬橋小学校", "ward": "杉並区", "address": "杉並区高円寺北4-28-5", "elevator_or_1f": null, "slope": null, "braille_block": null, "wheelchair_toilet": null}}, {"type": "Feature", "geometry": {"type": "Point", "coordinates": [139.609168, 35.71207363]}, "properties": {"name": "桃井第一小学校", "ward": "杉並区", "address": "杉並区桃井2-6-1", "elevator_or_1f": null, "slope": null, "braille_block": null, "wheelchair_toilet": null}}, {"type": "Feature", "geometry": {"type": "Point", "coordinates": [139.6179657, 35.70182702]}, "properties": {"name": "桃井第二小学校", "ward": "杉並区", "address": "杉並区荻窪5-10-25", "elevator_or_1f": null, "slope": null, "braille_block": null, "wheelchair_toilet": null}}, {"type": "Feature", "geometry": {"type": "Point", "coordinates": [139.6023609, 35.7053512]}, "properties": {"name": "桃井第三小学校", "ward": "杉並区", "address": "杉並区西荻北2-10-7", "elevator_or_1f": null, "slope": null, "braille_block": null, "wheelchair_toilet": null}}, {"type": "Feature", "geometry": {"type": "Point", "coordinates": [139.5947161, 35.71697269]}, "properties": {"name": "桃井第四小学校", "ward": "杉並区", "address": "杉並区善福寺3-3-5", "elevator_or_1f": null, "slope": null, "braille_block": null, "wheelchair_toilet": null}}, {"type": "Feature", "geometry": {"type": "Point", "coordinates": [139.6198717, 35.72214478]}, "properties": {"name": "桃井第五小学校", "ward": "杉並区", "address": "杉並区下井草4-22-4", "elevator_or_1f": null, "slope": null, "braille_block": null, "wheelchair_toilet": null}}, {"type": "Feature", "geometry": {"type": "Point", "coordinates": [139.6100726, 35.72160258]}, "properties": {"name": "四宮小学校", "ward": "杉並区", "address": "杉並区上井草2-12-26", "elevator_or_1f": null, "slope": null, "braille_block": null, "wheelchair_toilet": null}}, {"type": "Feature", "geometry": {"type": "Point", "coordinates": [139.5961292, 35.71145735]}, "properties": {"name": "井荻小学校", "ward": "杉並区", "address": "杉並区善福寺1-10-19", "elevator_or_1f": null, "slope": null, "braille_block": null, "wheelchair_toilet": null}}, {"type": "Feature", "geometry": {"type": "Point", "coordinates": [139.6206189, 35.71634345]}, "properties": {"name": "沓掛小学校", "ward": "杉並区", "address": "杉並区清水3-1-9", "elevator_or_1f": null, "slope": null, "braille_block": null, "wheelchair_toilet": null}}, {"type": "Feature", "geometry": {"type": "Point", "coordinates": [139.6149247, 35.68427191]}, "properties": {"name": "高井戸小学校", "ward": "杉並区", "address": "杉並区高井戸西2-2-1", "elevator_or_1f": null, "slope": null, "braille_block": null, "wheelchair_toilet": null}}, {"type": "Feature", "geometry": {"type": "Point", "coordinates": [139.5992847, 35.69189063]}, "properties": {"name": "高井戸第二小学校", "ward": "杉並区", "address": "杉並区久我山4-49-1", "elevator_or_1f": null, "slope": null, "braille_block": null, "wheelchair_toilet": null}}, {"type": "Feature", "geometry": {"type": "Point", "coordinates": [139.6307318, 35.6721117]}, "properties": {"name": "高井戸第三小学校", "ward": "杉並区", "address": "杉並区下高井戸4-16-24", "elevator_or_1f": null, "slope": null, "braille_block": null, "wheelchair_toilet": null}}, {"type": "Feature", "geometry": {"type": "Point", "coordinates": [139.6023112, 35.698246]}, "properties": {"name": "高井戸第四小学校", "ward": "杉並区", "address": "杉並区西荻南1-8-16", "elevator_or_1f": null, "slope": null, "braille_block": null, "wheelchair_toilet": null}}, {"type": "Feature", "geometry": {"type": "Point", "coordinates": [139.5931609, 35.70009455]}, "properties": {"name": "松庵小学校", "ward": "杉並区", "address": "杉並区松庵2-23-24", "elevator_or_1f": null, "slope": null, "braille_block": null, "wheelchair_toilet": null}}, {"type": "Feature", "geometry": {"type": "Point", "coordinates": [139.6294434, 35.68556515]}, "properties": {"name": "浜田山小学校", "ward": "杉並区", "address": "杉並区浜田山4-23-1", "elevator_or_1f": null, "slope": null, "braille_block": null, "wheelchair_toilet": null}}, {"type": "Feature", "geometry": {"type": "Point", "coordinates": [139.6071015, 35.67970921]}, "properties": {"name": "富士見丘小学校", "ward": "杉並区", "address": "杉並区上高井戸2-16-13", "elevator_or_1f": null, "slope": null, "braille_block": null, "wheelchair_toilet": null}}, {"type": "Feature", "geometry": {"type": "Point", "coordinates": [139.6490938, 35.68347391]}, "properties": {"name": "大宮小学校", "ward": "杉並区", "address": "杉並区堀ノ内1-12-16", "elevator_or_1f": null, "slope": null, "braille_block": null, "wheelchair_toilet": null}}, {"type": "Feature", "geometry": {"type": "Point", "coordinates": [139.6560235, 35.67603194]}, "properties": {"name": "旧新泉小学校", "ward": "杉並区", "address": "杉並区和泉1-44-26", "elevator_or_1f": null, "slope": null, "braille_block": null, "wheelchair_toilet": null}}, {"type": "Feature", "geometry": {"type": "Point", "coordinates": [139.6468796, 35.69316376]}, "properties": {"name": "堀之内小学校", "ward": "杉並区", "address": "杉並区堀ノ内3-24-11", "elevator_or_1f": null, "slope": null, "braille_block": null, "wheelchair_toilet": null}}, {"type": "Feature", "geometry": {"type": "Point", "coordinates": [139.6569608, 35.69086329]}, "properties": {"name": "和田小学校", "ward": "杉並区", "address": "杉並区和田2-30-21", "elevator_or_1f": null, "slope": null, "braille_block": null, "wheelchair_toilet": null}}, {"type": "Feature", "geometry": {"type": "Point", "coordinates": [139.6582852, 35.67984157]}, "properties": {"name": "方南小学校", "ward": "杉並区", "address": "杉並区方南1-52-14", "elevator_or_1f": null, "slope": null, "braille_block": null, "wheelchair_toilet": null}}, {"type": "Feature", "geometry": {"type": "Point", "coordinates": [139.6397611, 35.673424]}, "properties": {"name": "永福小学校", "ward": "杉並区", "address": "杉並区永福2-16-33", "elevator_or_1f": null, "slope": null, "braille_block": null, "wheelchair_toilet": null}}, {"type": "Feature", "geometry": {"type": "Point", "coordinates": [139.6491907, 35.68550369]}, "properties": {"name": "済美小学校", "ward": "杉並区", "address": "杉並区堀ノ内1-17-24", "elevator_or_1f": null, "slope": null, "braille_block": null, "wheelchair_toilet": null}}, {"type": "Feature", "geometry": {"type": "Point", "coordinates": [139.6196185, 35.72857305]}, "properties": {"name": "八成小学校", "ward": "杉並区", "address": "杉並区井草2-25-4", "elevator_or_1f": null, "slope": null, "braille_block": null, "wheelchair_toilet": null}}, {"type": "Feature", "geometry": {"type": "Point", "coordinates": [139.6020023, 35.71992655]}, "properties": {"name": "三谷小学校", "ward": "杉並区", "address": "杉並区上井草3-14-12", "elevator_or_1f": null, "slope": null, "braille_block": null, "wheelchair_toilet": null}}, {"type": "Feature", "geometry": {"type": "Point", "coordinates": [139.6427832, 35.68747729]}, "properties": {"name": "松ノ木小学校", "ward": "杉並区", "address": "杉並区松ノ木1-2-26", "elevator_or_1f": null, "slope": null, "braille_block": null, "wheelchair_toilet": null}}, {"type": "Feature", "geometry": {"type": "Point", "coordinates": [139.6195924, 35.68020049]}, "properties": {"name": "高井戸東小学校", "ward": "杉並区", "address": "杉並区高井戸東1-12-1", "elevator_or_1f": null, "slope": null, "braille_block": null, "wheelchair_toilet": null}}, {"type": "Feature", "geometry": {"type": "Point", "coordinates": [139.6060943, 35.68614346]}, "properties": {"name": "久我山小学校", "ward": "杉並区", "address": "杉並区久我山5-18-7", "elevator_or_1f": null, "slope": null, "braille_block": null, "wheelchair_toilet": null}}, {"type": "Feature", "geometry": {"type": "Point", "coordinates": [139.6551923, 35.70675346]}, "properties": {"name": "高円寺学園", "ward": "杉並区", "address": "杉並区高円寺北1-4-11", "elevator_or_1f": null, "slope": null, "braille_block": null, "wheelchair_toilet": null}}, {"type": "Feature", "geometry": {"type": "Point", "coordinates": [139.6579036, 35.69592675]}, "properties": {"name": "高南中学校", "ward": "杉並区", "address": "杉並区和田3-40-10", "elevator_or_1f": null, "slope": null, "braille_block": null, "wheelchair_toilet": null}}, {"type": "Feature", "geometry": {"type": "Point", "coordinates": [139.6412553, 35.71190551]}, "properties": {"name": "杉森中学校", "ward": "杉並区", "address": "杉並区阿佐谷北5-45-24", "elevator_or_1f": null, "slope": null, "braille_block": null, "wheelchair_toilet": null}}, {"type": "Feature", "geometry": {"type": "Point", "coordinates": [139.6360922, 35.70022168]}, "properties": {"name": "阿佐ヶ谷中学校", "ward": "杉並区", "address": "杉並区阿佐谷南1-17-3", "elevator_or_1f": null, "slope": null, "braille_block": null, "wheelchair_toilet": null}}, {"type": "Feature", "geometry": {"type": "Point", "coordinates": [139.6351925, 35.69466128]}, "properties": {"name": "東田中学校", "ward": "杉並区", "address": "杉並区成田東3-19-17", "elevator_or_1f": null, "slope": null, "braille_block": null, "wheelchair_toilet": null}}, {"type": "Feature", "geometry": {"type": "Point", "coordinates": [139.6204611, 35.71224791]}, "properties": {"name": "天沼中学校", "ward": "杉並区", "address": "杉並区本天沼3-10-20", "elevator_or_1f": null, "slope": null, "braille_block": null, "wheelchair_toilet": null}}, {"type": "Feature", "geometry": {"type": "Point", "coordinates": [139.6314179, 35.71742062]}, "properties": {"name": "東原中学校", "ward": "杉並区", "address": "杉並区下井草1-28-5", "elevator_or_1f": null, "slope": null, "braille_block": null, "wheelchair_toilet": null}}, {"type": "Feature", "geometry": {"type": "Point", "coordinates": [139.6197778, 35.71950108]}, "properties": {"name": "中瀬中学校", "ward": "杉並区", "address": "杉並区下井草4-3-29", "elevator_or_1f": null, "slope": null, "braille_block": null, "wheelchair_toilet": null}}, {"type": "Feature", "geometry": {"type": "Point", "coordinates": [139.6105307, 35.71810198]}, "properties": {"name": "井荻中学校", "ward": "杉並区", "address": "杉並区今川2-13-24", "elevator_or_1f": null, "slope": null, "braille_block": null, "wheelchair_toilet": null}}, {"type": "Feature", "geometry": {"type": "Point", "coordinates": [139.6025412, 35.72210932]}, "properties": {"name": "井草中学校", "ward": "杉並区", "address": "杉並区上井草3-20-11", "elevator_or_1f": null, "slope": null, "braille_block": null, "wheelchair_toilet": null}}, {"type": "Feature", "geometry": {"type": "Point", "coordinates": [139.5965382, 35.71036348]}, "properties": {"name": "荻窪中学校", "ward": "杉並区", "address": "杉並区善福寺1-8-3", "elevator_or_1f": null, "slope": null, "braille_block": null, "wheelchair_toilet": null}}, {"type": "Feature", "geometry": {"type": "Point", "coordinates": [139.6099754, 35.70038396]}, "properties": {"name": "神明中学校", "ward": "杉並区", "address": "杉並区南荻窪2-37-28", "elevator_or_1f": null, "slope": null, "braille_block": null, "wheelchair_toilet": null}}, {"type": "Feature", "geometry": {"type": "Point", "coordinates": [139.6106217, 35.69330978]}, "properties": {"name": "宮前中学校", "ward": "杉並区", "address": "杉並区宮前2-12-1", "elevator_or_1f": null, "slope": null, "braille_block": null, "wheelchair_toilet": null}}, {"type": "Feature", "geometry": {"type": "Point", "coordinates": [139.6059275, 35.68256886]}, "properties": {"name": "富士見丘中学校", "ward": "杉並区", "address": "杉並区久我山2-20-1", "elevator_or_1f": null, "slope": null, "braille_block": null, "wheelchair_toilet": null}}, {"type": "Feature", "geometry": {"type": "Point", "coordinates": [139.6229441, 35.68101149]}, "properties": {"name": "高井戸中学校", "ward": "杉並区", "address": "杉並区高井戸東1-28-1", "elevator_or_1f": null, "slope": null, "braille_block": null, "wheelchair_toilet": null}}, {"type": "Feature", "geometry": {"type": "Point", "coordinates": [139.6351454, 35.6722968]}, "properties": {"name": "向陽中学校", "ward": "杉並区", "address": "杉並区下高井戸3-24-1", "elevator_or_1f": null, "slope": null, "braille_block": null, "wheelchair_toilet": null}}, {"type": "Feature", "geometry": {"type": "Point", "coordinates": [139.6407764, 35.68683231]}, "properties": {"name": "松ノ木中学校", "ward": "杉並区", "address": "杉並区松ノ木1-4-1", "elevator_or_1f": null, "slope": null, "braille_block": null, "wheelchair_toilet": null}}, {"type": "Feature", "geometry": {"type": "Point", "coordinates": [139.6483297, 35.68663154]}, "properties": {"name": "大宮中学校", "ward": "杉並区", "address": "杉並区堀ノ内1-16-38", "elevator_or_1f": null, "slope": null, "braille_block": null, "wheelchair_toilet": null}}, {"type": "Feature", "geometry": {"type": "Point", "coordinates": [139.6551573, 35.68423899]}, "properties": {"name": "泉南中学校", "ward": "杉並区", "address": "杉並区堀ノ内1-3-1", "elevator_or_1f": null, "slope": null, "braille_block": null, "wheelchair_toilet": null}}, {"type": "Feature", "geometry": {"type": "Point", "coordinates": [139.6582818, 35.69006242]}, "properties": {"name": "和田中学校", "ward": "杉並区", "address": "杉並区和田2-21-8", "elevator_or_1f": null, "slope": null, "braille_block": null, "wheelchair_toilet": null}}, {"type": "Feature", "geometry": {"type": "Point", "coordinates": [139.648669, 35.674108]}, "properties": {"name": "杉並和泉学園", "ward": "杉並区", "address": "杉並区和泉2-17-14", "elevator_or_1f": null, "slope": null, "braille_block": null, "wheelchair_toilet": null}}, {"type": "Feature", "geometry": {"type": "Point", "coordinates": [139.6017605, 35.69256662]}, "properties": {"name": "西宮中学校", "ward": "杉並区", "address": "杉並区宮前5-1-25", "elevator_or_1f": null, "slope": null, "braille_block": null, "wheelchair_toilet": null}}, {"type": "Feature", "geometry": {"type": "Point", "coordinates": [139.607793, 35.710461]}, "properties": {"name": "杉並会館", "ward": "杉並区", "address": "杉並区上荻3-29-5", "elevator_or_1f": null, "slope": null, "braille_block": null, "wheelchair_toilet": null}}, {"type": "Feature", "geometry": {"type": "Point", "coordinates": [139.7145, 35.74437]}, "properties": {"name": "旧文成小学校", "ward": "豊島区", "address": "豊島区池袋本町4-36-1", "elevator_or_1f": null, "slope": null, "braille_block": null, "wheelchair_toilet": null}}, {"type": "Feature", "geometry": {"type": "Point", "coordinates": [139.703012, 35.728584]}, "properties": {"name": "池袋第三小学校", "ward": "豊島区", "address": "豊島区西池袋3-14-3", "elevator_or_1f": true, "slope": null, "braille_block": true, "wheelchair_toilet": null}}, {"type": "Feature", "geometry": {"type": "Point", "coordinates": [139.7288377, 35.74167651]}, "properties": {"name": "巣鴨北中学校", "ward": "豊島区", "address": "豊島区西巣鴨3-17-1", "elevator_or_1f": true, "slope": null, "braille_block": true, "wheelchair_toilet": null}}, {"type": "Feature", "geometry": {"type": "Point", "coordinates": [139.714573, 35.740714]}, "properties": {"name": "池袋本町小学校・池袋中学校（連携校）", "ward": "豊島区", "address": "豊島区池袋本町1-43-1", "elevator_or_1f": true, "slope": null, "braille_block": true, "wheelchair_toilet": null}}, {"type": "Feature", "geometry": {"type": "Point", "coordinates": [139.690858, 35.73575]}, "properties": {"name": "西部区民事務所", "ward": "豊島区", "address": "豊島区千早2-39-16", "elevator_or_1f": null, "slope": null, "braille_block": null, "wheelchair_toilet": null}}, {"type": "Feature", "geometry": {"type": "Point", "coordinates": [139.697037, 35.725481]}, "properties": {"name": "旧真和中学校", "ward": "豊島区", "address": "豊島区目白5-24-12", "elevator_or_1f": true, "slope": null, "braille_block": true, "wheelchair_toilet": null}}, {"type": "Feature", "geometry": {"type": "Point", "coordinates": [139.7384731, 35.73660534]}, "properties": {"name": "仰高小学校", "ward": "豊島区", "address": "豊島区駒込3-13-1", "elevator_or_1f": null, "slope": null, "braille_block": null, "wheelchair_toilet": null}}, {"type": "Feature", "geometry": {"type": "Point", "coordinates": [139.7432556, 35.73855524]}, "properties": {"name": "駒込小学校", "ward": "豊島区", "address": "豊島区駒込3-13-1", "elevator_or_1f": null, "slope": null, "braille_block": null, "wheelchair_toilet": null}}, {"type": "Feature", "geometry": {"type": "Point", "coordinates": [139.7349067, 35.72847815]}, "properties": {"name": "巣鴨小学校", "ward": "豊島区", "address": "豊島区南大塚1-24-10", "elevator_or_1f": null, "slope": null, "braille_block": null, "wheelchair_toilet": null}}, {"type": "Feature", "geometry": {"type": "Point", "coordinates": [139.7329056, 35.73588527]}, "properties": {"name": "清和小学校", "ward": "豊島区", "address": "豊島区巣鴨3-14-1", "elevator_or_1f": true, "slope": null, "braille_block": null, "wheelchair_toilet": null}}, {"type": "Feature", "geometry": {"type": "Point", "coordinates": [139.7259651, 35.73849979]}, "properties": {"name": "西巣鴨小学校", "ward": "豊島区", "address": "豊島区西巣鴨1-27-1", "elevator_or_1f": true, "slope": null, "braille_block": null, "wheelchair_toilet": null}}, {"type": "Feature", "geometry": {"type": "Point", "coordinates": [139.7220085, 35.73497608]}, "properties": {"name": "豊成小学校", "ward": "豊島区", "address": "豊島区上池袋1-18-24", "elevator_or_1f": null, "slope": null, "braille_block": null, "wheelchair_toilet": null}}, {"type": "Feature", "geometry": {"type": "Point", "coordinates": [139.7235057, 35.72898679]}, "properties": {"name": "朋有小学校", "ward": "豊島区", "address": "豊島区東池袋4-40-1", "elevator_or_1f": null, "slope": null, "braille_block": null, "wheelchair_toilet": null}}, {"type": "Feature", "geometry": {"type": "Point", "coordinates": [139.7330494, 35.74112168]}, "properties": {"name": "朝日小学校", "ward": "豊島区", "address": "豊島区巣鴨5-33-1", "elevator_or_1f": null, "slope": null, "braille_block": null, "wheelchair_toilet": null}}, {"type": "Feature", "geometry": {"type": "Point", "coordinates": [139.7188825, 35.74168224]}, "properties": {"name": "池袋第一小学校", "ward": "豊島区", "address": "豊島区上池袋4-28-1", "elevator_or_1f": null, "slope": null, "braille_block": null, "wheelchair_toilet": null}}, {"type": "Feature", "geometry": {"type": "Point", "coordinates": [139.7097165, 35.73797441]}, "properties": {"name": "池袋小学校", "ward": "豊島区", "address": "豊島区池袋4-23-8", "elevator_or_1f": null, "slope": null, "braille_block": null, "wheelchair_toilet": null}}, {"type": "Feature", "geometry": {"type": "Point", "coordinates": [139.7099661, 35.72066236]}, "properties": {"name": "目白小学校", "ward": "豊島区", "address": "豊島区目白2-11-6", "elevator_or_1f": true, "slope": null, "braille_block": true, "wheelchair_toilet": null}}, {"type": "Feature", "geometry": {"type": "Point", "coordinates": [139.6898615, 35.72845295]}, "properties": {"name": "長崎小学校", "ward": "豊島区", "address": "豊島区長崎2-6-3", "elevator_or_1f": true, "slope": null, "braille_block": true, "wheelchair_toilet": null}}, {"type": "Feature", "geometry": {"type": "Point", "coordinates": [139.69369, 35.73437238]}, "properties": {"name": "要小学校", "ward": "豊島区", "address": "豊島区要町2-3-20", "elevator_or_1f": null, "slope": null, "braille_block": null, "wheelchair_toilet": null}}, {"type": "Feature", "geometry": {"type": "Point", "coordinates": [139.685541, 35.72672503]}, "properties": {"name": "椎名町小学校", "ward": "豊島区", "address": "豊島区南長崎4-30-5", "elevator_or_1f": null, "slope": null, "braille_block": null, "wheelchair_toilet": null}}, {"type": "Feature", "geometry": {"type": "Point", "coordinates": [139.6972784, 35.7395679]}, "properties": {"name": "高松小学校", "ward": "豊島区", "address": "豊島区高松2-57-22", "elevator_or_1f": null, "slope": null, "braille_block": null, "wheelchair_toilet": null}}, {"type": "Feature", "geometry": {"type": "Point", "coordinates": [139.6872795, 35.73504414]}, "properties": {"name": "千早小学校", "ward": "豊島区", "address": "豊島区千早3-33-5", "elevator_or_1f": null, "slope": null, "braille_block": null, "wheelchair_toilet": null}}, {"type": "Feature", "geometry": {"type": "Point", "coordinates": [139.6932054, 35.72469546]}, "properties": {"name": "富士見台小学校", "ward": "豊島区", "address": "豊島区南長崎1-10-5", "elevator_or_1f": null, "slope": null, "braille_block": null, "wheelchair_toilet": null}}, {"type": "Feature", "geometry": {"type": "Point", "coordinates": [139.7142839, 35.71632097]}, "properties": {"name": "高南小学校", "ward": "豊島区", "address": "豊島区高田2-12-7", "elevator_or_1f": null, "slope": null, "braille_block": null, "wheelchair_toilet": null}}, {"type": "Feature", "geometry": {"type": "Point", "coordinates": [139.7149186, 35.72440108]}, "properties": {"name": "南池袋小学校", "ward": "豊島区", "address": "豊島区南池袋3-18-12", "elevator_or_1f": true, "slope": null, "braille_block": true, "wheelchair_toilet": null}}, {"type": "Feature", "geometry": {"type": "Point", "coordinates": [139.6799831, 35.73605283]}, "properties": {"name": "さくら小学校", "ward": "豊島区", "address": "豊島区長崎6-16-1", "elevator_or_1f": null, "slope": null, "braille_block": null, "wheelchair_toilet": null}}, {"type": "Feature", "geometry": {"type": "Point", "coordinates": [139.7419138, 35.7360005]}, "properties": {"name": "駒込中学校", "ward": "豊島区", "address": "豊島区駒込4-5-1", "elevator_or_1f": true, "slope": null, "braille_block": null, "wheelchair_toilet": null}}, {"type": "Feature", "geometry": {"type": "Point", "coordinates": [139.7274803, 35.72886891]}, "properties": {"name": "西巣鴨中学校", "ward": "豊島区", "address": "豊島区南大塚3-18-1", "elevator_or_1f": true, "slope": null, "braille_block": true, "wheelchair_toilet": null}}, {"type": "Feature", "geometry": {"type": "Point", "coordinates": [139.6999524, 35.73604536]}, "properties": {"name": "千川中学校", "ward": "豊島区", "address": "豊島区高松1-9-21", "elevator_or_1f": null, "slope": null, "braille_block": null, "wheelchair_toilet": null}}, {"type": "Feature", "geometry": {"type": "Point", "coordinates": [139.6999667, 35.7277363]}, "properties": {"name": "西池袋中学校", "ward": "豊島区", "address": "豊島区西池袋4-7-1", "elevator_or_1f": true, "slope": null, "braille_block": true, "wheelchair_toilet": null}}, {"type": "Feature", "geometry": {"type": "Point", "coordinates": [139.7113292, 35.71701981]}, "properties": {"name": "千登世橋中学校", "ward": "豊島区", "address": "豊島区目白2-11-6", "elevator_or_1f": true, "slope": null, "braille_block": true, "wheelchair_toilet": null}}, {"type": "Feature", "geometry": {"type": "Point", "coordinates": [139.6841587, 35.73577797]}, "properties": {"name": "明豊中学校", "ward": "豊島区", "address": "豊島区長崎5-31-29", "elevator_or_1f": true, "slope": null, "braille_block": true, "wheelchair_toilet": null}}, {"type": "Feature", "geometry": {"type": "Point", "coordinates": [139.689557, 35.740015]}, "properties": {"name": "豊島体育館", "ward": "豊島区", "address": "豊島区要町3-47-8", "elevator_or_1f": true, "slope": true, "braille_block": true, "wheelchair_toilet": true}}, {"type": "Feature", "geometry": {"type": "Point", "coordinates": [139.683453, 35.724803]}, "properties": {"name": "南長崎スポーツ公園", "ward": "豊島区", "address": "豊島区南長崎4-13-5", "elevator_or_1f": true, "slope": null, "braille_block": true, "wheelchair_toilet": true}}, {"type": "Feature", "geometry": {"type": "Point", "coordinates": [139.704512, 35.73566453]}, "properties": {"name": "みらい館大明", "ward": "豊島区", "address": "豊島区池袋3-30-8", "elevator_or_1f": null, "slope": null, "braille_block": null, "wheelchair_toilet": true}}, {"type": "Feature", "geometry": {"type": "Point", "coordinates": [139.7352335, 35.75864977]}, "properties": {"name": "区立王子小学校", "ward": "北区", "address": "北区王子2-7-1", "elevator_or_1f": true, "slope": null, "braille_block": true, "wheelchair_toilet": null}}, {"type": "Feature", "geometry": {"type": "Point", "coordinates": [139.737943, 35.76539508]}, "properties": {"name": "区立王子第一小学校", "ward": "北区", "address": "北区王子5-14-18", "elevator_or_1f": null, "slope": null, "braille_block": null, "wheelchair_toilet": null}}, {"type": "Feature", "geometry": {"type": "Point", "coordinates": [139.7327148, 35.75626997]}, "properties": {"name": "区立王子第二小学校", "ward": "北区", "address": "北区王子本町2-2-5", "elevator_or_1f": true, "slope": null, "braille_block": null, "wheelchair_toilet": null}}, {"type": "Feature", "geometry": {"type": "Point", "coordinates": [139.7181286, 35.76565352]}, "properties": {"name": "区立王子第三小学校", "ward": "北区", "address": "北区上十条5-2-3", "elevator_or_1f": true, "slope": null, "braille_block": null, "wheelchair_toilet": null}}, {"type": "Feature", "geometry": {"type": "Point", "coordinates": [139.7191858, 35.7598962]}, "properties": {"name": "区立王子第五小学校", "ward": "北区", "address": "北区上十条2-18-17", "elevator_or_1f": true, "slope": null, "braille_block": null, "wheelchair_toilet": null}}, {"type": "Feature", "geometry": {"type": "Point", "coordinates": [139.7258891, 35.76344798]}, "properties": {"name": "区立十条小学校", "ward": "北区", "address": "北区中十条3-1-6", "elevator_or_1f": true, "slope": null, "braille_block": null, "wheelchair_toilet": null}}, {"type": "Feature", "geometry": {"type": "Point", "coordinates": [139.7429077, 35.76097371]}, "properties": {"name": "区立豊川小学校", "ward": "北区", "address": "北区豊島3-10-23", "elevator_or_1f": true, "slope": null, "braille_block": null, "wheelchair_toilet": null}}, {"type": "Feature", "geometry": {"type": "Point", "coordinates": [139.7465997, 35.75385561]}, "properties": {"name": "区立堀船小学校", "ward": "北区", "address": "北区堀船2-11-9", "elevator_or_1f": true, "slope": null, "braille_block": null, "wheelchair_toilet": null}}, {"type": "Feature", "geometry": {"type": "Point", "coordinates": [139.7441057, 35.7578131]}, "properties": {"name": "区立柳田小学校", "ward": "北区", "address": "北区豊島2-11-20", "elevator_or_1f": true, "slope": null, "braille_block": null, "wheelchair_toilet": null}}, {"type": "Feature", "geometry": {"type": "Point", "coordinates": [139.7290497, 35.76608976]}, "properties": {"name": "区立東十条小学校", "ward": "北区", "address": "北区東十条3-14-23", "elevator_or_1f": true, "slope": null, "braille_block": null, "wheelchair_toilet": null}}, {"type": "Feature", "geometry": {"type": "Point", "coordinates": [139.7304809, 35.75864264]}, "properties": {"name": "旧十条台小学校", "ward": "北区", "address": "北区中十条1-5-6", "elevator_or_1f": true, "slope": null, "braille_block": null, "wheelchair_toilet": null}}, {"type": "Feature", "geometry": {"type": "Point", "coordinates": [139.7502339, 35.76613333]}, "properties": {"name": "区立としま若葉小学校", "ward": "北区", "address": "北区豊島5-3-30", "elevator_or_1f": true, "slope": null, "braille_block": null, "wheelchair_toilet": null}}, {"type": "Feature", "geometry": {"type": "Point", "coordinates": [139.7212072, 35.76988413]}, "properties": {"name": "区立西が丘小学校", "ward": "北区", "address": "北区十条仲原4-5-17", "elevator_or_1f": true, "slope": null, "braille_block": null, "wheelchair_toilet": null}}, {"type": "Feature", "geometry": {"type": "Point", "coordinates": [139.7215537, 35.78057493]}, "properties": {"name": "区立赤羽小学校", "ward": "北区", "address": "北区赤羽1-24-6", "elevator_or_1f": true, "slope": null, "braille_block": null, "wheelchair_toilet": null}}, {"type": "Feature", "geometry": {"type": "Point", "coordinates": [139.7257642, 35.78439162]}, "properties": {"name": "区立岩淵小学校", "ward": "北区", "address": "北区岩淵町6-6", "elevator_or_1f": true, "slope": null, "braille_block": null, "wheelchair_toilet": null}}, {"type": "Feature", "geometry": {"type": "Point", "coordinates": [139.7273804, 35.77737045]}, "properties": {"name": "区立なでしこ小学校", "ward": "北区", "address": "北区志茂1-34-17", "elevator_or_1f": true, "slope": null, "braille_block": true, "wheelchair_toilet": true}}, {"type": "Feature", "geometry": {"type": "Point", "coordinates": [139.7207166, 35.7860353]}, "properties": {"name": "区立第四岩淵小学校", "ward": "北区", "address": "北区赤羽3-24-23", "elevator_or_1f": true, "slope": null, "braille_block": null, "wheelchair_toilet": null}}, {"type": "Feature", "geometry": {"type": "Point", "coordinates": [139.7140739, 35.76796215]}, "properties": {"name": "区立梅木小学校", "ward": "北区", "address": "北区西が丘2-21-15", "elevator_or_1f": true, "slope": null, "braille_block": null, "wheelchair_toilet": null}}, {"type": "Feature", "geometry": {"type": "Point", "coordinates": [139.7292324, 35.77208909]}, "properties": {"name": "区立神谷小学校", "ward": "北区", "address": "北区神谷2-30-5", "elevator_or_1f": true, "slope": null, "braille_block": null, "wheelchair_toilet": null}}, {"type": "Feature", "geometry": {"type": "Point", "coordinates": [139.7253627, 35.77322586]}, "properties": {"name": "区立稲田小学校", "ward": "北区", "address": "北区赤羽南2-23-24", "elevator_or_1f": true, "slope": null, "braille_block": null, "wheelchair_toilet": null}}, {"type": "Feature", "geometry": {"type": "Point", "coordinates": [139.7070251, 35.77680197]}, "properties": {"name": "区立桐ケ丘郷小学校", "ward": "北区", "address": "北区桐ケ丘1-10-23", "elevator_or_1f": true, "slope": null, "braille_block": null, "wheelchair_toilet": null}}, {"type": "Feature", "geometry": {"type": "Point", "coordinates": [139.7059489, 35.78412811]}, "properties": {"name": "区立袋小学校", "ward": "北区", "address": "北区赤羽北2-15-3", "elevator_or_1f": true, "slope": null, "braille_block": null, "wheelchair_toilet": null}}, {"type": "Feature", "geometry": {"type": "Point", "coordinates": [139.7143403, 35.7808937]}, "properties": {"name": "区立八幡小学校", "ward": "北区", "address": "北区赤羽台3-18-5", "elevator_or_1f": true, "slope": null, "braille_block": null, "wheelchair_toilet": null}}, {"type": "Feature", "geometry": {"type": "Point", "coordinates": [139.7005913, 35.78591777]}, "properties": {"name": "区立浮間小学校", "ward": "北区", "address": "北区浮間3-4-27", "elevator_or_1f": true, "slope": null, "braille_block": null, "wheelchair_toilet": null}}, {"type": "Feature", "geometry": {"type": "Point", "coordinates": [139.6994521, 35.79285196]}, "properties": {"name": "区立西浮間小学校", "ward": "北区", "address": "北区浮間2-7-1", "elevator_or_1f": true, "slope": null, "braille_block": true, "wheelchair_toilet": null}}, {"type": "Feature", "geometry": {"type": "Point", "coordinates": [139.7136546, 35.77522732]}, "properties": {"name": "区立赤羽台西小学校", "ward": "北区", "address": "北区赤羽台2-1-34", "elevator_or_1f": true, "slope": null, "braille_block": null, "wheelchair_toilet": null}}, {"type": "Feature", "geometry": {"type": "Point", "coordinates": [139.747731, 35.74256891]}, "properties": {"name": "区立滝野川小学校", "ward": "北区", "address": "北区西ケ原1-18-10", "elevator_or_1f": true, "slope": null, "braille_block": null, "wheelchair_toilet": null}}, {"type": "Feature", "geometry": {"type": "Point", "coordinates": [139.7262718, 35.74484708]}, "properties": {"name": "区立滝野川第二小学校", "ward": "北区", "address": "北区滝野川6-19-4", "elevator_or_1f": true, "slope": null, "braille_block": null, "wheelchair_toilet": null}}, {"type": "Feature", "geometry": {"type": "Point", "coordinates": [139.7366847, 35.74858794]}, "properties": {"name": "区立滝野川第三小学校", "ward": "北区", "address": "北区滝野川1-12-27", "elevator_or_1f": true, "slope": null, "braille_block": null, "wheelchair_toilet": null}}, {"type": "Feature", "geometry": {"type": "Point", "coordinates": [139.7628319, 35.74028558]}, "properties": {"name": "区立滝野川第四小学校", "ward": "北区", "address": "北区東田端2-5-23", "elevator_or_1f": true, "slope": null, "braille_block": null, "wheelchair_toilet": null}}, {"type": "Feature", "geometry": {"type": "Point", "coordinates": [139.7495186, 35.74961117]}, "properties": {"name": "区立滝野川第五小学校", "ward": "北区", "address": "北区昭和町3-3-12", "elevator_or_1f": true, "slope": null, "braille_block": null, "wheelchair_toilet": null}}, {"type": "Feature", "geometry": {"type": "Point", "coordinates": [139.7368379, 35.74324354]}, "properties": {"name": "区立西ケ原小学校", "ward": "北区", "address": "北区西ケ原4-19-21", "elevator_or_1f": true, "slope": null, "braille_block": null, "wheelchair_toilet": null}}, {"type": "Feature", "geometry": {"type": "Point", "coordinates": [139.7215732, 35.74475196]}, "properties": {"name": "区立谷端小学校", "ward": "北区", "address": "北区滝野川7-12-17", "elevator_or_1f": true, "slope": null, "braille_block": null, "wheelchair_toilet": null}}, {"type": "Feature", "geometry": {"type": "Point", "coordinates": [139.7566915, 35.73704178]}, "properties": {"name": "区立田端小学校", "ward": "北区", "address": "北区田端5-4-1", "elevator_or_1f": true, "slope": null, "braille_block": null, "wheelchair_toilet": null}}, {"type": "Feature", "geometry": {"type": "Point", "coordinates": [139.7538277, 35.73851253]}, "properties": {"name": "区立田端中学校", "ward": "北区", "address": "北区田端4-17-1", "elevator_or_1f": true, "slope": null, "braille_block": true, "wheelchair_toilet": true}}, {"type": "Feature", "geometry": {"type": "Point", "coordinates": [139.7362494, 35.75834583]}, "properties": {"name": "区立王子桜中学校", "ward": "北区", "address": "北区王子2-7-1", "elevator_or_1f": true, "slope": null, "braille_block": true, "wheelchair_toilet": null}}, {"type": "Feature", "geometry": {"type": "Point", "coordinates": [139.723212, 35.757176]}, "properties": {"name": "区立十条富士見中学校", "ward": "北区", "address": "北区十条台1-9-33", "elevator_or_1f": true, "slope": null, "braille_block": true, "wheelchair_toilet": null}}, {"type": "Feature", "geometry": {"type": "Point", "coordinates": [139.74156, 35.760159]}, "properties": {"name": "区立明桜中学校", "ward": "北区", "address": "北区王子6-3-23", "elevator_or_1f": true, "slope": null, "braille_block": true, "wheelchair_toilet": null}}, {"type": "Feature", "geometry": {"type": "Point", "coordinates": [139.7468676, 35.75567542]}, "properties": {"name": "区立堀船中学校", "ward": "北区", "address": "北区堀船2-23-20", "elevator_or_1f": true, "slope": null, "braille_block": null, "wheelchair_toilet": null}}, {"type": "Feature", "geometry": {"type": "Point", "coordinates": [139.714153, 35.771291]}, "properties": {"name": "区立稲付中学校", "ward": "北区", "address": "北区赤羽西6-1-4", "elevator_or_1f": true, "slope": null, "braille_block": true, "wheelchair_toilet": null}}, {"type": "Feature", "geometry": {"type": "Point", "coordinates": [139.7260504, 35.77937719]}, "properties": {"name": "区立赤羽岩淵中学校", "ward": "北区", "address": "北区赤羽2-6-18", "elevator_or_1f": true, "slope": null, "braille_block": true, "wheelchair_toilet": null}}, {"type": "Feature", "geometry": {"type": "Point", "coordinates": [139.7086651, 35.7796001]}, "properties": {"name": "区立桐ケ丘中学校", "ward": "北区", "address": "北区桐ケ丘2-6-11", "elevator_or_1f": true, "slope": null, "braille_block": true, "wheelchair_toilet": null}}, {"type": "Feature", "geometry": {"type": "Point", "coordinates": [139.7293613, 35.77363492]}, "properties": {"name": "区立神谷中学校", "ward": "北区", "address": "北区神谷2-46-13", "elevator_or_1f": true, "slope": null, "braille_block": null, "wheelchair_toilet": null}}, {"type": "Feature", "geometry": {"type": "Point", "coordinates": [139.6930288, 35.79035106]}, "properties": {"name": "区立浮間中学校", "ward": "北区", "address": "北区浮間4-29-32", "elevator_or_1f": true, "slope": null, "braille_block": true, "wheelchair_toilet": true}}, {"type": "Feature", "geometry": {"type": "Point", "coordinates": [139.7556184, 35.74137026]}, "properties": {"name": "旧田端中学校", "ward": "北区", "address": "北区田端6-9-1", "elevator_or_1f": null, "slope": null, "braille_block": null, "wheelchair_toilet": null}}, {"type": "Feature", "geometry": {"type": "Point", "coordinates": [139.7247397, 35.74999846]}, "properties": {"name": "区立滝野川紅葉中学校", "ward": "北区", "address": "北区滝野川5-55-8", "elevator_or_1f": true, "slope": null, "braille_block": true, "wheelchair_toilet": null}}, {"type": "Feature", "geometry": {"type": "Point", "coordinates": [139.7425954, 35.7441496]}, "properties": {"name": "区立飛鳥中学校", "ward": "北区", "address": "北区西ケ原3-5-12", "elevator_or_1f": true, "slope": null, "braille_block": true, "wheelchair_toilet": true}}, {"type": "Feature", "geometry": {"type": "Point", "coordinates": [139.7679854, 35.74059768]}, "properties": {"name": "旧新町中学校 （新町コミュニティアリーナ）", "ward": "北区", "address": "北区田端新町2-27-5", "elevator_or_1f": true, "slope": null, "braille_block": true, "wheelchair_toilet": null}}, {"type": "Feature", "geometry": {"type": "Point", "coordinates": [139.732925, 35.7506896]}, "properties": {"name": "旧滝野川中学校 （北区役所滝野川分庁舎）", "ward": "北区", "address": "北区滝野川2-52-10", "elevator_or_1f": true, "slope": null, "braille_block": null, "wheelchair_toilet": null}}, {"type": "Feature", "geometry": {"type": "Point", "coordinates": [139.7503439, 35.76525943]}, "properties": {"name": "旧豊島北中学校（豊島北コミュニティアリーナ）", "ward": "北区", "address": "北区豊島5-3-35", "elevator_or_1f": true, "slope": null, "braille_block": null, "wheelchair_toilet": null}}, {"type": "Feature", "geometry": {"type": "Point", "coordinates": [139.717126, 35.759348]}, "properties": {"name": "旧富士見中学校 （学校法人帝京大学）", "ward": "北区", "address": "北区上十条3-1-25", "elevator_or_1f": null, "slope": null, "braille_block": null, "wheelchair_toilet": null}}, {"type": "Feature", "geometry": {"type": "Point", "coordinates": [139.7244858, 35.74892057]}, "properties": {"name": "東京国際フランス学園　別館", "ward": "北区", "address": "北区滝野川5-44-15", "elevator_or_1f": true, "slope": null, "braille_block": null, "wheelchair_toilet": null}}, {"type": "Feature", "geometry": {"type": "Point", "coordinates": [139.7284233, 35.75103144]}, "properties": {"name": "区立滝野川もみじ小学校", "ward": "北区", "address": "北区滝野川3-72-1", "elevator_or_1f": true, "slope": null, "braille_block": null, "wheelchair_toilet": null}}, {"type": "Feature", "geometry": {"type": "Point", "coordinates": [139.7312963, 35.7834197]}, "properties": {"name": "志茂子ども交流館", "ward": "北区", "address": "北区志茂5-18-3", "elevator_or_1f": null, "slope": null, "braille_block": null, "wheelchair_toilet": null}}, {"type": "Feature", "geometry": {"type": "Point", "coordinates": [139.7347033, 35.76325524]}, "properties": {"name": "旧桜田小学校", "ward": "北区", "address": "北区王子5-2-8", "elevator_or_1f": true, "slope": null, "braille_block": null, "wheelchair_toilet": null}}, {"type": "Feature", "geometry": {"type": "Point", "coordinates": [139.691472, 35.790368]}, "properties": {"name": "旧西浮間小学校", "ward": "北区", "address": "北区浮間4-29-30", "elevator_or_1f": true, "slope": null, "braille_block": null, "wheelchair_toilet": null}}, {"type": "Feature", "geometry": {"type": "Point", "coordinates": [139.7413318, 35.76289345]}, "properties": {"name": "旧清至中学校", "ward": "北区", "address": "北区王子6-7-3", "elevator_or_1f": null, "slope": null, "braille_block": null, "wheelchair_toilet": null}}, {"type": "Feature", "geometry": {"type": "Point", "coordinates": [139.7909108, 35.73442932]}, "properties": {"name": "瑞光小学校", "ward": "荒川区", "address": "荒川区南千住1-51-1", "elevator_or_1f": null, "slope": null, "braille_block": null, "wheelchair_toilet": null}}, {"type": "Feature", "geometry": {"type": "Point", "coordinates": [139.79433378, 35.7337541]}, "properties": {"name": "第二瑞光小学校", "ward": "荒川区", "address": "荒川区南千住5-8-1", "elevator_or_1f": null, "slope": null, "braille_block": null, "wheelchair_toilet": null}}, {"type": "Feature", "geometry": {"type": "Point", "coordinates": [139.79859335, 35.73558207]}, "properties": {"name": "第三瑞光小学校", "ward": "荒川区", "address": "荒川区南千住7-9-1", "elevator_or_1f": true, "slope": null, "braille_block": null, "wheelchair_toilet": null}}, {"type": "Feature", "geometry": {"type": "Point", "coordinates": [139.80711723, 35.73524952]}, "properties": {"name": "汐入小学校", "ward": "荒川区", "address": "荒川区南千住8-2-3", "elevator_or_1f": true, "slope": null, "braille_block": null, "wheelchair_toilet": null}}, {"type": "Feature", "geometry": {"type": "Point", "coordinates": [139.81164061, 35.73907645]}, "properties": {"name": "汐入東小学校", "ward": "荒川区", "address": "荒川区南千住8-9-3", "elevator_or_1f": true, "slope": null, "braille_block": null, "wheelchair_toilet": null}}, {"type": "Feature", "geometry": {"type": "Point", "coordinates": [139.78921788, 35.73328922]}, "properties": {"name": "第六瑞光小学校", "ward": "荒川区", "address": "荒川区南千住1-4-11", "elevator_or_1f": null, "slope": null, "braille_block": null, "wheelchair_toilet": null}}, {"type": "Feature", "geometry": {"type": "Point", "coordinates": [139.77730167, 35.73660168]}, "properties": {"name": "峡田小学校", "ward": "荒川区", "address": "荒川区荒川3-77-1", "elevator_or_1f": true, "slope": null, "braille_block": null, "wheelchair_toilet": null}}, {"type": "Feature", "geometry": {"type": "Point", "coordinates": [139.78223767, 35.73818234]}, "properties": {"name": "第二峡田小学校", "ward": "荒川区", "address": "荒川区荒川2-30-1", "elevator_or_1f": null, "slope": null, "braille_block": null, "wheelchair_toilet": null}}, {"type": "Feature", "geometry": {"type": "Point", "coordinates": [139.78605627, 35.73341132]}, "properties": {"name": "第三峡田小学校", "ward": "荒川区", "address": "荒川区荒川1-43-1", "elevator_or_1f": null, "slope": null, "braille_block": null, "wheelchair_toilet": null}}, {"type": "Feature", "geometry": {"type": "Point", "coordinates": [139.77998874, 35.74529075]}, "properties": {"name": "第四峡田小学校", "ward": "荒川区", "address": "荒川区町屋2-11-6", "elevator_or_1f": null, "slope": null, "braille_block": null, "wheelchair_toilet": null}}, {"type": "Feature", "geometry": {"type": "Point", "coordinates": [139.78158983, 35.74794281]}, "properties": {"name": "第五峡田小学校", "ward": "荒川区", "address": "荒川区町屋3-17-24", "elevator_or_1f": null, "slope": null, "braille_block": null, "wheelchair_toilet": null}}, {"type": "Feature", "geometry": {"type": "Point", "coordinates": [139.78788688, 35.74849472]}, "properties": {"name": "第七峡田小学校", "ward": "荒川区", "address": "荒川区町屋8-19-12", "elevator_or_1f": null, "slope": null, "braille_block": null, "wheelchair_toilet": null}}, {"type": "Feature", "geometry": {"type": "Point", "coordinates": [139.77915118, 35.74242529]}, "properties": {"name": "第九峡田小学校", "ward": "荒川区", "address": "荒川区荒川6-8-1", "elevator_or_1f": null, "slope": null, "braille_block": null, "wheelchair_toilet": null}}, {"type": "Feature", "geometry": {"type": "Point", "coordinates": [139.76891617, 35.74677032]}, "properties": {"name": "尾久小学校", "ward": "荒川区", "address": "荒川区東尾久5-6-7", "elevator_or_1f": null, "slope": null, "braille_block": null, "wheelchair_toilet": null}}, {"type": "Feature", "geometry": {"type": "Point", "coordinates": [139.75830407, 35.75054063]}, "properties": {"name": "尾久西小学校", "ward": "荒川区", "address": "荒川区西尾久5-27-12", "elevator_or_1f": null, "slope": null, "braille_block": null, "wheelchair_toilet": null}}, {"type": "Feature", "geometry": {"type": "Point", "coordinates": [139.75450718, 35.75194752]}, "properties": {"name": "尾久第六小学校", "ward": "荒川区", "address": "荒川区西尾久8-26-9", "elevator_or_1f": true, "slope": null, "braille_block": null, "wheelchair_toilet": null}}, {"type": "Feature", "geometry": {"type": "Point", "coordinates": [139.76933775, 35.74353072]}, "properties": {"name": "赤土小学校", "ward": "荒川区", "address": "荒川区東尾久2-43-9", "elevator_or_1f": null, "slope": null, "braille_block": null, "wheelchair_toilet": null}}, {"type": "Feature", "geometry": {"type": "Point", "coordinates": [139.77673693, 35.74881006]}, "properties": {"name": "大門小学校", "ward": "荒川区", "address": "荒川区町屋4-27-8", "elevator_or_1f": null, "slope": null, "braille_block": null, "wheelchair_toilet": null}}, {"type": "Feature", "geometry": {"type": "Point", "coordinates": [139.76447618, 35.74635276]}, "properties": {"name": "尾久宮前小学校", "ward": "荒川区", "address": "荒川区西尾久1-4-17", "elevator_or_1f": null, "slope": null, "braille_block": null, "wheelchair_toilet": null}}, {"type": "Feature", "geometry": {"type": "Point", "coordinates": [139.76614034, 35.73076113]}, "properties": {"name": "第一日暮里小学校", "ward": "荒川区", "address": "荒川区西日暮里3-7-15", "elevator_or_1f": null, "slope": null, "braille_block": null, "wheelchair_toilet": null}}, {"type": "Feature", "geometry": {"type": "Point", "coordinates": [139.77828114, 35.72844797]}, "properties": {"name": "第二日暮里小学校", "ward": "荒川区", "address": "荒川区東日暮里5-2-1", "elevator_or_1f": null, "slope": null, "braille_block": null, "wheelchair_toilet": null}}, {"type": "Feature", "geometry": {"type": "Point", "coordinates": [139.7814424, 35.72912925]}, "properties": {"name": "第三日暮里小学校", "ward": "荒川区", "address": "荒川区東日暮里3-10-17", "elevator_or_1f": null, "slope": null, "braille_block": null, "wheelchair_toilet": null}}, {"type": "Feature", "geometry": {"type": "Point", "coordinates": [139.76953475, 35.73557578]}, "properties": {"name": "第六日暮里小学校", "ward": "荒川区", "address": "荒川区西日暮里6-35-16", "elevator_or_1f": null, "slope": null, "braille_block": null, "wheelchair_toilet": null}}, {"type": "Feature", "geometry": {"type": "Point", "coordinates": [139.77253843, 35.73148814]}, "properties": {"name": "ひぐらし小学校", "ward": "荒川区", "address": "荒川区西日暮里2-32-5", "elevator_or_1f": null, "slope": null, "braille_block": null, "wheelchair_toilet": null}}, {"type": "Feature", "geometry": {"type": "Point", "coordinates": [139.787722, 35.73437147]}, "properties": {"name": "第一中学校", "ward": "荒川区", "address": "荒川区荒川1-30-1", "elevator_or_1f": null, "slope": null, "braille_block": null, "wheelchair_toilet": null}}, {"type": "Feature", "geometry": {"type": "Point", "coordinates": [139.81121072, 35.737936]}, "properties": {"name": "第三中学校", "ward": "荒川区", "address": "荒川区南千住8-10-1", "elevator_or_1f": true, "slope": null, "braille_block": null, "wheelchair_toilet": null}}, {"type": "Feature", "geometry": {"type": "Point", "coordinates": [139.77549325, 35.74140674]}, "properties": {"name": "第四中学校", "ward": "荒川区", "address": "荒川区荒川6-57-1", "elevator_or_1f": null, "slope": null, "braille_block": null, "wheelchair_toilet": null}}, {"type": "Feature", "geometry": {"type": "Point", "coordinates": [139.78721351, 35.74466716]}, "properties": {"name": "第五中学校", "ward": "荒川区", "address": "荒川区町屋1-37-16", "elevator_or_1f": null, "slope": null, "braille_block": null, "wheelchair_toilet": null}}, {"type": "Feature", "geometry": {"type": "Point", "coordinates": [139.75804908, 35.74653611]}, "properties": {"name": "第七中学校", "ward": "荒川区", "address": "荒川区西尾久4-30-28", "elevator_or_1f": null, "slope": null, "braille_block": null, "wheelchair_toilet": null}}, {"type": "Feature", "geometry": {"type": "Point", "coordinates": [139.77200408, 35.74339246]}, "properties": {"name": "第九中学校", "ward": "荒川区", "address": "荒川区東尾久2-23-5", "elevator_or_1f": null, "slope": null, "braille_block": null, "wheelchair_toilet": null}}, {"type": "Feature", "geometry": {"type": "Point", "coordinates": [139.76385977, 35.7533571]}, "properties": {"name": "尾久八幡中学校", "ward": "荒川区", "address": "荒川区西尾久3-14-1", "elevator_or_1f": true, "slope": null, "braille_block": null, "wheelchair_toilet": null}}, {"type": "Feature", "geometry": {"type": "Point", "coordinates": [139.80006728, 35.73676026]}, "properties": {"name": "南千住第二中学校", "ward": "荒川区", "address": "荒川区南千住7-25-1", "elevator_or_1f": true, "slope": null, "braille_block": null, "wheelchair_toilet": null}}, {"type": "Feature", "geometry": {"type": "Point", "coordinates": [139.779496, 35.75072886]}, "properties": {"name": "原中学校", "ward": "荒川区", "address": "荒川区町屋5-12-6", "elevator_or_1f": true, "slope": null, "braille_block": null, "wheelchair_toilet": null}}, {"type": "Feature", "geometry": {"type": "Point", "coordinates": [139.77184031, 35.73281606]}, "properties": {"name": "諏訪台中学校", "ward": "荒川区", "address": "荒川区西日暮里2-36-8", "elevator_or_1f": null, "slope": null, "braille_block": null, "wheelchair_toilet": null}}, {"type": "Feature", "geometry": {"type": "Point", "coordinates": [139.7798596, 35.73483734]}, "properties": {"name": "生涯学習センター", "ward": "荒川区", "address": "荒川区荒川3-49-1", "elevator_or_1f": true, "slope": null, "braille_block": null, "wheelchair_toilet": null}}, {"type": "Feature", "geometry": {"type": "Point", "coordinates": [139.77720628, 35.72622727]}, "properties": {"name": "竹台高等学校", "ward": "荒川区", "address": "荒川区東日暮里5-14-1", "elevator_or_1f": null, "slope": null, "braille_block": null, "wheelchair_toilet": null}}, {"type": "Feature", "geometry": {"type": "Point", "coordinates": [139.79160698, 35.73763804]}, "properties": {"name": "荒川工業高等学校", "ward": "荒川区", "address": "荒川区南千住6-42-1", "elevator_or_1f": true, "slope": null, "braille_block": null, "wheelchair_toilet": null}}, {"type": "Feature", "geometry": {"type": "Point", "coordinates": [139.710429, 35.74897819]}, "properties": {"name": "板橋第二小学校", "ward": "板橋区", "address": "板橋区板橋2-52-1", "elevator_or_1f": null, "slope": null, "braille_block": null, "wheelchair_toilet": null}}, {"type": "Feature", "geometry": {"type": "Point", "coordinates": [139.7164594, 35.74981726]}, "properties": {"name": "板橋第四小学校", "ward": "板橋区", "address": "板橋区板橋4-9-13", "elevator_or_1f": true, "slope": null, "braille_block": null, "wheelchair_toilet": null}}, {"type": "Feature", "geometry": {"type": "Point", "coordinates": [139.7153403, 35.75499065]}, "properties": {"name": "金沢小学校", "ward": "板橋区", "address": "板橋区加賀2-2-1", "elevator_or_1f": true, "slope": null, "braille_block": null, "wheelchair_toilet": null}}, {"type": "Feature", "geometry": {"type": "Point", "coordinates": [139.7047034, 35.75044787]}, "properties": {"name": "板橋第一中学校", "ward": "板橋区", "address": "板橋区大山東町50-1", "elevator_or_1f": null, "slope": null, "braille_block": null, "wheelchair_toilet": null}}, {"type": "Feature", "geometry": {"type": "Point", "coordinates": [139.719575, 35.75243105]}, "properties": {"name": "板橋第五中学校", "ward": "板橋区", "address": "板橋区板橋4-49-3", "elevator_or_1f": null, "slope": null, "braille_block": null, "wheelchair_toilet": null}}, {"type": "Feature", "geometry": {"type": "Point", "coordinates": [139.7049367, 35.74177785]}, "properties": {"name": "板橋第五小学校", "ward": "板橋区", "address": "板橋区中丸町19-1", "elevator_or_1f": true, "slope": null, "braille_block": null, "wheelchair_toilet": null}}, {"type": "Feature", "geometry": {"type": "Point", "coordinates": [139.7046466, 35.74559242]}, "properties": {"name": "板橋第七小学校", "ward": "板橋区", "address": "板橋区大山金井町31-1", "elevator_or_1f": null, "slope": null, "braille_block": null, "wheelchair_toilet": null}}, {"type": "Feature", "geometry": {"type": "Point", "coordinates": [139.70765, 35.75380657]}, "properties": {"name": "板橋第一小学校", "ward": "板橋区", "address": "板橋区氷川町13-1", "elevator_or_1f": true, "slope": null, "braille_block": null, "wheelchair_toilet": null}}, {"type": "Feature", "geometry": {"type": "Point", "coordinates": [139.7010595, 35.75612413]}, "properties": {"name": "中根橋小学校", "ward": "板橋区", "address": "板橋区栄町14-1", "elevator_or_1f": null, "slope": null, "braille_block": null, "wheelchair_toilet": null}}, {"type": "Feature", "geometry": {"type": "Point", "coordinates": [139.7101755, 35.76140078]}, "properties": {"name": "加賀小学校", "ward": "板橋区", "address": "板橋区稲荷台23-1", "elevator_or_1f": null, "slope": null, "braille_block": null, "wheelchair_toilet": null}}, {"type": "Feature", "geometry": {"type": "Point", "coordinates": [139.706381, 35.75564933]}, "properties": {"name": "板橋第三中学校", "ward": "板橋区", "address": "板橋区氷川町22-3", "elevator_or_1f": true, "slope": null, "braille_block": null, "wheelchair_toilet": null}}, {"type": "Feature", "geometry": {"type": "Point", "coordinates": [139.716137, 35.76062703]}, "properties": {"name": "加賀中学校", "ward": "板橋区", "address": "板橋区加賀2-19-1", "elevator_or_1f": true, "slope": null, "braille_block": null, "wheelchair_toilet": null}}, {"type": "Feature", "geometry": {"type": "Point", "coordinates": [139.6944891, 35.75383721]}, "properties": {"name": "弥生小学校", "ward": "板橋区", "address": "板橋区弥生町19-1", "elevator_or_1f": null, "slope": null, "braille_block": null, "wheelchair_toilet": null}}, {"type": "Feature", "geometry": {"type": "Point", "coordinates": [139.7001539, 35.74712412]}, "properties": {"name": "板橋第六小学校", "ward": "板橋区", "address": "板橋区大山町13-1", "elevator_or_1f": null, "slope": null, "braille_block": null, "wheelchair_toilet": null}}, {"type": "Feature", "geometry": {"type": "Point", "coordinates": [139.6971552, 35.7457612]}, "properties": {"name": "板橋第二中学校", "ward": "板橋区", "address": "板橋区幸町26-1", "elevator_or_1f": true, "slope": null, "braille_block": null, "wheelchair_toilet": null}}, {"type": "Feature", "geometry": {"type": "Point", "coordinates": [139.7005254, 35.7598117]}, "properties": {"name": "板橋第八小学校", "ward": "板橋区", "address": "板橋区双葉町42-1", "elevator_or_1f": null, "slope": null, "braille_block": null, "wheelchair_toilet": null}}, {"type": "Feature", "geometry": {"type": "Point", "coordinates": [139.6926055, 35.74788683]}, "properties": {"name": "板橋第十小学校", "ward": "板橋区", "address": "板橋区大谷口上町43-1", "elevator_or_1f": true, "slope": null, "braille_block": null, "wheelchair_toilet": null}}, {"type": "Feature", "geometry": {"type": "Point", "coordinates": [139.6902156, 35.75094343]}, "properties": {"name": "大谷口小学校", "ward": "板橋区", "address": "板橋区大谷口北町21-1", "elevator_or_1f": true, "slope": null, "braille_block": null, "wheelchair_toilet": null}}, {"type": "Feature", "geometry": {"type": "Point", "coordinates": [139.6801996, 35.74766553]}, "properties": {"name": "上板橋第二小学校", "ward": "板橋区", "address": "板橋区小茂根1-14-1", "elevator_or_1f": null, "slope": null, "braille_block": null, "wheelchair_toilet": null}}, {"type": "Feature", "geometry": {"type": "Point", "coordinates": [139.6819757, 35.74141028]}, "properties": {"name": "向原小学校", "ward": "板橋区", "address": "板橋区向原2-34-1", "elevator_or_1f": null, "slope": null, "braille_block": null, "wheelchair_toilet": null}}, {"type": "Feature", "geometry": {"type": "Point", "coordinates": [139.6808295, 35.74723659]}, "properties": {"name": "上板橋第二中学校", "ward": "板橋区", "address": "板橋区向原3-1-12", "elevator_or_1f": null, "slope": null, "braille_block": null, "wheelchair_toilet": null}}, {"type": "Feature", "geometry": {"type": "Point", "coordinates": [139.6863107, 35.75522984]}, "properties": {"name": "上板橋小学校", "ward": "板橋区", "address": "板橋区東山町47-3", "elevator_or_1f": null, "slope": null, "braille_block": null, "wheelchair_toilet": null}}, {"type": "Feature", "geometry": {"type": "Point", "coordinates": [139.6782454, 35.75511263]}, "properties": {"name": "桜川小学校", "ward": "板橋区", "address": "板橋区東新町2-29-1", "elevator_or_1f": true, "slope": null, "braille_block": null, "wheelchair_toilet": null}}, {"type": "Feature", "geometry": {"type": "Point", "coordinates": [139.6771675, 35.75611649]}, "properties": {"name": "桜川中学校", "ward": "板橋区", "address": "板橋区桜川1-2-1", "elevator_or_1f": null, "slope": null, "braille_block": null, "wheelchair_toilet": null}}, {"type": "Feature", "geometry": {"type": "Point", "coordinates": [139.6911592, 35.75955848]}, "properties": {"name": "常盤台小学校", "ward": "板橋区", "address": "板橋区常盤台1-6-1", "elevator_or_1f": null, "slope": null, "braille_block": null, "wheelchair_toilet": null}}, {"type": "Feature", "geometry": {"type": "Point", "coordinates": [139.6788641, 35.76145494]}, "properties": {"name": "上板橋第四小学校", "ward": "板橋区", "address": "板橋区上板橋1-3-1", "elevator_or_1f": true, "slope": null, "braille_block": null, "wheelchair_toilet": null}}, {"type": "Feature", "geometry": {"type": "Point", "coordinates": [139.6912633, 35.75686179]}, "properties": {"name": "上板橋第一中学校", "ward": "板橋区", "address": "板橋区南常盤台1-1-1", "elevator_or_1f": null, "slope": null, "braille_block": null, "wheelchair_toilet": null}}, {"type": "Feature", "geometry": {"type": "Point", "coordinates": [139.6822468, 35.76355079]}, "properties": {"name": "上板橋第三中学校", "ward": "板橋区", "address": "板橋区常盤台3-30-1", "elevator_or_1f": null, "slope": null, "braille_block": null, "wheelchair_toilet": null}}, {"type": "Feature", "geometry": {"type": "Point", "coordinates": [139.6952956, 35.7639431]}, "properties": {"name": "富士見台小学校", "ward": "板橋区", "address": "板橋区前野町1-10-1", "elevator_or_1f": null, "slope": null, "braille_block": null, "wheelchair_toilet": null}}, {"type": "Feature", "geometry": {"type": "Point", "coordinates": [139.6851461, 35.77312279]}, "properties": {"name": "北前野小学校", "ward": "板橋区", "address": "板橋区前野町5-44-3", "elevator_or_1f": null, "slope": null, "braille_block": null, "wheelchair_toilet": null}}, {"type": "Feature", "geometry": {"type": "Point", "coordinates": [139.6875191, 35.76834539]}, "properties": {"name": "前野小学校", "ward": "板橋区", "address": "板橋区前野町6-40-1", "elevator_or_1f": true, "slope": null, "braille_block": null, "wheelchair_toilet": null}}, {"type": "Feature", "geometry": {"type": "Point", "coordinates": [139.7015, 35.766339]}, "properties": {"name": "志村第一小学校", "ward": "板橋区", "address": "板橋区泉町17-1", "elevator_or_1f": null, "slope": null, "braille_block": null, "wheelchair_toilet": null}}, {"type": "Feature", "geometry": {"type": "Point", "coordinates": [139.7049067, 35.76723799]}, "properties": {"name": "志村第三小学校", "ward": "板橋区", "address": "板橋区清水町83-1", "elevator_or_1f": null, "slope": null, "braille_block": null, "wheelchair_toilet": null}}, {"type": "Feature", "geometry": {"type": "Point", "coordinates": [139.6969034, 35.76714478]}, "properties": {"name": "志村第一中学校", "ward": "板橋区", "address": "板橋区大原町33-1", "elevator_or_1f": true, "slope": null, "braille_block": null, "wheelchair_toilet": null}}, {"type": "Feature", "geometry": {"type": "Point", "coordinates": [139.6977801, 35.7725622]}, "properties": {"name": "志村第二小学校", "ward": "板橋区", "address": "板橋区志村1-7-1", "elevator_or_1f": true, "slope": null, "braille_block": null, "wheelchair_toilet": null}}, {"type": "Feature", "geometry": {"type": "Point", "coordinates": [139.6866809, 35.77531459]}, "properties": {"name": "志村小学校", "ward": "板橋区", "address": "板橋区志村2-16-3", "elevator_or_1f": null, "slope": null, "braille_block": null, "wheelchair_toilet": null}}, {"type": "Feature", "geometry": {"type": "Point", "coordinates": [139.7011415, 35.78034541]}, "properties": {"name": "志村第四小学校", "ward": "板橋区", "address": "板橋区小豆沢4-13-1", "elevator_or_1f": true, "slope": null, "braille_block": null, "wheelchair_toilet": null}}, {"type": "Feature", "geometry": {"type": "Point", "coordinates": [139.7029095, 35.775486]}, "properties": {"name": "志村第二中学校", "ward": "板橋区", "address": "板橋区小豆沢1-21-1", "elevator_or_1f": true, "slope": null, "braille_block": null, "wheelchair_toilet": null}}, {"type": "Feature", "geometry": {"type": "Point", "coordinates": [139.6838911, 35.77651438]}, "properties": {"name": "志村第四中学校", "ward": "板橋区", "address": "板橋区志村3-15-1", "elevator_or_1f": null, "slope": null, "braille_block": null, "wheelchair_toilet": null}}, {"type": "Feature", "geometry": {"type": "Point", "coordinates": [139.6809638, 35.76641044]}, "properties": {"name": "中台小学校", "ward": "板橋区", "address": "板橋区中台1-9-7", "elevator_or_1f": null, "slope": null, "braille_block": null, "wheelchair_toilet": null}}, {"type": "Feature", "geometry": {"type": "Point", "coordinates": [139.6794946, 35.77244672]}, "properties": {"name": "緑小学校", "ward": "板橋区", "address": "板橋区中台3-27-1", "elevator_or_1f": null, "slope": null, "braille_block": null, "wheelchair_toilet": null}}, {"type": "Feature", "geometry": {"type": "Point", "coordinates": [139.6753861, 35.76934696]}, "properties": {"name": "若木小学校", "ward": "板橋区", "address": "板橋区若木1-14-1", "elevator_or_1f": true, "slope": null, "braille_block": null, "wheelchair_toilet": null}}, {"type": "Feature", "geometry": {"type": "Point", "coordinates": [139.6684994, 35.77712889]}, "properties": {"name": "志村第五小学校", "ward": "板橋区", "address": "板橋区西台3-38-23", "elevator_or_1f": true, "slope": null, "braille_block": null, "wheelchair_toilet": null}}, {"type": "Feature", "geometry": {"type": "Point", "coordinates": [139.6802507, 35.76928209]}, "properties": {"name": "中台中学校", "ward": "板橋区", "address": "板橋区中台1-56-23", "elevator_or_1f": true, "slope": null, "braille_block": null, "wheelchair_toilet": null}}, {"type": "Feature", "geometry": {"type": "Point", "coordinates": [139.6803153, 35.77907099]}, "properties": {"name": "志村坂下小学校", "ward": "板橋区", "address": "板橋区相生町26-14", "elevator_or_1f": true, "slope": null, "braille_block": null, "wheelchair_toilet": null}}, {"type": "Feature", "geometry": {"type": "Point", "coordinates": [139.6766103, 35.78773692]}, "properties": {"name": "蓮根小学校", "ward": "板橋区", "address": "板橋区蓮根3-10-1", "elevator_or_1f": null, "slope": null, "braille_block": null, "wheelchair_toilet": null}}, {"type": "Feature", "geometry": {"type": "Point", "coordinates": [139.6778321, 35.78813191]}, "properties": {"name": "蓮根第二小学校", "ward": "板橋区", "address": "板橋区蓮根3-15-5", "elevator_or_1f": null, "slope": null, "braille_block": null, "wheelchair_toilet": null}}, {"type": "Feature", "geometry": {"type": "Point", "coordinates": [139.6806061, 35.78374347]}, "properties": {"name": "志村第六小学校", "ward": "板橋区", "address": "板橋区坂下2-18-1", "elevator_or_1f": null, "slope": null, "braille_block": null, "wheelchair_toilet": null}}, {"type": "Feature", "geometry": {"type": "Point", "coordinates": [139.6834948, 35.78389254]}, "properties": {"name": "志村第三中学校", "ward": "板橋区", "address": "板橋区坂下2-21-1", "elevator_or_1f": true, "slope": null, "braille_block": null, "wheelchair_toilet": null}}, {"type": "Feature", "geometry": {"type": "Point", "coordinates": [139.6858017, 35.78237477]}, "properties": {"name": "志村第五中学校", "ward": "板橋区", "address": "板橋区坂下2-1-20", "elevator_or_1f": null, "slope": null, "braille_block": null, "wheelchair_toilet": null}}, {"type": "Feature", "geometry": {"type": "Point", "coordinates": [139.6816646, 35.79360139]}, "properties": {"name": "舟渡小学校", "ward": "板橋区", "address": "板橋区舟渡3-6-15", "elevator_or_1f": null, "slope": null, "braille_block": null, "wheelchair_toilet": null}}, {"type": "Feature", "geometry": {"type": "Point", "coordinates": [139.6428567, 35.77460049]}, "properties": {"name": "下赤塚小学校", "ward": "板橋区", "address": "板橋区赤塚6-14-1", "elevator_or_1f": true, "slope": null, "braille_block": null, "wheelchair_toilet": null}}, {"type": "Feature", "geometry": {"type": "Point", "coordinates": [139.6358695, 35.7692619]}, "properties": {"name": "赤塚新町小学校", "ward": "板橋区", "address": "板橋区赤塚新町3-31-1", "elevator_or_1f": null, "slope": null, "braille_block": null, "wheelchair_toilet": null}}, {"type": "Feature", "geometry": {"type": "Point", "coordinates": [139.64819, 35.77974006]}, "properties": {"name": "赤塚第三中学校", "ward": "板橋区", "address": "板橋区赤塚7-27-15", "elevator_or_1f": true, "slope": null, "braille_block": null, "wheelchair_toilet": null}}, {"type": "Feature", "geometry": {"type": "Point", "coordinates": [139.6326635, 35.77434225]}, "properties": {"name": "成増小学校", "ward": "板橋区", "address": "板橋区成増1-11-1", "elevator_or_1f": null, "slope": null, "braille_block": null, "wheelchair_toilet": null}}, {"type": "Feature", "geometry": {"type": "Point", "coordinates": [139.6343561, 35.78095455]}, "properties": {"name": "成増ヶ丘小学校", "ward": "板橋区", "address": "板橋区成増3-17-7", "elevator_or_1f": null, "slope": null, "braille_block": null, "wheelchair_toilet": null}}, {"type": "Feature", "geometry": {"type": "Point", "coordinates": [139.6406137, 35.77793206]}, "properties": {"name": "赤塚小学校", "ward": "板橋区", "address": "板橋区赤塚3-1-22", "elevator_or_1f": null, "slope": null, "braille_block": null, "wheelchair_toilet": null}}, {"type": "Feature", "geometry": {"type": "Point", "coordinates": [139.6375345, 35.79040857]}, "properties": {"name": "三園小学校", "ward": "板橋区", "address": "板橋区三園1-24-1", "elevator_or_1f": true, "slope": null, "braille_block": null, "wheelchair_toilet": null}}, {"type": "Feature", "geometry": {"type": "Point", "coordinates": [139.6329463, 35.78052956]}, "properties": {"name": "赤塚第二中学校", "ward": "板橋区", "address": "板橋区成増3-18-1", "elevator_or_1f": true, "slope": null, "braille_block": null, "wheelchair_toilet": null}}, {"type": "Feature", "geometry": {"type": "Point", "coordinates": [139.6666188, 35.77174945]}, "properties": {"name": "徳丸小学校", "ward": "板橋区", "address": "板橋区徳丸1-21-1", "elevator_or_1f": true, "slope": null, "braille_block": null, "wheelchair_toilet": null}}, {"type": "Feature", "geometry": {"type": "Point", "coordinates": [139.6570946, 35.77160821]}, "properties": {"name": "北野小学校", "ward": "板橋区", "address": "板橋区徳丸3-23-1", "elevator_or_1f": null, "slope": null, "braille_block": null, "wheelchair_toilet": null}}, {"type": "Feature", "geometry": {"type": "Point", "coordinates": [139.6574122, 35.78123413]}, "properties": {"name": "紅梅小学校", "ward": "板橋区", "address": "板橋区徳丸8-10-1", "elevator_or_1f": null, "slope": null, "braille_block": null, "wheelchair_toilet": null}}, {"type": "Feature", "geometry": {"type": "Point", "coordinates": [139.651991, 35.77168706]}, "properties": {"name": "赤塚第一中学校", "ward": "板橋区", "address": "板橋区徳丸4-13-1", "elevator_or_1f": true, "slope": null, "braille_block": null, "wheelchair_toilet": null}}, {"type": "Feature", "geometry": {"type": "Point", "coordinates": [139.6703619, 35.78433513]}, "properties": {"name": "高島第六小学校", "ward": "板橋区", "address": "板橋区高島平1-50-1", "elevator_or_1f": null, "slope": null, "braille_block": null, "wheelchair_toilet": null}}, {"type": "Feature", "geometry": {"type": "Point", "coordinates": [139.6617036, 35.78500483]}, "properties": {"name": "高島第二小学校", "ward": "板橋区", "address": "板橋区高島平2-25-1", "elevator_or_1f": null, "slope": null, "braille_block": null, "wheelchair_toilet": null}}, {"type": "Feature", "geometry": {"type": "Point", "coordinates": [139.657153, 35.786866]}, "properties": {"name": "高島第五小学校", "ward": "板橋区", "address": "板橋区高島平3-11-1", "elevator_or_1f": null, "slope": null, "braille_block": null, "wheelchair_toilet": null}}, {"type": "Feature", "geometry": {"type": "Point", "coordinates": [139.6499245, 35.78890807]}, "properties": {"name": "高島第三小学校", "ward": "板橋区", "address": "板橋区高島平4-21-1", "elevator_or_1f": null, "slope": null, "braille_block": null, "wheelchair_toilet": null}}, {"type": "Feature", "geometry": {"type": "Point", "coordinates": [139.6598155, 35.791924]}, "properties": {"name": "高島第一小学校", "ward": "板橋区", "address": "板橋区高島平7-24-1", "elevator_or_1f": null, "slope": null, "braille_block": null, "wheelchair_toilet": null}}, {"type": "Feature", "geometry": {"type": "Point", "coordinates": [139.66506, 35.79379992]}, "properties": {"name": "新河岸小学校", "ward": "板橋区", "address": "板橋区新河岸1-3-1", "elevator_or_1f": null, "slope": null, "braille_block": null, "wheelchair_toilet": null}}, {"type": "Feature", "geometry": {"type": "Point", "coordinates": [139.6716649, 35.78202343]}, "properties": {"name": "西台中学校", "ward": "板橋区", "address": "板橋区高島平1-4-1", "elevator_or_1f": true, "slope": null, "braille_block": null, "wheelchair_toilet": null}}, {"type": "Feature", "geometry": {"type": "Point", "coordinates": [139.6603427, 35.78532075]}, "properties": {"name": "高島第二中学校", "ward": "板橋区", "address": "板橋区高島平2-24-1", "elevator_or_1f": null, "slope": null, "braille_block": null, "wheelchair_toilet": null}}, {"type": "Feature", "geometry": {"type": "Point", "coordinates": [139.6510964, 35.78826617]}, "properties": {"name": "高島第三中学校", "ward": "板橋区", "address": "板橋区高島平4-22-1", "elevator_or_1f": null, "slope": null, "braille_block": null, "wheelchair_toilet": null}}, {"type": "Feature", "geometry": {"type": "Point", "coordinates": [139.6630192, 35.79189308]}, "properties": {"name": "高島第一中学校", "ward": "板橋区", "address": "板橋区高島平8-26-1", "elevator_or_1f": null, "slope": null, "braille_block": null, "wheelchair_toilet": null}}, {"type": "Feature", "geometry": {"type": "Point", "coordinates": [139.7004723, 35.7607026]}, "properties": {"name": "旧板橋第四中学校", "ward": "板橋区", "address": "板橋区富士見町3-1", "elevator_or_1f": true, "slope": null, "braille_block": null, "wheelchair_toilet": null}}, {"type": "Feature", "geometry": {"type": "Point", "coordinates": [139.704155, 35.754653]}, "properties": {"name": "旧板橋第九小学校", "ward": "板橋区", "address": "板橋区栄町6-1", "elevator_or_1f": true, "slope": null, "braille_block": null, "wheelchair_toilet": null}}, {"type": "Feature", "geometry": {"type": "Point", "coordinates": [139.6808295, 35.74723659]}, "properties": {"name": "上板橋第二中学校旧校舎", "ward": "板橋区", "address": "板橋区小茂根1-14-1", "elevator_or_1f": null, "slope": null, "braille_block": null, "wheelchair_toilet": null}}, {"type": "Feature", "geometry": {"type": "Point", "coordinates": [139.6154434, 35.76316404]}, "properties": {"name": "豊溪小学校", "ward": "練馬区", "address": "練馬区土支田2-26-28", "elevator_or_1f": null, "slope": null, "braille_block": null, "wheelchair_toilet": null}}, {"type": "Feature", "geometry": {"type": "Point", "coordinates": [139.592463, 35.725262]}, "properties": {"name": "上石神井南地域集会所", "ward": "練馬区", "address": "練馬区上石神井1-6-16", "elevator_or_1f": true, "slope": null, "braille_block": null, "wheelchair_toilet": null}}, {"type": "Feature", "geometry": {"type": "Point", "coordinates": [139.616274, 35.741038]}, "properties": {"name": "練馬高野台駅前地域集会所", "ward": "練馬区", "address": "練馬区高野台1-7-29", "elevator_or_1f": true, "slope": null, "braille_block": true, "wheelchair_toilet": null}}, {"type": "Feature", "geometry": {"type": "Point", "coordinates": [139.6527872, 35.74088555]}, "properties": {"name": "南町小学校", "ward": "練馬区", "address": "練馬区練馬2-7-5", "elevator_or_1f": null, "slope": null, "braille_block": null, "wheelchair_toilet": true}}, {"type": "Feature", "geometry": {"type": "Point", "coordinates": [139.6664949, 35.74289769]}, "properties": {"name": "開進第三小学校", "ward": "練馬区", "address": "練馬区桜台2-18-1", "elevator_or_1f": null, "slope": true, "braille_block": null, "wheelchair_toilet": true}}, {"type": "Feature", "geometry": {"type": "Point", "coordinates": [139.6583877, 35.74202757]}, "properties": {"name": "開進第二小学校", "ward": "練馬区", "address": "練馬区桜台5-10-5", "elevator_or_1f": null, "slope": true, "braille_block": null, "wheelchair_toilet": null}}, {"type": "Feature", "geometry": {"type": "Point", "coordinates": [139.6715613, 35.74800226]}, "properties": {"name": "開進第四小学校", "ward": "練馬区", "address": "練馬区羽沢2-33-1", "elevator_or_1f": null, "slope": true, "braille_block": null, "wheelchair_toilet": true}}, {"type": "Feature", "geometry": {"type": "Point", "coordinates": [139.6797688, 35.74408892]}, "properties": {"name": "小竹小学校", "ward": "練馬区", "address": "練馬区小竹町2-6-7", "elevator_or_1f": null, "slope": true, "braille_block": null, "wheelchair_toilet": true}}, {"type": "Feature", "geometry": {"type": "Point", "coordinates": [139.6769983, 35.73669467]}, "properties": {"name": "旭丘小学校", "ward": "練馬区", "address": "練馬区旭丘2-21-1", "elevator_or_1f": null, "slope": true, "braille_block": null, "wheelchair_toilet": true}}, {"type": "Feature", "geometry": {"type": "Point", "coordinates": [139.6619935, 35.73739319]}, "properties": {"name": "豊玉第二小学校", "ward": "練馬区", "address": "練馬区豊玉上2-16-1", "elevator_or_1f": null, "slope": true, "braille_block": null, "wheelchair_toilet": true}}, {"type": "Feature", "geometry": {"type": "Point", "coordinates": [139.6677542, 35.73273787]}, "properties": {"name": "豊玉東小学校", "ward": "練馬区", "address": "練馬区豊玉北1-16-1", "elevator_or_1f": null, "slope": true, "braille_block": null, "wheelchair_toilet": true}}, {"type": "Feature", "geometry": {"type": "Point", "coordinates": [139.6517246, 35.73288243]}, "properties": {"name": "豊玉小学校", "ward": "練馬区", "address": "練馬区豊玉中4-2-20", "elevator_or_1f": null, "slope": true, "braille_block": null, "wheelchair_toilet": true}}, {"type": "Feature", "geometry": {"type": "Point", "coordinates": [139.6563784, 35.72781112]}, "properties": {"name": "豊玉南小学校", "ward": "練馬区", "address": "練馬区豊玉南2-14-1", "elevator_or_1f": true, "slope": true, "braille_block": true, "wheelchair_toilet": true}}, {"type": "Feature", "geometry": {"type": "Point", "coordinates": [139.6351878, 35.7371585]}, "properties": {"name": "練馬第三小学校", "ward": "練馬区", "address": "練馬区貫井1-36-15", "elevator_or_1f": null, "slope": true, "braille_block": null, "wheelchair_toilet": true}}, {"type": "Feature", "geometry": {"type": "Point", "coordinates": [139.6339217, 35.74174495]}, "properties": {"name": "練馬第二小学校", "ward": "練馬区", "address": "練馬区貫井2-31-13", "elevator_or_1f": null, "slope": true, "braille_block": null, "wheelchair_toilet": true}}, {"type": "Feature", "geometry": {"type": "Point", "coordinates": [139.6411832, 35.74062527]}, "properties": {"name": "向山小学校", "ward": "練馬区", "address": "練馬区向山2-14-11", "elevator_or_1f": null, "slope": true, "braille_block": null, "wheelchair_toilet": true}}, {"type": "Feature", "geometry": {"type": "Point", "coordinates": [139.6353989, 35.73426583]}, "properties": {"name": "中村西小学校", "ward": "練馬区", "address": "練馬区中村北4-17-1", "elevator_or_1f": null, "slope": null, "braille_block": null, "wheelchair_toilet": true}}, {"type": "Feature", "geometry": {"type": "Point", "coordinates": [139.6440083, 35.7312254]}, "properties": {"name": "中村小学校", "ward": "練馬区", "address": "練馬区中村2-8-1", "elevator_or_1f": null, "slope": true, "braille_block": null, "wheelchair_toilet": true}}, {"type": "Feature", "geometry": {"type": "Point", "coordinates": [139.601513, 35.75424267]}, "properties": {"name": "泉新小学校", "ward": "練馬区", "address": "練馬区三原台3-18-30", "elevator_or_1f": null, "slope": true, "braille_block": null, "wheelchair_toilet": true}}, {"type": "Feature", "geometry": {"type": "Point", "coordinates": [139.6137881, 35.75111836]}, "properties": {"name": "谷原小学校", "ward": "練馬区", "address": "練馬区谷原2-9-26", "elevator_or_1f": true, "slope": true, "braille_block": true, "wheelchair_toilet": true}}, {"type": "Feature", "geometry": {"type": "Point", "coordinates": [139.6136239, 35.75456596]}, "properties": {"name": "北原小学校", "ward": "練馬区", "address": "練馬区谷原4-9-1", "elevator_or_1f": null, "slope": true, "braille_block": null, "wheelchair_toilet": true}}, {"type": "Feature", "geometry": {"type": "Point", "coordinates": [139.6232415, 35.74490831]}, "properties": {"name": "富士見台小学校", "ward": "練馬区", "address": "練馬区富士見台4-16-10", "elevator_or_1f": null, "slope": true, "braille_block": null, "wheelchair_toilet": true}}, {"type": "Feature", "geometry": {"type": "Point", "coordinates": [139.6172635, 35.7338024]}, "properties": {"name": "南が丘小学校", "ward": "練馬区", "address": "練馬区南田中2-13-1", "elevator_or_1f": null, "slope": null, "braille_block": null, "wheelchair_toilet": true}}, {"type": "Feature", "geometry": {"type": "Point", "coordinates": [139.6197931, 35.73783301]}, "properties": {"name": "石神井東小学校", "ward": "練馬区", "address": "練馬区南田中3-9-1", "elevator_or_1f": null, "slope": true, "braille_block": null, "wheelchair_toilet": true}}, {"type": "Feature", "geometry": {"type": "Point", "coordinates": [139.6111669, 35.73703787]}, "properties": {"name": "南田中小学校", "ward": "練馬区", "address": "練馬区南田中5-15-37", "elevator_or_1f": null, "slope": true, "braille_block": null, "wheelchair_toilet": true}}, {"type": "Feature", "geometry": {"type": "Point", "coordinates": [139.6072918, 35.74635272]}, "properties": {"name": "光和小学校", "ward": "練馬区", "address": "練馬区石神井町2-16-34", "elevator_or_1f": true, "slope": true, "braille_block": null, "wheelchair_toilet": true}}, {"type": "Feature", "geometry": {"type": "Point", "coordinates": [139.6053736, 35.73166432]}, "properties": {"name": "下石神井小学校", "ward": "練馬区", "address": "練馬区下石神井2-20-18", "elevator_or_1f": true, "slope": true, "braille_block": true, "wheelchair_toilet": true}}, {"type": "Feature", "geometry": {"type": "Point", "coordinates": [139.5892121, 35.72810229]}, "properties": {"name": "上石神井小学校", "ward": "練馬区", "address": "練馬区上石神井4-10-9", "elevator_or_1f": null, "slope": true, "braille_block": null, "wheelchair_toilet": true}}, {"type": "Feature", "geometry": {"type": "Point", "coordinates": [139.5991849, 35.73563071]}, "properties": {"name": "石神井小学校", "ward": "練馬区", "address": "練馬区石神井台1-1-25", "elevator_or_1f": true, "slope": true, "braille_block": true, "wheelchair_toilet": true}}, {"type": "Feature", "geometry": {"type": "Point", "coordinates": [139.5882539, 35.73583439]}, "properties": {"name": "上石神井北小学校", "ward": "練馬区", "address": "練馬区石神井台5-1-32", "elevator_or_1f": null, "slope": null, "braille_block": null, "wheelchair_toilet": true}}, {"type": "Feature", "geometry": {"type": "Point", "coordinates": [139.5810785, 35.73529726]}, "properties": {"name": "石神井台小学校", "ward": "練馬区", "address": "練馬区石神井台8-6-33", "elevator_or_1f": null, "slope": null, "braille_block": null, "wheelchair_toilet": true}}, {"type": "Feature", "geometry": {"type": "Point", "coordinates": [139.580602, 35.72396552]}, "properties": {"name": "石神井西小学校", "ward": "練馬区", "address": "練馬区関町北1-1-5", "elevator_or_1f": null, "slope": null, "braille_block": null, "wheelchair_toilet": true}}, {"type": "Feature", "geometry": {"type": "Point", "coordinates": [139.5718937, 35.72499417]}, "properties": {"name": "関町小学校", "ward": "練馬区", "address": "練馬区関町北3-23-34", "elevator_or_1f": null, "slope": true, "braille_block": null, "wheelchair_toilet": true}}, {"type": "Feature", "geometry": {"type": "Point", "coordinates": [139.5737432, 35.73255937]}, "properties": {"name": "関町北小学校", "ward": "練馬区", "address": "練馬区関町北5-13-40", "elevator_or_1f": true, "slope": true, "braille_block": true, "wheelchair_toilet": true}}, {"type": "Feature", "geometry": {"type": "Point", "coordinates": [139.5807282, 35.71838516]}, "properties": {"name": "立野小学校", "ward": "練馬区", "address": "練馬区立野町17-13", "elevator_or_1f": null, "slope": true, "braille_block": null, "wheelchair_toilet": true}}, {"type": "Feature", "geometry": {"type": "Point", "coordinates": [139.5796015, 35.76362003]}, "properties": {"name": "大泉第三小学校", "ward": "練馬区", "address": "練馬区大泉学園町3-22-1", "elevator_or_1f": null, "slope": true, "braille_block": null, "wheelchair_toilet": true}}, {"type": "Feature", "geometry": {"type": "Point", "coordinates": [139.5937022, 35.76561418]}, "properties": {"name": "大泉学園小学校", "ward": "練馬区", "address": "練馬区大泉学園町4-7-1", "elevator_or_1f": null, "slope": null, "braille_block": null, "wheelchair_toilet": true}}, {"type": "Feature", "geometry": {"type": "Point", "coordinates": [139.5860298, 35.76646288]}, "properties": {"name": "大泉学園緑小学校", "ward": "練馬区", "address": "練馬区大泉学園町5-11-47", "elevator_or_1f": null, "slope": true, "braille_block": null, "wheelchair_toilet": true}}, {"type": "Feature", "geometry": {"type": "Point", "coordinates": [139.5918599, 35.77719483]}, "properties": {"name": "大泉学園桜小学校", "ward": "練馬区", "address": "練馬区大泉学園町9-2-2", "elevator_or_1f": null, "slope": true, "braille_block": null, "wheelchair_toilet": true}}, {"type": "Feature", "geometry": {"type": "Point", "coordinates": [139.6025697, 35.75901117]}, "properties": {"name": "橋戸小学校", "ward": "練馬区", "address": "練馬区大泉町2-11-25", "elevator_or_1f": null, "slope": true, "braille_block": null, "wheelchair_toilet": true}}, {"type": "Feature", "geometry": {"type": "Point", "coordinates": [139.5992797, 35.7658743]}, "properties": {"name": "大泉第一小学校", "ward": "練馬区", "address": "練馬区大泉町3-16-23", "elevator_or_1f": null, "slope": true, "braille_block": null, "wheelchair_toilet": true}}, {"type": "Feature", "geometry": {"type": "Point", "coordinates": [139.5958591, 35.7624716]}, "properties": {"name": "大泉北小学校", "ward": "練馬区", "address": "練馬区大泉町4-28-22", "elevator_or_1f": null, "slope": null, "braille_block": null, "wheelchair_toilet": true}}, {"type": "Feature", "geometry": {"type": "Point", "coordinates": [139.5906601, 35.74912496]}, "properties": {"name": "大泉東小学校", "ward": "練馬区", "address": "練馬区東大泉1-22-1", "elevator_or_1f": true, "slope": true, "braille_block": true, "wheelchair_toilet": true}}, {"type": "Feature", "geometry": {"type": "Point", "coordinates": [139.5845875, 35.75190248]}, "properties": {"name": "大泉小学校", "ward": "練馬区", "address": "練馬区東大泉4-25-1", "elevator_or_1f": null, "slope": null, "braille_block": null, "wheelchair_toilet": true}}, {"type": "Feature", "geometry": {"type": "Point", "coordinates": [139.5811561, 35.74496617]}, "properties": {"name": "大泉南小学校", "ward": "練馬区", "address": "練馬区東大泉6-28-1", "elevator_or_1f": null, "slope": null, "braille_block": null, "wheelchair_toilet": null}}, {"type": "Feature", "geometry": {"type": "Point", "coordinates": [139.5729838, 35.744548]}, "properties": {"name": "大泉第二小学校", "ward": "練馬区", "address": "練馬区南大泉4-29-11", "elevator_or_1f": null, "slope": true, "braille_block": null, "wheelchair_toilet": true}}, {"type": "Feature", "geometry": {"type": "Point", "coordinates": [139.5716206, 35.7513772]}, "properties": {"name": "大泉第六小学校", "ward": "練馬区", "address": "練馬区南大泉5-25-29", "elevator_or_1f": null, "slope": true, "braille_block": null, "wheelchair_toilet": true}}, {"type": "Feature", "geometry": {"type": "Point", "coordinates": [139.5735813, 35.75584175]}, "properties": {"name": "大泉第四小学校", "ward": "練馬区", "address": "練馬区西大泉1-24-1", "elevator_or_1f": null, "slope": true, "braille_block": null, "wheelchair_toilet": true}}, {"type": "Feature", "geometry": {"type": "Point", "coordinates": [139.5718791, 35.76531563]}, "properties": {"name": "大泉西小学校", "ward": "練馬区", "address": "練馬区西大泉4-25-1", "elevator_or_1f": null, "slope": true, "braille_block": null, "wheelchair_toilet": true}}, {"type": "Feature", "geometry": {"type": "Point", "coordinates": [139.627629, 35.77319924]}, "properties": {"name": "旭町小学校", "ward": "練馬区", "address": "練馬区旭町2-29-1", "elevator_or_1f": null, "slope": null, "braille_block": null, "wheelchair_toilet": true}}, {"type": "Feature", "geometry": {"type": "Point", "coordinates": [139.6375084, 35.76821307]}, "properties": {"name": "光が丘第八小学校", "ward": "練馬区", "address": "練馬区光が丘1-4-1", "elevator_or_1f": null, "slope": null, "braille_block": null, "wheelchair_toilet": true}}, {"type": "Feature", "geometry": {"type": "Point", "coordinates": [139.634805, 35.761628]}, "properties": {"name": "光が丘秋の陽小学校", "ward": "練馬区", "address": "練馬区光が丘2-1-1", "elevator_or_1f": null, "slope": true, "braille_block": null, "wheelchair_toilet": true}}, {"type": "Feature", "geometry": {"type": "Point", "coordinates": [139.6313143, 35.75734512]}, "properties": {"name": "光が丘夏の雲小学校", "ward": "練馬区", "address": "練馬区光が丘3-6-1", "elevator_or_1f": null, "slope": true, "braille_block": null, "wheelchair_toilet": true}}, {"type": "Feature", "geometry": {"type": "Point", "coordinates": [139.6262478, 35.75558919]}, "properties": {"name": "光が丘春の風小学校", "ward": "練馬区", "address": "練馬区光が丘7-2-1", "elevator_or_1f": null, "slope": true, "braille_block": null, "wheelchair_toilet": true}}, {"type": "Feature", "geometry": {"type": "Point", "coordinates": [139.6424313, 35.75917122]}, "properties": {"name": "田柄第二小学校", "ward": "練馬区", "address": "練馬区田柄1-5-27", "elevator_or_1f": null, "slope": true, "braille_block": null, "wheelchair_toilet": true}}, {"type": "Feature", "geometry": {"type": "Point", "coordinates": [139.6438999, 35.76634745]}, "properties": {"name": "田柄小学校", "ward": "練馬区", "address": "練馬区田柄2-19-19", "elevator_or_1f": null, "slope": null, "braille_block": null, "wheelchair_toilet": true}}, {"type": "Feature", "geometry": {"type": "Point", "coordinates": [139.6475362, 35.75242111]}, "properties": {"name": "練馬東小学校", "ward": "練馬区", "address": "練馬区春日町1-30-11", "elevator_or_1f": null, "slope": true, "braille_block": null, "wheelchair_toilet": true}}, {"type": "Feature", "geometry": {"type": "Point", "coordinates": [139.639837, 35.74666256]}, "properties": {"name": "春日小学校", "ward": "練馬区", "address": "練馬区春日町5-12-1", "elevator_or_1f": null, "slope": true, "braille_block": null, "wheelchair_toilet": true}}, {"type": "Feature", "geometry": {"type": "Point", "coordinates": [139.6360901, 35.75255979]}, "properties": {"name": "練馬小学校", "ward": "練馬区", "address": "練馬区春日町6-11-36", "elevator_or_1f": null, "slope": true, "braille_block": null, "wheelchair_toilet": true}}, {"type": "Feature", "geometry": {"type": "Point", "coordinates": [139.626752, 35.74977485]}, "properties": {"name": "高松小学校", "ward": "練馬区", "address": "練馬区高松3-16-1", "elevator_or_1f": null, "slope": true, "braille_block": null, "wheelchair_toilet": true}}, {"type": "Feature", "geometry": {"type": "Point", "coordinates": [139.6246537, 35.76156847]}, "properties": {"name": "光が丘四季の香小学校", "ward": "練馬区", "address": "練馬区高松5-24-1", "elevator_or_1f": null, "slope": true, "braille_block": null, "wheelchair_toilet": true}}, {"type": "Feature", "geometry": {"type": "Point", "coordinates": [139.6113206, 35.7688033]}, "properties": {"name": "八坂小学校", "ward": "練馬区", "address": "練馬区土支田4-48-1", "elevator_or_1f": null, "slope": null, "braille_block": null, "wheelchair_toilet": true}}, {"type": "Feature", "geometry": {"type": "Point", "coordinates": [139.6644602, 35.76510014]}, "properties": {"name": "北町小学校", "ward": "練馬区", "address": "練馬区北町1-14-11", "elevator_or_1f": null, "slope": true, "braille_block": null, "wheelchair_toilet": true}}, {"type": "Feature", "geometry": {"type": "Point", "coordinates": [139.6537443, 35.76150926]}, "properties": {"name": "北町西小学校", "ward": "練馬区", "address": "練馬区北町7-3-8", "elevator_or_1f": null, "slope": true, "braille_block": null, "wheelchair_toilet": true}}, {"type": "Feature", "geometry": {"type": "Point", "coordinates": [139.6676542, 35.758192]}, "properties": {"name": "仲町小学校", "ward": "練馬区", "address": "練馬区氷川台2-18-24", "elevator_or_1f": null, "slope": null, "braille_block": null, "wheelchair_toilet": true}}, {"type": "Feature", "geometry": {"type": "Point", "coordinates": [139.6577262, 35.75473413]}, "properties": {"name": "開進第一小学校", "ward": "練馬区", "address": "練馬区早宮2-1-31", "elevator_or_1f": null, "slope": true, "braille_block": null, "wheelchair_toilet": true}}, {"type": "Feature", "geometry": {"type": "Point", "coordinates": [139.6511639, 35.75222623]}, "properties": {"name": "早宮小学校", "ward": "練馬区", "address": "練馬区早宮4-10-17", "elevator_or_1f": null, "slope": true, "braille_block": null, "wheelchair_toilet": true}}, {"type": "Feature", "geometry": {"type": "Point", "coordinates": [139.6526001, 35.74333627]}, "properties": {"name": "開進第二中学校", "ward": "練馬区", "address": "練馬区練馬2-27-28", "elevator_or_1f": null, "slope": null, "braille_block": null, "wheelchair_toilet": true}}, {"type": "Feature", "geometry": {"type": "Point", "coordinates": [139.6654779, 35.74586533]}, "properties": {"name": "開進第三中学校", "ward": "練馬区", "address": "練馬区桜台3-28-1", "elevator_or_1f": true, "slope": true, "braille_block": null, "wheelchair_toilet": true}}, {"type": "Feature", "geometry": {"type": "Point", "coordinates": [139.67338, 35.75091998]}, "properties": {"name": "開進第四中学校", "ward": "練馬区", "address": "練馬区羽沢3-24-1", "elevator_or_1f": true, "slope": true, "braille_block": true, "wheelchair_toilet": true}}, {"type": "Feature", "geometry": {"type": "Point", "coordinates": [139.6776282, 35.73781257]}, "properties": {"name": "旭丘中学校", "ward": "練馬区", "address": "練馬区旭丘2-40-1", "elevator_or_1f": null, "slope": true, "braille_block": null, "wheelchair_toilet": true}}, {"type": "Feature", "geometry": {"type": "Point", "coordinates": [139.6644354, 35.73518451]}, "properties": {"name": "豊玉第二中学校", "ward": "練馬区", "address": "練馬区豊玉北2-24-5", "elevator_or_1f": true, "slope": true, "braille_block": true, "wheelchair_toilet": true}}, {"type": "Feature", "geometry": {"type": "Point", "coordinates": [139.6579242, 35.729257]}, "properties": {"name": "豊玉中学校", "ward": "練馬区", "address": "練馬区豊玉南2-1-20", "elevator_or_1f": null, "slope": true, "braille_block": null, "wheelchair_toilet": true}}, {"type": "Feature", "geometry": {"type": "Point", "coordinates": [139.6332019, 35.73975016]}, "properties": {"name": "貫井中学校", "ward": "練馬区", "address": "練馬区貫井2-14-13", "elevator_or_1f": null, "slope": true, "braille_block": null, "wheelchair_toilet": true}}, {"type": "Feature", "geometry": {"type": "Point", "coordinates": [139.6453693, 35.72824878]}, "properties": {"name": "中村中学校", "ward": "練馬区", "address": "練馬区中村南1-32-21", "elevator_or_1f": null, "slope": true, "braille_block": null, "wheelchair_toilet": true}}, {"type": "Feature", "geometry": {"type": "Point", "coordinates": [139.6005171, 35.75456461]}, "properties": {"name": "三原台中学校", "ward": "練馬区", "address": "練馬区三原台3-13-41", "elevator_or_1f": null, "slope": true, "braille_block": null, "wheelchair_toilet": true}}, {"type": "Feature", "geometry": {"type": "Point", "coordinates": [139.6151258, 35.75489397]}, "properties": {"name": "谷原中学校", "ward": "練馬区", "address": "練馬区谷原4-10-5", "elevator_or_1f": null, "slope": true, "braille_block": null, "wheelchair_toilet": true}}, {"type": "Feature", "geometry": {"type": "Point", "coordinates": [139.6168642, 35.74244641]}, "properties": {"name": "石神井東中学校", "ward": "練馬区", "address": "練馬区高野台1-8-34", "elevator_or_1f": null, "slope": true, "braille_block": null, "wheelchair_toilet": true}}, {"type": "Feature", "geometry": {"type": "Point", "coordinates": [139.6131138, 35.73396327]}, "properties": {"name": "南が丘中学校", "ward": "練馬区", "address": "練馬区南田中4-8-23", "elevator_or_1f": null, "slope": null, "braille_block": null, "wheelchair_toilet": true}}, {"type": "Feature", "geometry": {"type": "Point", "coordinates": [139.6091213, 35.73059154]}, "properties": {"name": "石神井南中学校", "ward": "練馬区", "address": "練馬区下石神井2-7-23", "elevator_or_1f": null, "slope": true, "braille_block": null, "wheelchair_toilet": true}}, {"type": "Feature", "geometry": {"type": "Point", "coordinates": [139.5883351, 35.72853522]}, "properties": {"name": "上石神井中学校", "ward": "練馬区", "address": "練馬区上石神井4-15-27", "elevator_or_1f": null, "slope": true, "braille_block": null, "wheelchair_toilet": true}}, {"type": "Feature", "geometry": {"type": "Point", "coordinates": [139.5953131, 35.74066604]}, "properties": {"name": "石神井中学校", "ward": "練馬区", "address": "練馬区石神井台1-32-1", "elevator_or_1f": null, "slope": true, "braille_block": null, "wheelchair_toilet": true}}, {"type": "Feature", "geometry": {"type": "Point", "coordinates": [139.5755341, 35.73080062]}, "properties": {"name": "関中学校", "ward": "練馬区", "address": "練馬区関町北4-34-23", "elevator_or_1f": null, "slope": true, "braille_block": null, "wheelchair_toilet": true}}, {"type": "Feature", "geometry": {"type": "Point", "coordinates": [139.5814501, 35.72031096]}, "properties": {"name": "石神井西中学校", "ward": "練馬区", "address": "練馬区関町南3-10-3", "elevator_or_1f": null, "slope": true, "braille_block": null, "wheelchair_toilet": true}}, {"type": "Feature", "geometry": {"type": "Point", "coordinates": [139.5899635, 35.76674796]}, "properties": {"name": "大泉学園中学校", "ward": "練馬区", "address": "練馬区大泉学園町4-17-32", "elevator_or_1f": null, "slope": null, "braille_block": null, "wheelchair_toilet": true}}, {"type": "Feature", "geometry": {"type": "Point", "coordinates": [139.590848, 35.77751077]}, "properties": {"name": "大泉学園桜中学校", "ward": "練馬区", "address": "練馬区大泉学園町9-2-1", "elevator_or_1f": null, "slope": null, "braille_block": null, "wheelchair_toilet": true}}, {"type": "Feature", "geometry": {"type": "Point", "coordinates": [139.5962182, 35.75947994]}, "properties": {"name": "大泉北中学校", "ward": "練馬区", "address": "練馬区大泉町5-4-32", "elevator_or_1f": null, "slope": true, "braille_block": null, "wheelchair_toilet": true}}, {"type": "Feature", "geometry": {"type": "Point", "coordinates": [139.5854694, 35.75239845]}, "properties": {"name": "大泉中学校", "ward": "練馬区", "address": "練馬区東大泉4-27-35", "elevator_or_1f": null, "slope": true, "braille_block": null, "wheelchair_toilet": true}}, {"type": "Feature", "geometry": {"type": "Point", "coordinates": [139.5846448, 35.74478329]}, "properties": {"name": "大泉第二中学校", "ward": "練馬区", "address": "練馬区東大泉6-21-1", "elevator_or_1f": null, "slope": null, "braille_block": null, "wheelchair_toilet": true}}, {"type": "Feature", "geometry": {"type": "Point", "coordinates": [139.5799367, 35.75842063]}, "properties": {"name": "大泉西中学校", "ward": "練馬区", "address": "練馬区西大泉3-19-27", "elevator_or_1f": true, "slope": true, "braille_block": true, "wheelchair_toilet": true}}, {"type": "Feature", "geometry": {"type": "Point", "coordinates": [139.627725, 35.77432612]}, "properties": {"name": "豊渓中学校", "ward": "練馬区", "address": "練馬区旭町3-5-10", "elevator_or_1f": null, "slope": true, "braille_block": null, "wheelchair_toilet": true}}, {"type": "Feature", "geometry": {"type": "Point", "coordinates": [139.6314194, 35.75500239]}, "properties": {"name": "光が丘第三中学校", "ward": "練馬区", "address": "練馬区光が丘3-2-1", "elevator_or_1f": true, "slope": true, "braille_block": null, "wheelchair_toilet": true}}, {"type": "Feature", "geometry": {"type": "Point", "coordinates": [139.622461, 35.75998659]}, "properties": {"name": "光が丘第一中学校", "ward": "練馬区", "address": "練馬区光が丘6-5-1", "elevator_or_1f": null, "slope": true, "braille_block": null, "wheelchair_toilet": true}}, {"type": "Feature", "geometry": {"type": "Point", "coordinates": [139.6261769, 35.75462329]}, "properties": {"name": "光が丘第二中学校", "ward": "練馬区", "address": "練馬区光が丘7-1-1", "elevator_or_1f": null, "slope": true, "braille_block": null, "wheelchair_toilet": true}}, {"type": "Feature", "geometry": {"type": "Point", "coordinates": [139.6416364, 35.75973613]}, "properties": {"name": "田柄中学校", "ward": "練馬区", "address": "練馬区田柄3-3-1", "elevator_or_1f": null, "slope": true, "braille_block": null, "wheelchair_toilet": true}}, {"type": "Feature", "geometry": {"type": "Point", "coordinates": [139.6478009, 35.7570336]}, "properties": {"name": "練馬東中学校", "ward": "練馬区", "address": "練馬区春日町2-14-22", "elevator_or_1f": null, "slope": true, "braille_block": null, "wheelchair_toilet": true}}, {"type": "Feature", "geometry": {"type": "Point", "coordinates": [139.6350044, 35.7477673]}, "properties": {"name": "練馬中学校", "ward": "練馬区", "address": "練馬区高松1-24-1", "elevator_or_1f": null, "slope": true, "braille_block": null, "wheelchair_toilet": true}}, {"type": "Feature", "geometry": {"type": "Point", "coordinates": [139.6121045, 35.76972821]}, "properties": {"name": "八坂中学校", "ward": "練馬区", "address": "練馬区土支田4-47-21", "elevator_or_1f": null, "slope": true, "braille_block": null, "wheelchair_toilet": true}}, {"type": "Feature", "geometry": {"type": "Point", "coordinates": [139.6568708, 35.76726969]}, "properties": {"name": "北町中学校", "ward": "練馬区", "address": "練馬区北町3-1-34", "elevator_or_1f": null, "slope": true, "braille_block": null, "wheelchair_toilet": true}}, {"type": "Feature", "geometry": {"type": "Point", "coordinates": [139.6595541, 35.75267441]}, "properties": {"name": "開進第一中学校", "ward": "練馬区", "address": "練馬区早宮1-16-50", "elevator_or_1f": null, "slope": true, "braille_block": null, "wheelchair_toilet": true}}, {"type": "Feature", "geometry": {"type": "Point", "coordinates": [139.674108, 35.734848]}, "properties": {"name": "旭丘地域集会所", "ward": "練馬区", "address": "練馬区旭丘1-58-10", "elevator_or_1f": null, "slope": null, "braille_block": true, "wheelchair_toilet": null}}, {"type": "Feature", "geometry": {"type": "Point", "coordinates": [139.673531, 35.738704]}, "properties": {"name": "小竹地域集会所", "ward": "練馬区", "address": "練馬区小竹町1-63-2", "elevator_or_1f": true, "slope": null, "braille_block": true, "wheelchair_toilet": null}}, {"type": "Feature", "geometry": {"type": "Point", "coordinates": [139.671334, 35.739533]}, "properties": {"name": "栄町敬老館", "ward": "練馬区", "address": "練馬区栄町40-7", "elevator_or_1f": null, "slope": null, "braille_block": null, "wheelchair_toilet": null}}, {"type": "Feature", "geometry": {"type": "Point", "coordinates": [139.661366, 35.732669]}, "properties": {"name": "豊玉北地区区民館", "ward": "練馬区", "address": "練馬区豊玉北3-7-9", "elevator_or_1f": true, "slope": null, "braille_block": null, "wheelchair_toilet": true}}, {"type": "Feature", "geometry": {"type": "Point", "coordinates": [139.6423, 35.731749]}, "properties": {"name": "中村敬老館", "ward": "練馬区", "address": "練馬区中村2-25-3", "elevator_or_1f": true, "slope": null, "braille_block": null, "wheelchair_toilet": null}}, {"type": "Feature", "geometry": {"type": "Point", "coordinates": [139.642739, 35.729793]}, "properties": {"name": "中村地域集会所", "ward": "練馬区", "address": "練馬区中村南2-23-12", "elevator_or_1f": null, "slope": null, "braille_block": true, "wheelchair_toilet": null}}, {"type": "Feature", "geometry": {"type": "Point", "coordinates": [139.666689, 35.739129]}, "properties": {"name": "桜台地域集会所", "ward": "練馬区", "address": "練馬区桜台1-22-9", "elevator_or_1f": true, "slope": null, "braille_block": null, "wheelchair_toilet": true}}, {"type": "Feature", "geometry": {"type": "Point", "coordinates": [139.663212, 35.745917]}, "properties": {"name": "桜台地区区民館", "ward": "練馬区", "address": "練馬区桜台3-39-17", "elevator_or_1f": true, "slope": null, "braille_block": true, "wheelchair_toilet": null}}, {"type": "Feature", "geometry": {"type": "Point", "coordinates": [139.650222, 35.740276]}, "properties": {"name": "厚生文化会館", "ward": "練馬区", "address": "練馬区練馬4-2-3", "elevator_or_1f": true, "slope": null, "braille_block": true, "wheelchair_toilet": null}}, {"type": "Feature", "geometry": {"type": "Point", "coordinates": [139.646684, 35.742036]}, "properties": {"name": "向山庭園", "ward": "練馬区", "address": "練馬区向山3-1-21", "elevator_or_1f": true, "slope": null, "braille_block": null, "wheelchair_toilet": true}}, {"type": "Feature", "geometry": {"type": "Point", "coordinates": [139.638597, 35.743575]}, "properties": {"name": "向山地域集会所", "ward": "練馬区", "address": "練馬区向山4-21-12", "elevator_or_1f": true, "slope": null, "braille_block": true, "wheelchair_toilet": null}}, {"type": "Feature", "geometry": {"type": "Point", "coordinates": [139.635656, 35.738181]}, "properties": {"name": "貫井地区区民館", "ward": "練馬区", "address": "練馬区貫井1-9-1", "elevator_or_1f": true, "slope": null, "braille_block": true, "wheelchair_toilet": null}}, {"type": "Feature", "geometry": {"type": "Point", "coordinates": [139.667231, 35.756932]}, "properties": {"name": "氷川台地区区民館", "ward": "練馬区", "address": "練馬区氷川台2-16-14", "elevator_or_1f": true, "slope": null, "braille_block": null, "wheelchair_toilet": null}}, {"type": "Feature", "geometry": {"type": "Point", "coordinates": [139.65884, 35.754199]}, "properties": {"name": "早宮地域集会所", "ward": "練馬区", "address": "練馬区早宮1-44-19", "elevator_or_1f": true, "slope": null, "braille_block": true, "wheelchair_toilet": null}}, {"type": "Feature", "geometry": {"type": "Point", "coordinates": [139.651266, 35.750783]}, "properties": {"name": "早宮地区区民館", "ward": "練馬区", "address": "練馬区早宮4-14-5", "elevator_or_1f": true, "slope": null, "braille_block": true, "wheelchair_toilet": null}}, {"type": "Feature", "geometry": {"type": "Point", "coordinates": [139.638554, 35.747711]}, "properties": {"name": "春日町南地区区民館", "ward": "練馬区", "address": "練馬区春日町5-20-25", "elevator_or_1f": null, "slope": null, "braille_block": null, "wheelchair_toilet": null}}, {"type": "Feature", "geometry": {"type": "Point", "coordinates": [139.639464, 35.750613]}, "properties": {"name": "春日町地域集会所", "ward": "練馬区", "address": "練馬区春日町5-30-1", "elevator_or_1f": null, "slope": null, "braille_block": null, "wheelchair_toilet": null}}, {"type": "Feature", "geometry": {"type": "Point", "coordinates": [139.625393, 35.750032]}, "properties": {"name": "高松地区区民館", "ward": "練馬区", "address": "練馬区高松3-24-27", "elevator_or_1f": true, "slope": null, "braille_block": true, "wheelchair_toilet": null}}, {"type": "Feature", "geometry": {"type": "Point", "coordinates": [139.625053, 35.762831]}, "properties": {"name": "旭町南地区区民館", "ward": "練馬区", "address": "練馬区高松5-23-15", "elevator_or_1f": true, "slope": null, "braille_block": null, "wheelchair_toilet": null}}, {"type": "Feature", "geometry": {"type": "Point", "coordinates": [139.660434, 35.76755]}, "properties": {"name": "北町地区区民館", "ward": "練馬区", "address": "練馬区北町2-26-1", "elevator_or_1f": true, "slope": null, "braille_block": true, "wheelchair_toilet": null}}, {"type": "Feature", "geometry": {"type": "Point", "coordinates": [139.655559, 35.760928]}, "properties": {"name": "北町第二地区区民館", "ward": "練馬区", "address": "練馬区北町6-24-101", "elevator_or_1f": true, "slope": null, "braille_block": null, "wheelchair_toilet": null}}, {"type": "Feature", "geometry": {"type": "Point", "coordinates": [139.6495003, 35.75721097]}, "properties": {"name": "北町はるのひ地域包括支援センター", "ward": "練馬区", "address": "練馬区北町6-35-7", "elevator_or_1f": true, "slope": null, "braille_block": null, "wheelchair_toilet": true}}, {"type": "Feature", "geometry": {"type": "Point", "coordinates": [139.649654, 35.76772]}, "properties": {"name": "北町地域集会所", "ward": "練馬区", "address": "練馬区北町8-28-10", "elevator_or_1f": null, "slope": null, "braille_block": true, "wheelchair_toilet": null}}, {"type": "Feature", "geometry": {"type": "Point", "coordinates": [139.629589, 35.759487]}, "properties": {"name": "光が丘区民センター", "ward": "練馬区", "address": "練馬区光が丘2-9-6", "elevator_or_1f": true, "slope": null, "braille_block": true, "wheelchair_toilet": null}}, {"type": "Feature", "geometry": {"type": "Point", "coordinates": [139.628741, 35.773293]}, "properties": {"name": "旭町北地区区民館", "ward": "練馬区", "address": "練馬区旭町2-30-16", "elevator_or_1f": null, "slope": null, "braille_block": true, "wheelchair_toilet": null}}, {"type": "Feature", "geometry": {"type": "Point", "coordinates": [139.624992, 35.774341]}, "properties": {"name": "旭町地域集会所", "ward": "練馬区", "address": "練馬区旭町3-11-6", "elevator_or_1f": true, "slope": null, "braille_block": null, "wheelchair_toilet": null}}, {"type": "Feature", "geometry": {"type": "Point", "coordinates": [139.613804, 35.763475]}, "properties": {"name": "土支田中央地域集会所", "ward": "練馬区", "address": "練馬区土支田2-32-8", "elevator_or_1f": null, "slope": null, "braille_block": true, "wheelchair_toilet": true}}, {"type": "Feature", "geometry": {"type": "Point", "coordinates": [139.611643, 35.764295]}, "properties": {"name": "土支田地域集会所", "ward": "練馬区", "address": "練馬区土支田2-40-21", "elevator_or_1f": null, "slope": null, "braille_block": null, "wheelchair_toilet": null}}, {"type": "Feature", "geometry": {"type": "Point", "coordinates": [139.62446, 35.738614]}, "properties": {"name": "富士見台地区区民館", "ward": "練馬区", "address": "練馬区富士見台3-10-1", "elevator_or_1f": true, "slope": true, "braille_block": true, "wheelchair_toilet": true}}, {"type": "Feature", "geometry": {"type": "Point", "coordinates": [139.616861, 35.733257]}, "properties": {"name": "南田中地域集会所", "ward": "練馬区", "address": "練馬区南田中2-18-36", "elevator_or_1f": null, "slope": null, "braille_block": true, "wheelchair_toilet": null}}, {"type": "Feature", "geometry": {"type": "Point", "coordinates": [139.611517, 35.737836]}, "properties": {"name": "南田中敬老館", "ward": "練馬区", "address": "練馬区南田中5-15-25", "elevator_or_1f": null, "slope": null, "braille_block": null, "wheelchair_toilet": null}}, {"type": "Feature", "geometry": {"type": "Point", "coordinates": [139.621174, 35.748049]}, "properties": {"name": "高野台敬老館", "ward": "練馬区", "address": "練馬区高野台2-25-1", "elevator_or_1f": true, "slope": null, "braille_block": null, "wheelchair_toilet": null}}, {"type": "Feature", "geometry": {"type": "Point", "coordinates": [139.611882, 35.745674]}, "properties": {"name": "高野台地域集会所", "ward": "練馬区", "address": "練馬区高野台3-28-11", "elevator_or_1f": null, "slope": null, "braille_block": true, "wheelchair_toilet": null}}, {"type": "Feature", "geometry": {"type": "Point", "coordinates": [139.612957, 35.751405]}, "properties": {"name": "谷原地域集会所", "ward": "練馬区", "address": "練馬区谷原5-6-7", "elevator_or_1f": null, "slope": null, "braille_block": true, "wheelchair_toilet": null}}, {"type": "Feature", "geometry": {"type": "Point", "coordinates": [139.606475, 35.757236]}, "properties": {"name": "三原台敬老館", "ward": "練馬区", "address": "練馬区三原台2-11-29", "elevator_or_1f": null, "slope": null, "braille_block": null, "wheelchair_toilet": null}}, {"type": "Feature", "geometry": {"type": "Point", "coordinates": [139.599377, 35.753942]}, "properties": {"name": "三原台地域集会所", "ward": "練馬区", "address": "練馬区三原台3-13-17", "elevator_or_1f": null, "slope": null, "braille_block": true, "wheelchair_toilet": null}}, {"type": "Feature", "geometry": {"type": "Point", "coordinates": [139.598284, 35.744787]}, "properties": {"name": "石神井敬老館", "ward": "練馬区", "address": "練馬区石神井町7-28-21", "elevator_or_1f": null, "slope": null, "braille_block": true, "wheelchair_toilet": null}}, {"type": "Feature", "geometry": {"type": "Point", "coordinates": [139.601753, 35.745407]}, "properties": {"name": "男女共同参画センターえーる", "ward": "練馬区", "address": "練馬区石神井町8-1-10", "elevator_or_1f": true, "slope": null, "braille_block": true, "wheelchair_toilet": null}}, {"type": "Feature", "geometry": {"type": "Point", "coordinates": [139.592041, 35.736533]}, "properties": {"name": "石神井台みどり地域集会所", "ward": "練馬区", "address": "練馬区石神井台2-13-6", "elevator_or_1f": null, "slope": null, "braille_block": true, "wheelchair_toilet": null}}, {"type": "Feature", "geometry": {"type": "Point", "coordinates": [139.589785, 35.735683]}, "properties": {"name": "石神井台敬老館", "ward": "練馬区", "address": "練馬区石神井台2-18-13", "elevator_or_1f": true, "slope": null, "braille_block": true, "wheelchair_toilet": null}}, {"type": "Feature", "geometry": {"type": "Point", "coordinates": [139.592349, 35.729209]}, "properties": {"name": "上石神井北地域集会所", "ward": "練馬区", "address": "練馬区上石神井2-36-18", "elevator_or_1f": null, "slope": null, "braille_block": true, "wheelchair_toilet": null}}, {"type": "Feature", "geometry": {"type": "Point", "coordinates": [139.603593, 35.733772]}, "properties": {"name": "下石神井地区区民館", "ward": "練馬区", "address": "練馬区下石神井6-8-15", "elevator_or_1f": true, "slope": null, "braille_block": true, "wheelchair_toilet": null}}, {"type": "Feature", "geometry": {"type": "Point", "coordinates": [139.586741, 35.751609]}, "properties": {"name": "東大泉中央地域集会所", "ward": "練馬区", "address": "練馬区東大泉3-18-9", "elevator_or_1f": true, "slope": null, "braille_block": null, "wheelchair_toilet": null}}, {"type": "Feature", "geometry": {"type": "Point", "coordinates": [139.587863, 35.756066]}, "properties": {"name": "東大泉地区区民館", "ward": "練馬区", "address": "練馬区東大泉3-53-1", "elevator_or_1f": null, "slope": null, "braille_block": null, "wheelchair_toilet": null}}, {"type": "Feature", "geometry": {"type": "Point", "coordinates": [139.587669, 35.748165]}, "properties": {"name": "勤労福祉会館", "ward": "練馬区", "address": "練馬区東大泉5-40-36", "elevator_or_1f": null, "slope": null, "braille_block": true, "wheelchair_toilet": null}}, {"type": "Feature", "geometry": {"type": "Point", "coordinates": [139.5774, 35.74234]}, "properties": {"name": "東大泉敬老館", "ward": "練馬区", "address": "練馬区東大泉7-20-1", "elevator_or_1f": true, "slope": null, "braille_block": null, "wheelchair_toilet": null}}, {"type": "Feature", "geometry": {"type": "Point", "coordinates": [139.580394, 35.743498]}, "properties": {"name": "東大泉地域集会所", "ward": "練馬区", "address": "練馬区東大泉7-27-51", "elevator_or_1f": null, "slope": null, "braille_block": true, "wheelchair_toilet": null}}, {"type": "Feature", "geometry": {"type": "Point", "coordinates": [139.578933, 35.759538]}, "properties": {"name": "西大泉敬老館", "ward": "練馬区", "address": "練馬区西大泉3-21-16", "elevator_or_1f": true, "slope": null, "braille_block": true, "wheelchair_toilet": null}}, {"type": "Feature", "geometry": {"type": "Point", "coordinates": [139.572503, 35.76006]}, "properties": {"name": "西大泉地区区民館", "ward": "練馬区", "address": "練馬区西大泉5-3-32", "elevator_or_1f": null, "slope": null, "braille_block": null, "wheelchair_toilet": null}}, {"type": "Feature", "geometry": {"type": "Point", "coordinates": [139.570492, 35.739123]}, "properties": {"name": "南大泉地区区民館", "ward": "練馬区", "address": "練馬区南大泉2-19-26", "elevator_or_1f": null, "slope": null, "braille_block": null, "wheelchair_toilet": null}}, {"type": "Feature", "geometry": {"type": "Point", "coordinates": [139.573547, 35.751167]}, "properties": {"name": "南大泉地域集会所", "ward": "練馬区", "address": "練馬区南大泉5-26-19", "elevator_or_1f": true, "slope": null, "braille_block": null, "wheelchair_toilet": null}}, {"type": "Feature", "geometry": {"type": "Point", "coordinates": [139.588465, 35.765632]}, "properties": {"name": "大泉北地域集会所", "ward": "練馬区", "address": "練馬区大泉学園町4-21-1", "elevator_or_1f": true, "slope": null, "braille_block": null, "wheelchair_toilet": null}}, {"type": "Feature", "geometry": {"type": "Point", "coordinates": [139.583174, 35.771389]}, "properties": {"name": "大泉学園町地域集会所", "ward": "練馬区", "address": "練馬区大泉学園町6-20-36", "elevator_or_1f": null, "slope": null, "braille_block": null, "wheelchair_toilet": null}}, {"type": "Feature", "geometry": {"type": "Point", "coordinates": [139.592845, 35.772787]}, "properties": {"name": "大泉学園地区区民館", "ward": "練馬区", "address": "練馬区大泉学園町8-9-5", "elevator_or_1f": null, "slope": null, "braille_block": null, "wheelchair_toilet": null}}, {"type": "Feature", "geometry": {"type": "Point", "coordinates": [139.604056, 35.764722]}, "properties": {"name": "北大泉地区区民館", "ward": "練馬区", "address": "練馬区大泉町2-41-26", "elevator_or_1f": null, "slope": null, "braille_block": null, "wheelchair_toilet": null}}, {"type": "Feature", "geometry": {"type": "Point", "coordinates": [139.595784, 35.763835]}, "properties": {"name": "大泉町地域集会所", "ward": "練馬区", "address": "練馬区大泉町4-35-17", "elevator_or_1f": null, "slope": null, "braille_block": true, "wheelchair_toilet": null}}, {"type": "Feature", "geometry": {"type": "Point", "coordinates": [139.577664, 35.724489]}, "properties": {"name": "関区民センター", "ward": "練馬区", "address": "練馬区関町北1-7-2", "elevator_or_1f": true, "slope": null, "braille_block": true, "wheelchair_toilet": null}}, {"type": "Feature", "geometry": {"type": "Point", "coordinates": [139.577103, 35.729766]}, "properties": {"name": "関町北地区区民館", "ward": "練馬区", "address": "練馬区関町北4-12-21", "elevator_or_1f": null, "slope": null, "braille_block": null, "wheelchair_toilet": null}}, {"type": "Feature", "geometry": {"type": "Point", "coordinates": [139.567751, 35.72142]}, "properties": {"name": "関町地域集会所", "ward": "練馬区", "address": "練馬区関町南4-22-1", "elevator_or_1f": true, "slope": null, "braille_block": true, "wheelchair_toilet": null}}, {"type": "Feature", "geometry": {"type": "Point", "coordinates": [139.582512, 35.718573]}, "properties": {"name": "立野地区区民館", "ward": "練馬区", "address": "練馬区立野町15-42", "elevator_or_1f": null, "slope": null, "braille_block": null, "wheelchair_toilet": null}}, {"type": "Feature", "geometry": {"type": "Point", "coordinates": [139.65926, 35.736707]}, "properties": {"name": "豊玉地域集会所", "ward": "練馬区", "address": "練馬区豊玉北4-13-6", "elevator_or_1f": true, "slope": null, "braille_block": true, "wheelchair_toilet": null}}, {"type": "Feature", "geometry": {"type": "Point", "coordinates": [139.65171, 35.73567]}, "properties": {"name": "練馬区役所", "ward": "練馬区", "address": "練馬区豊玉北6-12-1", "elevator_or_1f": null, "slope": true, "braille_block": true, "wheelchair_toilet": true}}, {"type": "Feature", "geometry": {"type": "Point", "coordinates": [139.62327, 35.76008]}, "properties": {"name": "防災学習センター", "ward": "練馬区", "address": "練馬区光が丘6-4-1", "elevator_or_1f": null, "slope": true, "braille_block": true, "wheelchair_toilet": true}}, {"type": "Feature", "geometry": {"type": "Point", "coordinates": [139.7659091, 35.77669656]}, "properties": {"name": "江北桜中学校", "ward": "足立区", "address": "足立区江北1-17-1", "elevator_or_1f": true, "slope": null, "braille_block": null, "wheelchair_toilet": null}}, {"type": "Feature", "geometry": {"type": "Point", "coordinates": [139.8209018, 35.76750908]}, "properties": {"name": "都立江北高校", "ward": "足立区", "address": "足立区西綾瀬4-14-30", "elevator_or_1f": true, "slope": null, "braille_block": null, "wheelchair_toilet": null}}, {"type": "Feature", "geometry": {"type": "Point", "coordinates": [139.8048751, 35.77074228]}, "properties": {"name": "都立足立高校", "ward": "足立区", "address": "足立区中央本町1-3-9", "elevator_or_1f": true, "slope": null, "braille_block": null, "wheelchair_toilet": null}}, {"type": "Feature", "geometry": {"type": "Point", "coordinates": [139.7777917, 35.78796761]}, "properties": {"name": "都立足立工業高校", "ward": "足立区", "address": "足立区西新井4-30-1", "elevator_or_1f": true, "slope": null, "braille_block": null, "wheelchair_toilet": null}}, {"type": "Feature", "geometry": {"type": "Point", "coordinates": [139.8117286, 35.79231104]}, "properties": {"name": "都立淵江高校", "ward": "足立区", "address": "足立区東保木間2-10-1", "elevator_or_1f": true, "slope": null, "braille_block": null, "wheelchair_toilet": null}}, {"type": "Feature", "geometry": {"type": "Point", "coordinates": [139.7683459, 35.77667063]}, "properties": {"name": "都立足立西高校", "ward": "足立区", "address": "足立区江北5-7-1", "elevator_or_1f": true, "slope": null, "braille_block": null, "wheelchair_toilet": null}}, {"type": "Feature", "geometry": {"type": "Point", "coordinates": [139.8454552, 35.78130519]}, "properties": {"name": "都立足立東高校", "ward": "足立区", "address": "足立区大谷田2-3-5", "elevator_or_1f": null, "slope": null, "braille_block": null, "wheelchair_toilet": null}}, {"type": "Feature", "geometry": {"type": "Point", "coordinates": [139.8121223, 35.77357616]}, "properties": {"name": "都立青井高校", "ward": "足立区", "address": "足立区青井1-7-35", "elevator_or_1f": null, "slope": null, "braille_block": null, "wheelchair_toilet": null}}, {"type": "Feature", "geometry": {"type": "Point", "coordinates": [139.74131, 35.770155]}, "properties": {"name": "都立足立新田高校", "ward": "足立区", "address": "足立区新田2-10-16", "elevator_or_1f": true, "slope": null, "braille_block": null, "wheelchair_toilet": null}}, {"type": "Feature", "geometry": {"type": "Point", "coordinates": [139.8020833, 35.74711187]}, "properties": {"name": "東京芸術大学 千住校地", "ward": "足立区", "address": "足立区千住1-25-1", "elevator_or_1f": true, "slope": null, "braille_block": null, "wheelchair_toilet": null}}, {"type": "Feature", "geometry": {"type": "Point", "coordinates": [139.791522, 35.755871]}, "properties": {"name": "帝京科学大学 2号館", "ward": "足立区", "address": "足立区千住元町34-1", "elevator_or_1f": true, "slope": null, "braille_block": null, "wheelchair_toilet": null}}, {"type": "Feature", "geometry": {"type": "Point", "coordinates": [139.8077926, 35.75096259]}, "properties": {"name": "東京電機大学 東京千住アネックス", "ward": "足立区", "address": "足立区千住旭町38-1", "elevator_or_1f": true, "slope": null, "braille_block": null, "wheelchair_toilet": null}}, {"type": "Feature", "geometry": {"type": "Point", "coordinates": [139.7966868, 35.74575787]}, "properties": {"name": "千寿小学校", "ward": "足立区", "address": "足立区千住宮元町6-1", "elevator_or_1f": true, "slope": null, "braille_block": null, "wheelchair_toilet": null}}, {"type": "Feature", "geometry": {"type": "Point", "coordinates": [139.8016621, 35.75153736]}, "properties": {"name": "千寿本町小学校", "ward": "足立区", "address": "足立区千住3-30", "elevator_or_1f": true, "slope": null, "braille_block": null, "wheelchair_toilet": null}}, {"type": "Feature", "geometry": {"type": "Point", "coordinates": [139.7994621, 35.75606179]}, "properties": {"name": "千寿双葉小学校", "ward": "足立区", "address": "足立区千住大川町17-1", "elevator_or_1f": true, "slope": null, "braille_block": null, "wheelchair_toilet": null}}, {"type": "Feature", "geometry": {"type": "Point", "coordinates": [139.8076688, 35.74735799]}, "properties": {"name": "千寿常東小学校", "ward": "足立区", "address": "足立区千住旭町10-31", "elevator_or_1f": null, "slope": null, "braille_block": null, "wheelchair_toilet": null}}, {"type": "Feature", "geometry": {"type": "Point", "coordinates": [139.809873, 35.764274]}, "properties": {"name": "足立小学校", "ward": "足立区", "address": "足立区足立3-11-5", "elevator_or_1f": true, "slope": null, "braille_block": null, "wheelchair_toilet": null}}, {"type": "Feature", "geometry": {"type": "Point", "coordinates": [139.7937858, 35.75008031]}, "properties": {"name": "千寿桜小学校", "ward": "足立区", "address": "足立区千住桜木1-8-15", "elevator_or_1f": true, "slope": null, "braille_block": null, "wheelchair_toilet": null}}, {"type": "Feature", "geometry": {"type": "Point", "coordinates": [139.8058701, 35.74248149]}, "properties": {"name": "千寿第八小学校", "ward": "足立区", "address": "足立区千住関屋町16-1", "elevator_or_1f": null, "slope": null, "braille_block": null, "wheelchair_toilet": null}}, {"type": "Feature", "geometry": {"type": "Point", "coordinates": [139.7808159, 35.77508914]}, "properties": {"name": "西新井小学校", "ward": "足立区", "address": "足立区西新井本町4-9-27", "elevator_or_1f": true, "slope": null, "braille_block": null, "wheelchair_toilet": null}}, {"type": "Feature", "geometry": {"type": "Point", "coordinates": [139.7767951, 35.78029145]}, "properties": {"name": "西新井第一小学校", "ward": "足立区", "address": "足立区西新井6-21-3", "elevator_or_1f": null, "slope": null, "braille_block": null, "wheelchair_toilet": null}}, {"type": "Feature", "geometry": {"type": "Point", "coordinates": [139.7775206, 35.78935545]}, "properties": {"name": "西新井第二小学校", "ward": "足立区", "address": "足立区西新井4-34-1", "elevator_or_1f": null, "slope": null, "braille_block": null, "wheelchair_toilet": null}}, {"type": "Feature", "geometry": {"type": "Point", "coordinates": [139.7796983, 35.79265014]}, "properties": {"name": "西伊興小学校", "ward": "足立区", "address": "足立区伊興2-6-1", "elevator_or_1f": null, "slope": null, "braille_block": null, "wheelchair_toilet": null}}, {"type": "Feature", "geometry": {"type": "Point", "coordinates": [139.7734916, 35.77294519]}, "properties": {"name": "興本小学校", "ward": "足立区", "address": "足立区扇3-22-1", "elevator_or_1f": null, "slope": null, "braille_block": null, "wheelchair_toilet": null}}, {"type": "Feature", "geometry": {"type": "Point", "coordinates": [139.7802014, 35.76505826]}, "properties": {"name": "本木小学校", "ward": "足立区", "address": "足立区本木北町7-1", "elevator_or_1f": true, "slope": null, "braille_block": null, "wheelchair_toilet": null}}, {"type": "Feature", "geometry": {"type": "Point", "coordinates": [139.7758719, 35.7609616]}, "properties": {"name": "寺地小学校", "ward": "足立区", "address": "足立区扇1-7-1", "elevator_or_1f": null, "slope": null, "braille_block": null, "wheelchair_toilet": null}}, {"type": "Feature", "geometry": {"type": "Point", "coordinates": [139.7866406, 35.77017985]}, "properties": {"name": "関原小学校", "ward": "足立区", "address": "足立区関原3-38-3", "elevator_or_1f": true, "slope": null, "braille_block": null, "wheelchair_toilet": null}}, {"type": "Feature", "geometry": {"type": "Point", "coordinates": [139.7601018, 35.77277685]}, "properties": {"name": "江北小学校", "ward": "足立区", "address": "足立区江北4-21-1", "elevator_or_1f": true, "slope": null, "braille_block": null, "wheelchair_toilet": null}}, {"type": "Feature", "geometry": {"type": "Point", "coordinates": [139.7683804, 35.76439101]}, "properties": {"name": "扇小学校", "ward": "足立区", "address": "足立区扇2-30-1", "elevator_or_1f": null, "slope": null, "braille_block": null, "wheelchair_toilet": null}}, {"type": "Feature", "geometry": {"type": "Point", "coordinates": [139.7667877, 35.78599954]}, "properties": {"name": "鹿浜第一小学校", "ward": "足立区", "address": "足立区谷在家2-24-1", "elevator_or_1f": null, "slope": null, "braille_block": null, "wheelchair_toilet": null}}, {"type": "Feature", "geometry": {"type": "Point", "coordinates": [139.7535968, 35.78554124]}, "properties": {"name": "北鹿浜小学校", "ward": "足立区", "address": "足立区鹿浜5-27-1", "elevator_or_1f": null, "slope": null, "braille_block": null, "wheelchair_toilet": null}}, {"type": "Feature", "geometry": {"type": "Point", "coordinates": [139.7498533, 35.78083866]}, "properties": {"name": "鹿浜西小学校", "ward": "足立区", "address": "足立区鹿浜2-24-1", "elevator_or_1f": null, "slope": null, "braille_block": null, "wheelchair_toilet": null}}, {"type": "Feature", "geometry": {"type": "Point", "coordinates": [139.7631826, 35.79447849]}, "properties": {"name": "皿沼小学校", "ward": "足立区", "address": "足立区皿沼1-19-1", "elevator_or_1f": null, "slope": null, "braille_block": null, "wheelchair_toilet": null}}, {"type": "Feature", "geometry": {"type": "Point", "coordinates": [139.74609, 35.770989]}, "properties": {"name": "新田学園第二校舎", "ward": "足立区", "address": "足立区新田3-30-16", "elevator_or_1f": true, "slope": null, "braille_block": null, "wheelchair_toilet": null}}, {"type": "Feature", "geometry": {"type": "Point", "coordinates": [139.7566326, 35.76006218]}, "properties": {"name": "宮城小学校", "ward": "足立区", "address": "足立区宮城1-27-25", "elevator_or_1f": true, "slope": null, "braille_block": null, "wheelchair_toilet": null}}, {"type": "Feature", "geometry": {"type": "Point", "coordinates": [139.7688917, 35.80610433]}, "properties": {"name": "舎人小学校", "ward": "足立区", "address": "足立区舎人1-25-32", "elevator_or_1f": true, "slope": null, "braille_block": null, "wheelchair_toilet": null}}, {"type": "Feature", "geometry": {"type": "Point", "coordinates": [139.7649017, 35.8143613]}, "properties": {"name": "舎人第一小学校", "ward": "足立区", "address": "足立区舎人6-4-1", "elevator_or_1f": null, "slope": null, "braille_block": null, "wheelchair_toilet": null}}, {"type": "Feature", "geometry": {"type": "Point", "coordinates": [139.7608072, 35.81100956]}, "properties": {"name": "足立入谷小学校", "ward": "足立区", "address": "足立区入谷3-8-1", "elevator_or_1f": null, "slope": null, "braille_block": null, "wheelchair_toilet": null}}, {"type": "Feature", "geometry": {"type": "Point", "coordinates": [139.7783418, 35.80735945]}, "properties": {"name": "古千谷小学校", "ward": "足立区", "address": "足立区古千谷本町4-12-16", "elevator_or_1f": null, "slope": null, "braille_block": null, "wheelchair_toilet": null}}, {"type": "Feature", "geometry": {"type": "Point", "coordinates": [139.7981996, 35.77196996]}, "properties": {"name": "梅島小学校", "ward": "足立区", "address": "足立区梅田7-35-1", "elevator_or_1f": true, "slope": null, "braille_block": null, "wheelchair_toilet": null}}, {"type": "Feature", "geometry": {"type": "Point", "coordinates": [139.7958325, 35.77770226]}, "properties": {"name": "梅島第一小学校", "ward": "足立区", "address": "足立区梅島3-37-4", "elevator_or_1f": null, "slope": null, "braille_block": null, "wheelchair_toilet": null}}, {"type": "Feature", "geometry": {"type": "Point", "coordinates": [139.7954111, 35.76537363]}, "properties": {"name": "梅島第二小学校", "ward": "足立区", "address": "足立区梅田3-27-4", "elevator_or_1f": null, "slope": null, "braille_block": null, "wheelchair_toilet": null}}, {"type": "Feature", "geometry": {"type": "Point", "coordinates": [139.7918368, 35.78074881]}, "properties": {"name": "島根小学校", "ward": "足立区", "address": "足立区島根3-28-11", "elevator_or_1f": true, "slope": null, "braille_block": null, "wheelchair_toilet": null}}, {"type": "Feature", "geometry": {"type": "Point", "coordinates": [139.8007169, 35.78219188]}, "properties": {"name": "中島根小学校", "ward": "足立区", "address": "足立区島根2-9-22", "elevator_or_1f": null, "slope": null, "braille_block": null, "wheelchair_toilet": null}}, {"type": "Feature", "geometry": {"type": "Point", "coordinates": [139.7920191, 35.77318666]}, "properties": {"name": "亀田小学校", "ward": "足立区", "address": "足立区西新井栄町1-1-1", "elevator_or_1f": true, "slope": null, "braille_block": null, "wheelchair_toilet": null}}, {"type": "Feature", "geometry": {"type": "Point", "coordinates": [139.7875683, 35.77690512]}, "properties": {"name": "栗原小学校", "ward": "足立区", "address": "足立区西新井栄町2-10-18", "elevator_or_1f": null, "slope": null, "braille_block": null, "wheelchair_toilet": null}}, {"type": "Feature", "geometry": {"type": "Point", "coordinates": [139.7871949, 35.7876659]}, "properties": {"name": "栗原北小学校", "ward": "足立区", "address": "足立区栗原4-25-9", "elevator_or_1f": null, "slope": null, "braille_block": null, "wheelchair_toilet": null}}, {"type": "Feature", "geometry": {"type": "Point", "coordinates": [139.8125302, 35.77705578]}, "properties": {"name": "栗島小学校", "ward": "足立区", "address": "足立区青井6-13-10", "elevator_or_1f": null, "slope": null, "braille_block": null, "wheelchair_toilet": null}}, {"type": "Feature", "geometry": {"type": "Point", "coordinates": [139.817956, 35.785112]}, "properties": {"name": "加平小学校", "ward": "足立区", "address": "足立区六町3-3-11", "elevator_or_1f": true, "slope": null, "braille_block": null, "wheelchair_toilet": null}}, {"type": "Feature", "geometry": {"type": "Point", "coordinates": [139.8132489, 35.78112234]}, "properties": {"name": "東栗原小学校", "ward": "足立区", "address": "足立区一ツ家3-20-1", "elevator_or_1f": null, "slope": null, "braille_block": null, "wheelchair_toilet": null}}, {"type": "Feature", "geometry": {"type": "Point", "coordinates": [139.8080743, 35.782874]}, "properties": {"name": "平野小学校", "ward": "足立区", "address": "足立区平野3-6-3", "elevator_or_1f": null, "slope": null, "braille_block": null, "wheelchair_toilet": null}}, {"type": "Feature", "geometry": {"type": "Point", "coordinates": [139.80663, 35.76893453]}, "properties": {"name": "弥生小学校", "ward": "足立区", "address": "足立区中央本町2-5-1", "elevator_or_1f": null, "slope": null, "braille_block": null, "wheelchair_toilet": null}}, {"type": "Feature", "geometry": {"type": "Point", "coordinates": [139.819756, 35.76519831]}, "properties": {"name": "弘道小学校", "ward": "足立区", "address": "足立区西綾瀬4-7-27", "elevator_or_1f": null, "slope": null, "braille_block": null, "wheelchair_toilet": null}}, {"type": "Feature", "geometry": {"type": "Point", "coordinates": [139.8139084, 35.76855777]}, "properties": {"name": "弘道第一小学校", "ward": "足立区", "address": "足立区弘道1-20-8", "elevator_or_1f": null, "slope": null, "braille_block": null, "wheelchair_toilet": null}}, {"type": "Feature", "geometry": {"type": "Point", "coordinates": [139.8212337, 35.77060174]}, "properties": {"name": "青井小学校", "ward": "足立区", "address": "足立区青井3-12-2", "elevator_or_1f": null, "slope": null, "braille_block": null, "wheelchair_toilet": null}}, {"type": "Feature", "geometry": {"type": "Point", "coordinates": [139.82851, 35.76337]}, "properties": {"name": "綾瀬小学校", "ward": "足立区", "address": "足立区東綾瀬1-5-3", "elevator_or_1f": true, "slope": null, "braille_block": null, "wheelchair_toilet": null}}, {"type": "Feature", "geometry": {"type": "Point", "coordinates": [139.8354396, 35.76669956]}, "properties": {"name": "東綾瀬小学校", "ward": "足立区", "address": "足立区東綾瀬2-15-15", "elevator_or_1f": true, "slope": null, "braille_block": null, "wheelchair_toilet": null}}, {"type": "Feature", "geometry": {"type": "Point", "coordinates": [139.8284378, 35.77676124]}, "properties": {"name": "東加平小学校", "ward": "足立区", "address": "足立区加平1-12-12", "elevator_or_1f": null, "slope": null, "braille_block": null, "wheelchair_toilet": null}}, {"type": "Feature", "geometry": {"type": "Point", "coordinates": [139.838848, 35.77420081]}, "properties": {"name": "東渕江小学校", "ward": "足立区", "address": "足立区東和3-20-11", "elevator_or_1f": null, "slope": null, "braille_block": null, "wheelchair_toilet": null}}, {"type": "Feature", "geometry": {"type": "Point", "coordinates": [139.8416735, 35.78085914]}, "properties": {"name": "中川小学校", "ward": "足立区", "address": "足立区大谷田3-17-20", "elevator_or_1f": true, "slope": null, "braille_block": null, "wheelchair_toilet": null}}, {"type": "Feature", "geometry": {"type": "Point", "coordinates": [139.8393024, 35.79002504]}, "properties": {"name": "中川北小学校", "ward": "足立区", "address": "足立区六木1-6-10", "elevator_or_1f": null, "slope": null, "braille_block": null, "wheelchair_toilet": null}}, {"type": "Feature", "geometry": {"type": "Point", "coordinates": [139.835162, 35.78375464]}, "properties": {"name": "辰沼小学校", "ward": "足立区", "address": "足立区谷中5-12-1", "elevator_or_1f": null, "slope": null, "braille_block": null, "wheelchair_toilet": null}}, {"type": "Feature", "geometry": {"type": "Point", "coordinates": [139.8438523, 35.78123615]}, "properties": {"name": "中川東小学校", "ward": "足立区", "address": "足立区大谷田2-1-10", "elevator_or_1f": null, "slope": null, "braille_block": null, "wheelchair_toilet": null}}, {"type": "Feature", "geometry": {"type": "Point", "coordinates": [139.8388163, 35.7680645]}, "properties": {"name": "北三谷小学校", "ward": "足立区", "address": "足立区東和1-17-12", "elevator_or_1f": null, "slope": null, "braille_block": null, "wheelchair_toilet": null}}, {"type": "Feature", "geometry": {"type": "Point", "coordinates": [139.8493423, 35.77174637]}, "properties": {"name": "大谷田小学校", "ward": "足立区", "address": "足立区中川4-41-27", "elevator_or_1f": null, "slope": null, "braille_block": null, "wheelchair_toilet": null}}, {"type": "Feature", "geometry": {"type": "Point", "coordinates": [139.8557689, 35.76758501]}, "properties": {"name": "長門小学校", "ward": "足立区", "address": "足立区中川1-19-32", "elevator_or_1f": null, "slope": null, "braille_block": null, "wheelchair_toilet": null}}, {"type": "Feature", "geometry": {"type": "Point", "coordinates": [139.8262884, 35.7926204]}, "properties": {"name": "花畑小学校", "ward": "足立区", "address": "足立区南花畑3-22-1", "elevator_or_1f": null, "slope": null, "braille_block": null, "wheelchair_toilet": null}}, {"type": "Feature", "geometry": {"type": "Point", "coordinates": [139.8164629, 35.79953835]}, "properties": {"name": "花畑第一小学校", "ward": "足立区", "address": "足立区花畑1-29-1", "elevator_or_1f": null, "slope": null, "braille_block": null, "wheelchair_toilet": null}}, {"type": "Feature", "geometry": {"type": "Point", "coordinates": [139.8083534, 35.80391364]}, "properties": {"name": "花畑西小学校", "ward": "足立区", "address": "足立区花畑4-21-1", "elevator_or_1f": null, "slope": null, "braille_block": null, "wheelchair_toilet": null}}, {"type": "Feature", "geometry": {"type": "Point", "coordinates": [139.8166567, 35.80503074]}, "properties": {"name": "桜花小学校", "ward": "足立区", "address": "足立区花畑6-4-6", "elevator_or_1f": null, "slope": null, "braille_block": null, "wheelchair_toilet": null}}, {"type": "Feature", "geometry": {"type": "Point", "coordinates": [139.8178482, 35.79036042]}, "properties": {"name": "花保小学校", "ward": "足立区", "address": "足立区南花畑2-19-1", "elevator_or_1f": null, "slope": null, "braille_block": null, "wheelchair_toilet": null}}, {"type": "Feature", "geometry": {"type": "Point", "coordinates": [139.8409369, 35.79739826]}, "properties": {"name": "六木小学校", "ward": "足立区", "address": "足立区六木3-21-11", "elevator_or_1f": null, "slope": null, "braille_block": null, "wheelchair_toilet": null}}, {"type": "Feature", "geometry": {"type": "Point", "coordinates": [139.7983646, 35.79632623]}, "properties": {"name": "渕江小学校", "ward": "足立区", "address": "足立区西保木間1-10-3", "elevator_or_1f": null, "slope": null, "braille_block": null, "wheelchair_toilet": null}}, {"type": "Feature", "geometry": {"type": "Point", "coordinates": [139.8086757, 35.79712842]}, "properties": {"name": "渕江第一小学校", "ward": "足立区", "address": "足立区保木間3-27-1", "elevator_or_1f": null, "slope": null, "braille_block": null, "wheelchair_toilet": null}}, {"type": "Feature", "geometry": {"type": "Point", "coordinates": [139.7968784, 35.80286345]}, "properties": {"name": "西保木間小学校", "ward": "足立区", "address": "足立区西保木間4-2-1", "elevator_or_1f": null, "slope": null, "braille_block": null, "wheelchair_toilet": null}}, {"type": "Feature", "geometry": {"type": "Point", "coordinates": [139.7990118, 35.79033492]}, "properties": {"name": "保木間小学校", "ward": "足立区", "address": "足立区竹の塚3-6-3", "elevator_or_1f": null, "slope": null, "braille_block": null, "wheelchair_toilet": null}}, {"type": "Feature", "geometry": {"type": "Point", "coordinates": [139.7910705, 35.78981676]}, "properties": {"name": "竹の塚小学校", "ward": "足立区", "address": "足立区竹の塚1-8-1", "elevator_or_1f": null, "slope": null, "braille_block": null, "wheelchair_toilet": null}}, {"type": "Feature", "geometry": {"type": "Point", "coordinates": [139.7810691, 35.79606679]}, "properties": {"name": "伊興小学校", "ward": "足立区", "address": "足立区伊興4-16-1", "elevator_or_1f": true, "slope": null, "braille_block": null, "wheelchair_toilet": null}}, {"type": "Feature", "geometry": {"type": "Point", "coordinates": [139.7853124, 35.80252318]}, "properties": {"name": "東伊興小学校", "ward": "足立区", "address": "足立区東伊興1-4-15", "elevator_or_1f": null, "slope": null, "braille_block": null, "wheelchair_toilet": null}}, {"type": "Feature", "geometry": {"type": "Point", "coordinates": [139.795328, 35.74360108]}, "properties": {"name": "第一中学校", "ward": "足立区", "address": "足立区千住河原町4-7", "elevator_or_1f": true, "slope": null, "braille_block": null, "wheelchair_toilet": null}}, {"type": "Feature", "geometry": {"type": "Point", "coordinates": [139.8128752, 35.74958288]}, "properties": {"name": "千寿桜堤中学校", "ward": "足立区", "address": "足立区柳原2-49-1", "elevator_or_1f": true, "slope": null, "braille_block": null, "wheelchair_toilet": null}}, {"type": "Feature", "geometry": {"type": "Point", "coordinates": [139.79209, 35.74225]}, "properties": {"name": "千寿青葉中学校", "ward": "足立区", "address": "足立区千住緑町1-4-16", "elevator_or_1f": true, "slope": null, "braille_block": null, "wheelchair_toilet": null}}, {"type": "Feature", "geometry": {"type": "Point", "coordinates": [139.8022303, 35.77126615]}, "properties": {"name": "第四中学校", "ward": "足立区", "address": "足立区梅島1-2-33", "elevator_or_1f": true, "slope": null, "braille_block": null, "wheelchair_toilet": null}}, {"type": "Feature", "geometry": {"type": "Point", "coordinates": [139.7759012, 35.77737975]}, "properties": {"name": "第五中学校", "ward": "足立区", "address": "足立区西新井本町2-3-1", "elevator_or_1f": null, "slope": null, "braille_block": null, "wheelchair_toilet": null}}, {"type": "Feature", "geometry": {"type": "Point", "coordinates": [139.7797925, 35.7628145]}, "properties": {"name": "第六中学校", "ward": "足立区", "address": "足立区本木西町16-1", "elevator_or_1f": null, "slope": null, "braille_block": null, "wheelchair_toilet": null}}, {"type": "Feature", "geometry": {"type": "Point", "coordinates": [139.7862015, 35.77333049]}, "properties": {"name": "第七中学校", "ward": "足立区", "address": "足立区関原3-32-14", "elevator_or_1f": true, "slope": null, "braille_block": null, "wheelchair_toilet": null}}, {"type": "Feature", "geometry": {"type": "Point", "coordinates": [139.7965768, 35.77027011]}, "properties": {"name": "第九中学校", "ward": "足立区", "address": "足立区梅田6-32-1", "elevator_or_1f": true, "slope": null, "braille_block": null, "wheelchair_toilet": null}}, {"type": "Feature", "geometry": {"type": "Point", "coordinates": [139.7934708, 35.77718725]}, "properties": {"name": "第十中学校", "ward": "足立区", "address": "足立区梅島3-23-3", "elevator_or_1f": true, "slope": null, "braille_block": null, "wheelchair_toilet": null}}, {"type": "Feature", "geometry": {"type": "Point", "coordinates": [139.8132714, 35.7699006]}, "properties": {"name": "第十一中学校", "ward": "足立区", "address": "足立区弘道1-38-15", "elevator_or_1f": true, "slope": null, "braille_block": null, "wheelchair_toilet": null}}, {"type": "Feature", "geometry": {"type": "Point", "coordinates": [139.8473851, 35.78001139]}, "properties": {"name": "第十二中学校", "ward": "足立区", "address": "足立区大谷田1-37-1", "elevator_or_1f": true, "slope": null, "braille_block": null, "wheelchair_toilet": null}}, {"type": "Feature", "geometry": {"type": "Point", "coordinates": [139.8287482, 35.79074967]}, "properties": {"name": "第十三中学校", "ward": "足立区", "address": "足立区神明南1-16-1", "elevator_or_1f": null, "slope": null, "braille_block": null, "wheelchair_toilet": null}}, {"type": "Feature", "geometry": {"type": "Point", "coordinates": [139.7881806, 35.79342928]}, "properties": {"name": "第十四中学校", "ward": "足立区", "address": "足立区西竹の塚1-8-1", "elevator_or_1f": null, "slope": null, "braille_block": null, "wheelchair_toilet": null}}, {"type": "Feature", "geometry": {"type": "Point", "coordinates": [139.7549538, 35.75806736]}, "properties": {"name": "江南中学校", "ward": "足立区", "address": "足立区宮城1-8-4", "elevator_or_1f": null, "slope": null, "braille_block": null, "wheelchair_toilet": null}}, {"type": "Feature", "geometry": {"type": "Point", "coordinates": [139.7465148, 35.7694083]}, "properties": {"name": "新田学園第一校舎", "ward": "足立区", "address": "足立区新田3-34-2", "elevator_or_1f": true, "slope": null, "braille_block": null, "wheelchair_toilet": null}}, {"type": "Feature", "geometry": {"type": "Point", "coordinates": [139.7548737, 35.78491234]}, "properties": {"name": "鹿浜菜の花中学校", "ward": "足立区", "address": "足立区江北7-17-11", "elevator_or_1f": true, "slope": null, "braille_block": null, "wheelchair_toilet": null}}, {"type": "Feature", "geometry": {"type": "Point", "coordinates": [139.8085093, 35.78110021]}, "properties": {"name": "東島根中学校", "ward": "足立区", "address": "足立区平野1-27-2", "elevator_or_1f": true, "slope": null, "braille_block": null, "wheelchair_toilet": null}}, {"type": "Feature", "geometry": {"type": "Point", "coordinates": [139.8035511, 35.79617039]}, "properties": {"name": "渕江中学校", "ward": "足立区", "address": "足立区保木間3-6-6", "elevator_or_1f": null, "slope": null, "braille_block": null, "wheelchair_toilet": null}}, {"type": "Feature", "geometry": {"type": "Point", "coordinates": [139.7952315, 35.80487118]}, "properties": {"name": "竹の塚中学校", "ward": "足立区", "address": "足立区西保木間4-12-13", "elevator_or_1f": null, "slope": null, "braille_block": null, "wheelchair_toilet": null}}, {"type": "Feature", "geometry": {"type": "Point", "coordinates": [139.8267054, 35.7660814]}, "properties": {"name": "東綾瀬中学校", "ward": "足立区", "address": "足立区綾瀬3-23-14", "elevator_or_1f": null, "slope": null, "braille_block": null, "wheelchair_toilet": null}}, {"type": "Feature", "geometry": {"type": "Point", "coordinates": [139.8190407, 35.7757341]}, "properties": {"name": "青井中学校", "ward": "足立区", "address": "足立区青井4-19-1", "elevator_or_1f": null, "slope": null, "braille_block": null, "wheelchair_toilet": null}}, {"type": "Feature", "geometry": {"type": "Point", "coordinates": [139.814889, 35.80076717]}, "properties": {"name": "花畑中学校", "ward": "足立区", "address": "足立区花畑1-31-1", "elevator_or_1f": null, "slope": null, "braille_block": null, "wheelchair_toilet": null}}, {"type": "Feature", "geometry": {"type": "Point", "coordinates": [139.8366753, 35.77261893]}, "properties": {"name": "蒲原中学校", "ward": "足立区", "address": "足立区東和3-17-15", "elevator_or_1f": null, "slope": null, "braille_block": null, "wheelchair_toilet": null}}, {"type": "Feature", "geometry": {"type": "Point", "coordinates": [139.7714674, 35.78273003]}, "properties": {"name": "西新井中学校", "ward": "足立区", "address": "足立区西新井7-22-1", "elevator_or_1f": null, "slope": null, "braille_block": null, "wheelchair_toilet": null}}, {"type": "Feature", "geometry": {"type": "Point", "coordinates": [139.7609812, 35.80946374]}, "properties": {"name": "入谷中学校", "ward": "足立区", "address": "足立区入谷3-6-1", "elevator_or_1f": null, "slope": null, "braille_block": null, "wheelchair_toilet": null}}, {"type": "Feature", "geometry": {"type": "Point", "coordinates": [139.7813519, 35.79966339]}, "properties": {"name": "伊興中学校", "ward": "足立区", "address": "足立区伊興5-17-1", "elevator_or_1f": null, "slope": null, "braille_block": null, "wheelchair_toilet": null}}, {"type": "Feature", "geometry": {"type": "Point", "coordinates": [139.8165486, 35.80725549]}, "properties": {"name": "花畑北中学校", "ward": "足立区", "address": "足立区花畑6-12-35", "elevator_or_1f": null, "slope": null, "braille_block": null, "wheelchair_toilet": null}}, {"type": "Feature", "geometry": {"type": "Point", "coordinates": [139.8355991, 35.78005306]}, "properties": {"name": "谷中中学校", "ward": "足立区", "address": "足立区谷中3-14-1", "elevator_or_1f": null, "slope": null, "braille_block": null, "wheelchair_toilet": null}}, {"type": "Feature", "geometry": {"type": "Point", "coordinates": [139.818235, 35.79270517]}, "properties": {"name": "花保中学校", "ward": "足立区", "address": "足立区南花畑2-41-1", "elevator_or_1f": null, "slope": null, "braille_block": null, "wheelchair_toilet": null}}, {"type": "Feature", "geometry": {"type": "Point", "coordinates": [139.8108183, 35.77808762]}, "properties": {"name": "栗島中学校", "ward": "足立区", "address": "足立区中央本町5-23-1", "elevator_or_1f": null, "slope": null, "braille_block": null, "wheelchair_toilet": null}}, {"type": "Feature", "geometry": {"type": "Point", "coordinates": [139.7716418, 35.77265617]}, "properties": {"name": "扇中学校", "ward": "足立区", "address": "足立区扇3-18-14", "elevator_or_1f": null, "slope": null, "braille_block": null, "wheelchair_toilet": null}}, {"type": "Feature", "geometry": {"type": "Point", "coordinates": [139.7604119, 35.79295159]}, "properties": {"name": "加賀中学校", "ward": "足立区", "address": "足立区加賀2-25-22", "elevator_or_1f": null, "slope": null, "braille_block": null, "wheelchair_toilet": null}}, {"type": "Feature", "geometry": {"type": "Point", "coordinates": [139.765617, 35.80444843]}, "properties": {"name": "入谷南中学校", "ward": "足立区", "address": "足立区入谷1-24-1", "elevator_or_1f": null, "slope": null, "braille_block": null, "wheelchair_toilet": null}}, {"type": "Feature", "geometry": {"type": "Point", "coordinates": [139.8005097, 35.7882442]}, "properties": {"name": "六月中学校", "ward": "足立区", "address": "足立区六月1-30-1", "elevator_or_1f": null, "slope": null, "braille_block": null, "wheelchair_toilet": null}}, {"type": "Feature", "geometry": {"type": "Point", "coordinates": [139.7811322, 35.76778798]}, "properties": {"name": "東京朝鮮第四初中級学校", "ward": "足立区", "address": "足立区興野1-18-12", "elevator_or_1f": null, "slope": null, "braille_block": null, "wheelchair_toilet": null}}, {"type": "Feature", "geometry": {"type": "Point", "coordinates": [139.8173161, 35.74313972]}, "properties": {"name": "東京未来大学", "ward": "足立区", "address": "足立区千住曙町34-12", "elevator_or_1f": true, "slope": null, "braille_block": null, "wheelchair_toilet": null}}, {"type": "Feature", "geometry": {"type": "Point", "coordinates": [139.789567, 35.753623]}, "properties": {"name": "帝京科学大学", "ward": "足立区", "address": "足立区千住桜木2-2-1", "elevator_or_1f": true, "slope": null, "braille_block": null, "wheelchair_toilet": null}}, {"type": "Feature", "geometry": {"type": "Point", "coordinates": [139.8070807, 35.75014866]}, "properties": {"name": "足立学園", "ward": "足立区", "address": "足立区千住旭町40-24", "elevator_or_1f": true, "slope": null, "braille_block": null, "wheelchair_toilet": null}}, {"type": "Feature", "geometry": {"type": "Point", "coordinates": [139.800822, 35.749412]}, "properties": {"name": "潤徳女子高校", "ward": "足立区", "address": "足立区千住2-11", "elevator_or_1f": null, "slope": null, "braille_block": null, "wheelchair_toilet": null}}, {"type": "Feature", "geometry": {"type": "Point", "coordinates": [139.786459, 35.762952]}, "properties": {"name": "旧本木東小学校", "ward": "足立区", "address": "足立区本木1-14-15", "elevator_or_1f": null, "slope": null, "braille_block": null, "wheelchair_toilet": null}}, {"type": "Feature", "geometry": {"type": "Point", "coordinates": [139.760033, 35.780637]}, "properties": {"name": "鹿浜五色桜小学校", "ward": "足立区", "address": "足立区鹿浜4-20-22", "elevator_or_1f": true, "slope": null, "braille_block": null, "wheelchair_toilet": null}}, {"type": "Feature", "geometry": {"type": "Point", "coordinates": [139.80448, 35.8078]}, "properties": {"name": "文教大学", "ward": "足立区", "address": "足立区花畑5-6-1", "elevator_or_1f": null, "slope": true, "braille_block": true, "wheelchair_toilet": true}}, {"type": "Feature", "geometry": {"type": "Point", "coordinates": [139.73912627, 35.771134]}, "properties": {"name": "順天中学校・順天高等学校新田キャンパス", "ward": "足立区", "address": "足立区新田2-9-3", "elevator_or_1f": null, "slope": null, "braille_block": null, "wheelchair_toilet": null}}, {"type": "Feature", "geometry": {"type": "Point", "coordinates": [139.8350998, 35.73902266]}, "properties": {"name": "四ツ木中学校", "ward": "葛飾区", "address": "葛飾区四つ木4-22-1", "elevator_or_1f": null, "slope": true, "braille_block": null, "wheelchair_toilet": true}}, {"type": "Feature", "geometry": {"type": "Point", "coordinates": [139.8428779, 35.74452226]}, "properties": {"name": "大道中学校", "ward": "葛飾区", "address": "葛飾区四つ木5-22-1", "elevator_or_1f": null, "slope": null, "braille_block": null, "wheelchair_toilet": true}}, {"type": "Feature", "geometry": {"type": "Point", "coordinates": [139.834086, 35.73699686]}, "properties": {"name": "よつぎ小学校", "ward": "葛飾区", "address": "葛飾区四つ木4-8-1", "elevator_or_1f": true, "slope": null, "braille_block": null, "wheelchair_toilet": null}}, {"type": "Feature", "geometry": {"type": "Point", "coordinates": [139.8424575, 35.73081679]}, "properties": {"name": "渋江小学校", "ward": "葛飾区", "address": "葛飾区東四つ木2-13-1", "elevator_or_1f": true, "slope": null, "braille_block": null, "wheelchair_toilet": true}}, {"type": "Feature", "geometry": {"type": "Point", "coordinates": [139.8404438, 35.72789906]}, "properties": {"name": "木根川小学校", "ward": "葛飾区", "address": "葛飾区東四つ木1-10-1", "elevator_or_1f": null, "slope": true, "braille_block": null, "wheelchair_toilet": true}}, {"type": "Feature", "geometry": {"type": "Point", "coordinates": [139.8413148, 35.7259683]}, "properties": {"name": "中川中学校", "ward": "葛飾区", "address": "葛飾区東四つ木1-3-1", "elevator_or_1f": true, "slope": true, "braille_block": null, "wheelchair_toilet": true}}, {"type": "Feature", "geometry": {"type": "Point", "coordinates": [139.844984, 35.73726413]}, "properties": {"name": "本田小学校", "ward": "葛飾区", "address": "葛飾区立石1-7-23", "elevator_or_1f": null, "slope": true, "braille_block": null, "wheelchair_toilet": true}}, {"type": "Feature", "geometry": {"type": "Point", "coordinates": [139.8458602, 35.73198375]}, "properties": {"name": "川端小学校", "ward": "葛飾区", "address": "葛飾区東立石1-2-1", "elevator_or_1f": true, "slope": null, "braille_block": null, "wheelchair_toilet": true}}, {"type": "Feature", "geometry": {"type": "Point", "coordinates": [139.8524576, 35.73246087]}, "properties": {"name": "本田中学校", "ward": "葛飾区", "address": "葛飾区東立石4-7-1", "elevator_or_1f": true, "slope": true, "braille_block": null, "wheelchair_toilet": true}}, {"type": "Feature", "geometry": {"type": "Point", "coordinates": [139.854843, 35.74234182]}, "properties": {"name": "葛飾小学校", "ward": "葛飾区", "address": "葛飾区青戸1-3-1", "elevator_or_1f": true, "slope": null, "braille_block": null, "wheelchair_toilet": true}}, {"type": "Feature", "geometry": {"type": "Point", "coordinates": [139.8488935, 35.74311458]}, "properties": {"name": "清和小学校", "ward": "葛飾区", "address": "葛飾区立石6-2-1", "elevator_or_1f": true, "slope": null, "braille_block": null, "wheelchair_toilet": true}}, {"type": "Feature", "geometry": {"type": "Point", "coordinates": [139.8442949, 35.74163762]}, "properties": {"name": "梅田小学校", "ward": "葛飾区", "address": "葛飾区立石3-24-1", "elevator_or_1f": true, "slope": true, "braille_block": null, "wheelchair_toilet": true}}, {"type": "Feature", "geometry": {"type": "Point", "coordinates": [139.8486404, 35.74394448]}, "properties": {"name": "立石中学校", "ward": "葛飾区", "address": "葛飾区立石6-3-1", "elevator_or_1f": true, "slope": true, "braille_block": null, "wheelchair_toilet": true}}, {"type": "Feature", "geometry": {"type": "Point", "coordinates": [139.8441396, 35.75057061]}, "properties": {"name": "白鳥小学校", "ward": "葛飾区", "address": "葛飾区白鳥3-4-1", "elevator_or_1f": null, "slope": null, "braille_block": null, "wheelchair_toilet": true}}, {"type": "Feature", "geometry": {"type": "Point", "coordinates": [139.8525115, 35.7588839]}, "properties": {"name": "亀青小学校", "ward": "葛飾区", "address": "葛飾区青戸8-17-1", "elevator_or_1f": null, "slope": null, "braille_block": null, "wheelchair_toilet": true}}, {"type": "Feature", "geometry": {"type": "Point", "coordinates": [139.8571064, 35.75155085]}, "properties": {"name": "青戸小学校", "ward": "葛飾区", "address": "葛飾区青戸6-18-1", "elevator_or_1f": null, "slope": null, "braille_block": null, "wheelchair_toilet": true}}, {"type": "Feature", "geometry": {"type": "Point", "coordinates": [139.8286551, 35.7443009]}, "properties": {"name": "堀切小学校", "ward": "葛飾区", "address": "葛飾区堀切2-42-1", "elevator_or_1f": null, "slope": null, "braille_block": null, "wheelchair_toilet": null}}, {"type": "Feature", "geometry": {"type": "Point", "coordinates": [139.8327889, 35.74150132]}, "properties": {"name": "堀切中学校", "ward": "葛飾区", "address": "葛飾区堀切1-36-1", "elevator_or_1f": true, "slope": null, "braille_block": null, "wheelchair_toilet": null}}, {"type": "Feature", "geometry": {"type": "Point", "coordinates": [139.8344856, 35.74434805]}, "properties": {"name": "旧東堀切小学校", "ward": "葛飾区", "address": "葛飾区堀切3-34-1", "elevator_or_1f": true, "slope": null, "braille_block": null, "wheelchair_toilet": null}}, {"type": "Feature", "geometry": {"type": "Point", "coordinates": [139.8306231, 35.73990544]}, "properties": {"name": "綾南小学校", "ward": "葛飾区", "address": "葛飾区堀切1-22-1", "elevator_or_1f": true, "slope": true, "braille_block": null, "wheelchair_toilet": true}}, {"type": "Feature", "geometry": {"type": "Point", "coordinates": [139.8258851, 35.74967922]}, "properties": {"name": "旧小谷野小学校", "ward": "葛飾区", "address": "葛飾区堀切4-60-1", "elevator_or_1f": null, "slope": null, "braille_block": null, "wheelchair_toilet": null}}, {"type": "Feature", "geometry": {"type": "Point", "coordinates": [139.8382563, 35.7448021]}, "properties": {"name": "宝木塚小学校", "ward": "葛飾区", "address": "葛飾区宝町2-29-23", "elevator_or_1f": true, "slope": null, "braille_block": null, "wheelchair_toilet": true}}, {"type": "Feature", "geometry": {"type": "Point", "coordinates": [139.8338092, 35.75692462]}, "properties": {"name": "青葉中学校", "ward": "葛飾区", "address": "葛飾区堀切8-12-1", "elevator_or_1f": true, "slope": true, "braille_block": null, "wheelchair_toilet": true}}, {"type": "Feature", "geometry": {"type": "Point", "coordinates": [139.8386489, 35.75419805]}, "properties": {"name": "上千葉小学校", "ward": "葛飾区", "address": "葛飾区東堀切3-26-1", "elevator_or_1f": true, "slope": true, "braille_block": null, "wheelchair_toilet": true}}, {"type": "Feature", "geometry": {"type": "Point", "coordinates": [139.8384881, 35.75000352]}, "properties": {"name": "双葉中学校", "ward": "葛飾区", "address": "葛飾区お花茶屋1-10-1", "elevator_or_1f": null, "slope": null, "braille_block": null, "wheelchair_toilet": true}}, {"type": "Feature", "geometry": {"type": "Point", "coordinates": [139.8321404, 35.75378492]}, "properties": {"name": "東綾瀬小学校", "ward": "葛飾区", "address": "葛飾区堀切6-21-1", "elevator_or_1f": true, "slope": null, "braille_block": null, "wheelchair_toilet": true}}, {"type": "Feature", "geometry": {"type": "Point", "coordinates": [139.8282848, 35.75185304]}, "properties": {"name": "南綾瀬小学校", "ward": "葛飾区", "address": "葛飾区堀切6-1-1", "elevator_or_1f": null, "slope": null, "braille_block": null, "wheelchair_toilet": true}}, {"type": "Feature", "geometry": {"type": "Point", "coordinates": [139.853195, 35.717772]}, "properties": {"name": "松上小学校", "ward": "葛飾区", "address": "葛飾区西新小岩2-1-1", "elevator_or_1f": true, "slope": true, "braille_block": null, "wheelchair_toilet": true}}, {"type": "Feature", "geometry": {"type": "Point", "coordinates": [139.85176, 35.72280194]}, "properties": {"name": "上平井小学校", "ward": "葛飾区", "address": "葛飾区西新小岩4-22-1", "elevator_or_1f": true, "slope": true, "braille_block": null, "wheelchair_toilet": true}}, {"type": "Feature", "geometry": {"type": "Point", "coordinates": [139.8549647, 35.72471881]}, "properties": {"name": "二上小学校", "ward": "葛飾区", "address": "葛飾区東新小岩7-18-1", "elevator_or_1f": true, "slope": null, "braille_block": null, "wheelchair_toilet": true}}, {"type": "Feature", "geometry": {"type": "Point", "coordinates": [139.8604902, 35.72486894]}, "properties": {"name": "上平井中学校", "ward": "葛飾区", "address": "葛飾区東新小岩4-2-1", "elevator_or_1f": true, "slope": true, "braille_block": null, "wheelchair_toilet": true}}, {"type": "Feature", "geometry": {"type": "Point", "coordinates": [139.8643481, 35.72050753]}, "properties": {"name": "小松中学校", "ward": "葛飾区", "address": "葛飾区新小岩4-30-1", "elevator_or_1f": true, "slope": true, "braille_block": null, "wheelchair_toilet": true}}, {"type": "Feature", "geometry": {"type": "Point", "coordinates": [139.8638113, 35.71688593]}, "properties": {"name": "小松南小学校", "ward": "葛飾区", "address": "葛飾区新小岩2-25-1", "elevator_or_1f": null, "slope": null, "braille_block": null, "wheelchair_toilet": null}}, {"type": "Feature", "geometry": {"type": "Point", "coordinates": [139.8659322, 35.71358835]}, "properties": {"name": "旧松南小学校", "ward": "葛飾区", "address": "葛飾区新小岩3-25-1", "elevator_or_1f": null, "slope": null, "braille_block": null, "wheelchair_toilet": true}}, {"type": "Feature", "geometry": {"type": "Point", "coordinates": [139.8658232, 35.73912448]}, "properties": {"name": "奥戸小学校", "ward": "葛飾区", "address": "葛飾区奥戸8-20-17", "elevator_or_1f": null, "slope": true, "braille_block": null, "wheelchair_toilet": true}}, {"type": "Feature", "geometry": {"type": "Point", "coordinates": [139.860208, 35.73169516]}, "properties": {"name": "南奥戸小学校", "ward": "葛飾区", "address": "葛飾区奥戸3-5-1", "elevator_or_1f": true, "slope": true, "braille_block": null, "wheelchair_toilet": true}}, {"type": "Feature", "geometry": {"type": "Point", "coordinates": [139.8700295, 35.74683173]}, "properties": {"name": "高砂小学校", "ward": "葛飾区", "address": "葛飾区高砂3-30-1", "elevator_or_1f": null, "slope": null, "braille_block": null, "wheelchair_toilet": null}}, {"type": "Feature", "geometry": {"type": "Point", "coordinates": [139.8711048, 35.73717584]}, "properties": {"name": "奥戸中学校", "ward": "葛飾区", "address": "葛飾区細田1-6-1", "elevator_or_1f": true, "slope": true, "braille_block": null, "wheelchair_toilet": true}}, {"type": "Feature", "geometry": {"type": "Point", "coordinates": [139.8823495, 35.74702804]}, "properties": {"name": "鎌倉小学校", "ward": "葛飾区", "address": "葛飾区鎌倉4-24-1", "elevator_or_1f": true, "slope": null, "braille_block": null, "wheelchair_toilet": true}}, {"type": "Feature", "geometry": {"type": "Point", "coordinates": [139.8533897, 35.75129078]}, "properties": {"name": "青戸中学校", "ward": "葛飾区", "address": "葛飾区青戸5-10-1", "elevator_or_1f": true, "slope": true, "braille_block": null, "wheelchair_toilet": true}}, {"type": "Feature", "geometry": {"type": "Point", "coordinates": [139.8518069, 35.75051882]}, "properties": {"name": "中青戸小学校", "ward": "葛飾区", "address": "葛飾区青戸4-24-1", "elevator_or_1f": true, "slope": true, "braille_block": null, "wheelchair_toilet": true}}, {"type": "Feature", "geometry": {"type": "Point", "coordinates": [139.8242091, 35.75443364]}, "properties": {"name": "こすげ小学校", "ward": "葛飾区", "address": "葛飾区小菅3-8-1", "elevator_or_1f": true, "slope": true, "braille_block": null, "wheelchair_toilet": true}}, {"type": "Feature", "geometry": {"type": "Point", "coordinates": [139.8245981, 35.75342376]}, "properties": {"name": "綾瀬中学校", "ward": "葛飾区", "address": "葛飾区小菅2-12-1", "elevator_or_1f": true, "slope": true, "braille_block": null, "wheelchair_toilet": true}}, {"type": "Feature", "geometry": {"type": "Point", "coordinates": [139.8177836, 35.75627326]}, "properties": {"name": "西小菅小学校", "ward": "葛飾区", "address": "葛飾区小菅1-25-1", "elevator_or_1f": true, "slope": true, "braille_block": null, "wheelchair_toilet": null}}, {"type": "Feature", "geometry": {"type": "Point", "coordinates": [139.8581139, 35.76300859]}, "properties": {"name": "新宿小学校", "ward": "葛飾区", "address": "葛飾区新宿2-26-1", "elevator_or_1f": null, "slope": null, "braille_block": null, "wheelchair_toilet": true}}, {"type": "Feature", "geometry": {"type": "Point", "coordinates": [139.8633155, 35.76126992]}, "properties": {"name": "新宿中学校", "ward": "葛飾区", "address": "葛飾区新宿3-20-10", "elevator_or_1f": null, "slope": null, "braille_block": null, "wheelchair_toilet": true}}, {"type": "Feature", "geometry": {"type": "Point", "coordinates": [139.8670244, 35.75457278]}, "properties": {"name": "住吉小学校", "ward": "葛飾区", "address": "葛飾区高砂8-14-1", "elevator_or_1f": true, "slope": null, "braille_block": null, "wheelchair_toilet": null}}, {"type": "Feature", "geometry": {"type": "Point", "coordinates": [139.8672361, 35.76290185]}, "properties": {"name": "柴原小学校", "ward": "葛飾区", "address": "葛飾区金町1-15-1", "elevator_or_1f": true, "slope": true, "braille_block": null, "wheelchair_toilet": true}}, {"type": "Feature", "geometry": {"type": "Point", "coordinates": [139.8715759, 35.75972032]}, "properties": {"name": "北野小学校", "ward": "葛飾区", "address": "葛飾区柴又3-10-1", "elevator_or_1f": true, "slope": true, "braille_block": null, "wheelchair_toilet": true}}, {"type": "Feature", "geometry": {"type": "Point", "coordinates": [139.873032, 35.75260116]}, "properties": {"name": "桜道中学校", "ward": "葛飾区", "address": "葛飾区柴又4-3-1", "elevator_or_1f": true, "slope": null, "braille_block": null, "wheelchair_toilet": true}}, {"type": "Feature", "geometry": {"type": "Point", "coordinates": [139.8772026, 35.75305522]}, "properties": {"name": "柴又小学校", "ward": "葛飾区", "address": "葛飾区柴又4-30-1", "elevator_or_1f": null, "slope": null, "braille_block": null, "wheelchair_toilet": true}}, {"type": "Feature", "geometry": {"type": "Point", "coordinates": [139.8774391, 35.76645572]}, "properties": {"name": "金町小学校", "ward": "葛飾区", "address": "葛飾区金町3-44-1", "elevator_or_1f": null, "slope": null, "braille_block": null, "wheelchair_toilet": true}}, {"type": "Feature", "geometry": {"type": "Point", "coordinates": [139.8710648, 35.76305693]}, "properties": {"name": "常盤中学校", "ward": "葛飾区", "address": "葛飾区金町2-11-1", "elevator_or_1f": true, "slope": true, "braille_block": null, "wheelchair_toilet": true}}, {"type": "Feature", "geometry": {"type": "Point", "coordinates": [139.8652581, 35.76658338]}, "properties": {"name": "末広小学校", "ward": "葛飾区", "address": "葛飾区金町4-21-1", "elevator_or_1f": true, "slope": true, "braille_block": null, "wheelchair_toilet": true}}, {"type": "Feature", "geometry": {"type": "Point", "coordinates": [139.8652888, 35.77399455]}, "properties": {"name": "金町中学校", "ward": "葛飾区", "address": "葛飾区南水元3-1-1", "elevator_or_1f": null, "slope": true, "braille_block": null, "wheelchair_toilet": true}}, {"type": "Feature", "geometry": {"type": "Point", "coordinates": [139.8767167, 35.77760145]}, "properties": {"name": "半田小学校", "ward": "葛飾区", "address": "葛飾区東金町5-16-1", "elevator_or_1f": null, "slope": true, "braille_block": null, "wheelchair_toilet": null}}, {"type": "Feature", "geometry": {"type": "Point", "coordinates": [139.8681736, 35.77369366]}, "properties": {"name": "原田小学校", "ward": "葛飾区", "address": "葛飾区東金町2-16-1", "elevator_or_1f": true, "slope": true, "braille_block": null, "wheelchair_toilet": null}}, {"type": "Feature", "geometry": {"type": "Point", "coordinates": [139.8652695, 35.78273356]}, "properties": {"name": "水元中学校", "ward": "葛飾区", "address": "葛飾区水元3-20-1", "elevator_or_1f": true, "slope": true, "braille_block": null, "wheelchair_toilet": true}}, {"type": "Feature", "geometry": {"type": "Point", "coordinates": [139.8643839, 35.7742275]}, "properties": {"name": "花の木小学校", "ward": "葛飾区", "address": "葛飾区南水元3-2-1", "elevator_or_1f": null, "slope": true, "braille_block": null, "wheelchair_toilet": true}}, {"type": "Feature", "geometry": {"type": "Point", "coordinates": [139.8637824, 35.78799893]}, "properties": {"name": "水元小学校", "ward": "葛飾区", "address": "葛飾区水元4-21-1", "elevator_or_1f": true, "slope": null, "braille_block": null, "wheelchair_toilet": true}}, {"type": "Feature", "geometry": {"type": "Point", "coordinates": [139.8471959, 35.76019561]}, "properties": {"name": "亀有中学校", "ward": "葛飾区", "address": "葛飾区亀有1-23-1", "elevator_or_1f": null, "slope": null, "braille_block": null, "wheelchair_toilet": true}}, {"type": "Feature", "geometry": {"type": "Point", "coordinates": [139.8451329, 35.76385714]}, "properties": {"name": "道上小学校", "ward": "葛飾区", "address": "葛飾区亀有4-35-1", "elevator_or_1f": true, "slope": true, "braille_block": null, "wheelchair_toilet": true}}, {"type": "Feature", "geometry": {"type": "Point", "coordinates": [139.843226, 35.76638481]}, "properties": {"name": "中之台小学校", "ward": "葛飾区", "address": "葛飾区亀有5-2-1", "elevator_or_1f": true, "slope": true, "braille_block": null, "wheelchair_toilet": true}}, {"type": "Feature", "geometry": {"type": "Point", "coordinates": [139.8381025, 35.76422791]}, "properties": {"name": "一之台中学校", "ward": "葛飾区", "address": "葛飾区西亀有4-1-1", "elevator_or_1f": null, "slope": true, "braille_block": null, "wheelchair_toilet": true}}, {"type": "Feature", "geometry": {"type": "Point", "coordinates": [139.8806784, 35.75272135]}, "properties": {"name": "東柴又小学校", "ward": "葛飾区", "address": "葛飾区柴又5-12-15", "elevator_or_1f": true, "slope": null, "braille_block": null, "wheelchair_toilet": true}}, {"type": "Feature", "geometry": {"type": "Point", "coordinates": [139.8578243, 35.77697601]}, "properties": {"name": "飯塚小学校", "ward": "葛飾区", "address": "葛飾区南水元1-13-1", "elevator_or_1f": true, "slope": null, "braille_block": null, "wheelchair_toilet": null}}, {"type": "Feature", "geometry": {"type": "Point", "coordinates": [139.8346849, 35.76073221]}, "properties": {"name": "西亀有小学校", "ward": "葛飾区", "address": "葛飾区西亀有2-42-1", "elevator_or_1f": null, "slope": null, "braille_block": null, "wheelchair_toilet": true}}, {"type": "Feature", "geometry": {"type": "Point", "coordinates": [139.8695296, 35.7460388]}, "properties": {"name": "高砂中学校", "ward": "葛飾区", "address": "葛飾区高砂3-32-1", "elevator_or_1f": true, "slope": true, "braille_block": null, "wheelchair_toilet": true}}, {"type": "Feature", "geometry": {"type": "Point", "coordinates": [139.8748931, 35.74780875]}, "properties": {"name": "旧明石小学校", "ward": "葛飾区", "address": "葛飾区鎌倉2-12-1", "elevator_or_1f": null, "slope": null, "braille_block": null, "wheelchair_toilet": true}}, {"type": "Feature", "geometry": {"type": "Point", "coordinates": [139.8625479, 35.72824562]}, "properties": {"name": "上小松小学校", "ward": "葛飾区", "address": "葛飾区奥戸4-1-4", "elevator_or_1f": null, "slope": null, "braille_block": null, "wheelchair_toilet": true}}, {"type": "Feature", "geometry": {"type": "Point", "coordinates": [139.8494845, 35.78894744]}, "properties": {"name": "幸田小学校", "ward": "葛飾区", "address": "葛飾区西水元3-24-12", "elevator_or_1f": true, "slope": true, "braille_block": null, "wheelchair_toilet": true}}, {"type": "Feature", "geometry": {"type": "Point", "coordinates": [139.8683919, 35.74161427]}, "properties": {"name": "細田小学校", "ward": "葛飾区", "address": "葛飾区細田3-20-1", "elevator_or_1f": null, "slope": true, "braille_block": null, "wheelchair_toilet": true}}, {"type": "Feature", "geometry": {"type": "Point", "coordinates": [139.8739459, 35.77777535]}, "properties": {"name": "東金町中学校", "ward": "葛飾区", "address": "葛飾区東金町5-3-1", "elevator_or_1f": null, "slope": null, "braille_block": null, "wheelchair_toilet": null}}, {"type": "Feature", "geometry": {"type": "Point", "coordinates": [139.8712213, 35.77391671]}, "properties": {"name": "東金町小学校", "ward": "葛飾区", "address": "葛飾区東金町1-33-1", "elevator_or_1f": null, "slope": null, "braille_block": null, "wheelchair_toilet": null}}, {"type": "Feature", "geometry": {"type": "Point", "coordinates": [139.85813, 35.7851631]}, "properties": {"name": "葛美中学校", "ward": "葛飾区", "address": "葛飾区水元2-17-1", "elevator_or_1f": true, "slope": true, "braille_block": null, "wheelchair_toilet": true}}, {"type": "Feature", "geometry": {"type": "Point", "coordinates": [139.8521822, 35.71752154]}, "properties": {"name": "新小岩中学校", "ward": "葛飾区", "address": "葛飾区西新小岩2-1-2", "elevator_or_1f": true, "slope": true, "braille_block": null, "wheelchair_toilet": true}}, {"type": "Feature", "geometry": {"type": "Point", "coordinates": [139.8675309, 35.79080972]}, "properties": {"name": "東水元小学校", "ward": "葛飾区", "address": "葛飾区東水元5-38-1", "elevator_or_1f": true, "slope": null, "braille_block": null, "wheelchair_toilet": true}}, {"type": "Feature", "geometry": {"type": "Point", "coordinates": [139.836379, 35.70671533]}, "properties": {"name": "旧平井第二小学校", "ward": "江戸川区", "address": "江戸川区平井6-1-17", "elevator_or_1f": true, "slope": null, "braille_block": null, "wheelchair_toilet": null}}, {"type": "Feature", "geometry": {"type": "Point", "coordinates": [139.8739092, 35.67134532]}, "properties": {"name": "葛西小学校", "ward": "江戸川区", "address": "江戸川区中葛西2-4-3", "elevator_or_1f": true, "slope": null, "braille_block": true, "wheelchair_toilet": null}}, {"type": "Feature", "geometry": {"type": "Point", "coordinates": [139.8801716, 35.6497969]}, "properties": {"name": "南葛西第二小学校", "ward": "江戸川区", "address": "江戸川区南葛西7-5-9", "elevator_or_1f": true, "slope": null, "braille_block": null, "wheelchair_toilet": null}}, {"type": "Feature", "geometry": {"type": "Point", "coordinates": [139.8708226, 35.64373333]}, "properties": {"name": "南葛西第三小学校", "ward": "江戸川区", "address": "江戸川区南葛西5-2-1", "elevator_or_1f": true, "slope": null, "braille_block": null, "wheelchair_toilet": null}}, {"type": "Feature", "geometry": {"type": "Point", "coordinates": [139.8574893, 35.65493772]}, "properties": {"name": "旧清新第二小学校", "ward": "江戸川区", "address": "江戸川区清新町2-10-1", "elevator_or_1f": true, "slope": null, "braille_block": null, "wheelchair_toilet": null}}, {"type": "Feature", "geometry": {"type": "Point", "coordinates": [139.8529426, 35.6575693]}, "properties": {"name": "清新ふたば小学校", "ward": "江戸川区", "address": "江戸川区清新町1-1-38", "elevator_or_1f": true, "slope": null, "braille_block": null, "wheelchair_toilet": null}}, {"type": "Feature", "geometry": {"type": "Point", "coordinates": [139.8733998, 35.73289039]}, "properties": {"name": "旧上一色小学校", "ward": "江戸川区", "address": "江戸川区西小岩2-4-1", "elevator_or_1f": true, "slope": null, "braille_block": null, "wheelchair_toilet": null}}, {"type": "Feature", "geometry": {"type": "Point", "coordinates": [139.8429386, 35.70244899]}, "properties": {"name": "小松川第二中学校（夜間）", "ward": "江戸川区", "address": "江戸川区平井3-20-1", "elevator_or_1f": true, "slope": null, "braille_block": true, "wheelchair_toilet": null}}, {"type": "Feature", "geometry": {"type": "Point", "coordinates": [139.8731863, 35.67149828]}, "properties": {"name": "葛西中学校", "ward": "江戸川区", "address": "江戸川区中葛西2-4-3", "elevator_or_1f": true, "slope": null, "braille_block": true, "wheelchair_toilet": null}}, {"type": "Feature", "geometry": {"type": "Point", "coordinates": [139.852923, 35.697965]}, "properties": {"name": "小松川第二中学校", "ward": "江戸川区", "address": "江戸川区小松川2-10-2", "elevator_or_1f": true, "slope": null, "braille_block": true, "wheelchair_toilet": null}}, {"type": "Feature", "geometry": {"type": "Point", "coordinates": [139.84775796, 35.70366999]}, "properties": {"name": "小松川小学校", "ward": "江戸川区", "address": "江戸川区平井4-1-23", "elevator_or_1f": true, "slope": null, "braille_block": null, "wheelchair_toilet": null}}, {"type": "Feature", "geometry": {"type": "Point", "coordinates": [139.8491183, 35.69714175]}, "properties": {"name": "小松川第二小学校", "ward": "江戸川区", "address": "江戸川区小松川3-6-4", "elevator_or_1f": true, "slope": null, "braille_block": null, "wheelchair_toilet": null}}, {"type": "Feature", "geometry": {"type": "Point", "coordinates": [139.8422543, 35.71058705]}, "properties": {"name": "平井小学校", "ward": "江戸川区", "address": "江戸川区平井6-35-1", "elevator_or_1f": true, "slope": null, "braille_block": null, "wheelchair_toilet": null}}, {"type": "Feature", "geometry": {"type": "Point", "coordinates": [139.8393324, 35.71461952]}, "properties": {"name": "平井西小学校", "ward": "江戸川区", "address": "江戸川区平井7-22-24", "elevator_or_1f": true, "slope": null, "braille_block": null, "wheelchair_toilet": null}}, {"type": "Feature", "geometry": {"type": "Point", "coordinates": [139.8480319, 35.70858143]}, "properties": {"name": "平井東小学校", "ward": "江戸川区", "address": "江戸川区平井4-28-9", "elevator_or_1f": true, "slope": null, "braille_block": null, "wheelchair_toilet": null}}, {"type": "Feature", "geometry": {"type": "Point", "coordinates": [139.8415807, 35.70173103]}, "properties": {"name": "平井南小学校", "ward": "江戸川区", "address": "江戸川区平井3-3-1", "elevator_or_1f": true, "slope": null, "braille_block": null, "wheelchair_toilet": null}}, {"type": "Feature", "geometry": {"type": "Point", "coordinates": [139.8701625, 35.69785824]}, "properties": {"name": "松江小学校", "ward": "江戸川区", "address": "江戸川区松江1-16-5", "elevator_or_1f": true, "slope": null, "braille_block": true, "wheelchair_toilet": null}}, {"type": "Feature", "geometry": {"type": "Point", "coordinates": [139.8736305, 35.68995622]}, "properties": {"name": "西一之江小学校", "ward": "江戸川区", "address": "江戸川区松江7-17-1", "elevator_or_1f": true, "slope": null, "braille_block": null, "wheelchair_toilet": null}}, {"type": "Feature", "geometry": {"type": "Point", "coordinates": [139.861309, 35.70484521]}, "properties": {"name": "第二松江小学校", "ward": "江戸川区", "address": "江戸川区松島2-16-20", "elevator_or_1f": true, "slope": null, "braille_block": null, "wheelchair_toilet": null}}, {"type": "Feature", "geometry": {"type": "Point", "coordinates": [139.8624586, 35.71164848]}, "properties": {"name": "西小松川小学校", "ward": "江戸川区", "address": "江戸川区松島3-30-6", "elevator_or_1f": true, "slope": null, "braille_block": null, "wheelchair_toilet": null}}, {"type": "Feature", "geometry": {"type": "Point", "coordinates": [139.8729749, 35.7059514]}, "properties": {"name": "大杉小学校", "ward": "江戸川区", "address": "江戸川区中央2-16-15", "elevator_or_1f": true, "slope": null, "braille_block": null, "wheelchair_toilet": null}}, {"type": "Feature", "geometry": {"type": "Point", "coordinates": [139.8811652, 35.70672554]}, "properties": {"name": "大杉第二小学校", "ward": "江戸川区", "address": "江戸川区大杉3-11-1", "elevator_or_1f": true, "slope": null, "braille_block": null, "wheelchair_toilet": null}}, {"type": "Feature", "geometry": {"type": "Point", "coordinates": [139.868064, 35.709862]}, "properties": {"name": "第三松江小学校", "ward": "江戸川区", "address": "江戸川区中央4-13-1", "elevator_or_1f": true, "slope": null, "braille_block": true, "wheelchair_toilet": null}}, {"type": "Feature", "geometry": {"type": "Point", "coordinates": [139.8789836, 35.70083914]}, "properties": {"name": "大杉東小学校", "ward": "江戸川区", "address": "江戸川区西一之江2-8-5", "elevator_or_1f": true, "slope": null, "braille_block": null, "wheelchair_toilet": null}}, {"type": "Feature", "geometry": {"type": "Point", "coordinates": [139.865982, 35.69300867]}, "properties": {"name": "東小松川小学校", "ward": "江戸川区", "address": "江戸川区東小松川3-27-1", "elevator_or_1f": true, "slope": null, "braille_block": null, "wheelchair_toilet": null}}, {"type": "Feature", "geometry": {"type": "Point", "coordinates": [139.8621578, 35.6829117]}, "properties": {"name": "船堀小学校", "ward": "江戸川区", "address": "江戸川区船堀2-22-22", "elevator_or_1f": true, "slope": null, "braille_block": true, "wheelchair_toilet": null}}, {"type": "Feature", "geometry": {"type": "Point", "coordinates": [139.8680482, 35.6834688]}, "properties": {"name": "船堀第二小学校", "ward": "江戸川区", "address": "江戸川区船堀4-14-4", "elevator_or_1f": true, "slope": null, "braille_block": null, "wheelchair_toilet": null}}, {"type": "Feature", "geometry": {"type": "Point", "coordinates": [139.8768167, 35.67965146]}, "properties": {"name": "二之江第二小学校", "ward": "江戸川区", "address": "江戸川区春江町5-13", "elevator_or_1f": true, "slope": null, "braille_block": null, "wheelchair_toilet": null}}, {"type": "Feature", "geometry": {"type": "Point", "coordinates": [139.8792567, 35.67439212]}, "properties": {"name": "二之江小学校", "ward": "江戸川区", "address": "江戸川区江戸川6-44", "elevator_or_1f": true, "slope": null, "braille_block": null, "wheelchair_toilet": null}}, {"type": "Feature", "geometry": {"type": "Point", "coordinates": [139.8785472, 35.6627624]}, "properties": {"name": "第二葛西小学校", "ward": "江戸川区", "address": "江戸川区東葛西6-33-1", "elevator_or_1f": true, "slope": null, "braille_block": true, "wheelchair_toilet": null}}, {"type": "Feature", "geometry": {"type": "Point", "coordinates": [139.8617183, 35.671238]}, "properties": {"name": "第三葛西小学校", "ward": "江戸川区", "address": "江戸川区北葛西4-2-19", "elevator_or_1f": true, "slope": null, "braille_block": null, "wheelchair_toilet": null}}, {"type": "Feature", "geometry": {"type": "Point", "coordinates": [139.871107, 35.65884764]}, "properties": {"name": "第四葛西小学校", "ward": "江戸川区", "address": "江戸川区中葛西8-8-1", "elevator_or_1f": true, "slope": null, "braille_block": null, "wheelchair_toilet": null}}, {"type": "Feature", "geometry": {"type": "Point", "coordinates": [139.8557806, 35.67481644]}, "properties": {"name": "第五葛西小学校", "ward": "江戸川区", "address": "江戸川区北葛西2-13-33", "elevator_or_1f": true, "slope": null, "braille_block": null, "wheelchair_toilet": null}}, {"type": "Feature", "geometry": {"type": "Point", "coordinates": [139.8647033, 35.66800555]}, "properties": {"name": "第六葛西小学校", "ward": "江戸川区", "address": "江戸川区西葛西4-5-1", "elevator_or_1f": true, "slope": null, "braille_block": null, "wheelchair_toilet": null}}, {"type": "Feature", "geometry": {"type": "Point", "coordinates": [139.8596869, 35.65997321]}, "properties": {"name": "第七葛西小学校", "ward": "江戸川区", "address": "江戸川区西葛西7-8-1", "elevator_or_1f": true, "slope": null, "braille_block": null, "wheelchair_toilet": null}}, {"type": "Feature", "geometry": {"type": "Point", "coordinates": [139.8746222, 35.6467051]}, "properties": {"name": "南葛西小学校", "ward": "江戸川区", "address": "江戸川区南葛西5-10-1", "elevator_or_1f": true, "slope": null, "braille_block": null, "wheelchair_toilet": null}}, {"type": "Feature", "geometry": {"type": "Point", "coordinates": [139.8574198, 35.66813223]}, "properties": {"name": "西葛西小学校", "ward": "江戸川区", "address": "江戸川区西葛西3-9-44", "elevator_or_1f": true, "slope": null, "braille_block": null, "wheelchair_toilet": null}}, {"type": "Feature", "geometry": {"type": "Point", "coordinates": [139.8629938, 35.65452991]}, "properties": {"name": "新田小学校", "ward": "江戸川区", "address": "江戸川区西葛西8-16-1", "elevator_or_1f": true, "slope": null, "braille_block": null, "wheelchair_toilet": null}}, {"type": "Feature", "geometry": {"type": "Point", "coordinates": [139.8655358, 35.67446174]}, "properties": {"name": "宇喜田小学校", "ward": "江戸川区", "address": "江戸川区北葛西5-13-1", "elevator_or_1f": true, "slope": null, "braille_block": null, "wheelchair_toilet": null}}, {"type": "Feature", "geometry": {"type": "Point", "coordinates": [139.8526804, 35.66188781]}, "properties": {"name": "清新第一小学校", "ward": "江戸川区", "address": "江戸川区清新町1-4-19", "elevator_or_1f": true, "slope": null, "braille_block": null, "wheelchair_toilet": null}}, {"type": "Feature", "geometry": {"type": "Point", "coordinates": [139.8602482, 35.65153217]}, "properties": {"name": "臨海小学校", "ward": "江戸川区", "address": "江戸川区臨海町2-2-11", "elevator_or_1f": true, "slope": null, "braille_block": null, "wheelchair_toilet": null}}, {"type": "Feature", "geometry": {"type": "Point", "coordinates": [139.8796674, 35.65411441]}, "properties": {"name": "東葛西小学校", "ward": "江戸川区", "address": "江戸川区東葛西8-23-1", "elevator_or_1f": true, "slope": null, "braille_block": null, "wheelchair_toilet": null}}, {"type": "Feature", "geometry": {"type": "Point", "coordinates": [139.8875375, 35.68527112]}, "properties": {"name": "瑞江小学校", "ward": "江戸川区", "address": "江戸川区西瑞江3-39", "elevator_or_1f": true, "slope": null, "braille_block": null, "wheelchair_toilet": null}}, {"type": "Feature", "geometry": {"type": "Point", "coordinates": [139.8939534, 35.69917973]}, "properties": {"name": "春江小学校", "ward": "江戸川区", "address": "江戸川区瑞江1-3-30", "elevator_or_1f": true, "slope": null, "braille_block": true, "wheelchair_toilet": null}}, {"type": "Feature", "geometry": {"type": "Point", "coordinates": [139.8881357, 35.70442298]}, "properties": {"name": "新堀小学校", "ward": "江戸川区", "address": "江戸川区新堀1-32-1", "elevator_or_1f": true, "slope": null, "braille_block": null, "wheelchair_toilet": null}}, {"type": "Feature", "geometry": {"type": "Point", "coordinates": [139.893669, 35.691021]}, "properties": {"name": "下鎌田小学校", "ward": "江戸川区", "address": "江戸川区東瑞江3-11-1", "elevator_or_1f": true, "slope": null, "braille_block": null, "wheelchair_toilet": null}}, {"type": "Feature", "geometry": {"type": "Point", "coordinates": [139.9012383, 35.68680332]}, "properties": {"name": "下鎌田東小学校", "ward": "江戸川区", "address": "江戸川区江戸川2-21", "elevator_or_1f": true, "slope": null, "braille_block": null, "wheelchair_toilet": null}}, {"type": "Feature", "geometry": {"type": "Point", "coordinates": [139.892953, 35.692454]}, "properties": {"name": "下鎌田西小学校", "ward": "江戸川区", "address": "江戸川区瑞江4-19-10", "elevator_or_1f": true, "slope": null, "braille_block": null, "wheelchair_toilet": null}}, {"type": "Feature", "geometry": {"type": "Point", "coordinates": [139.9068219, 35.68627653]}, "properties": {"name": "江戸川小学校", "ward": "江戸川区", "address": "江戸川区江戸川1-37", "elevator_or_1f": true, "slope": null, "braille_block": null, "wheelchair_toilet": null}}, {"type": "Feature", "geometry": {"type": "Point", "coordinates": [139.8811519, 35.68971645]}, "properties": {"name": "一之江小学校", "ward": "江戸川区", "address": "江戸川区一之江4-5-1", "elevator_or_1f": true, "slope": null, "braille_block": null, "wheelchair_toilet": null}}, {"type": "Feature", "geometry": {"type": "Point", "coordinates": [139.8785344, 35.68222922]}, "properties": {"name": "一之江第二小学校", "ward": "江戸川区", "address": "江戸川区春江町4-16", "elevator_or_1f": true, "slope": null, "braille_block": null, "wheelchair_toilet": null}}, {"type": "Feature", "geometry": {"type": "Point", "coordinates": [139.8786959, 35.71861013]}, "properties": {"name": "鹿本小学校", "ward": "江戸川区", "address": "江戸川区松本2-35-7", "elevator_or_1f": true, "slope": null, "braille_block": null, "wheelchair_toilet": null}}, {"type": "Feature", "geometry": {"type": "Point", "coordinates": [139.8843397, 35.71269795]}, "properties": {"name": "鹿骨小学校", "ward": "江戸川区", "address": "江戸川区鹿骨6-3-5", "elevator_or_1f": true, "slope": null, "braille_block": null, "wheelchair_toilet": null}}, {"type": "Feature", "geometry": {"type": "Point", "coordinates": [139.892424, 35.71144331]}, "properties": {"name": "鹿骨東小学校", "ward": "江戸川区", "address": "江戸川区鹿骨3-7-1", "elevator_or_1f": true, "slope": null, "braille_block": null, "wheelchair_toilet": null}}, {"type": "Feature", "geometry": {"type": "Point", "coordinates": [139.8841016, 35.71518466]}, "properties": {"name": "松本小学校", "ward": "江戸川区", "address": "江戸川区鹿骨6-9-1", "elevator_or_1f": true, "slope": null, "braille_block": null, "wheelchair_toilet": null}}, {"type": "Feature", "geometry": {"type": "Point", "coordinates": [139.8722955, 35.71858096]}, "properties": {"name": "本一色小学校", "ward": "江戸川区", "address": "江戸川区本一色2-10-1", "elevator_or_1f": true, "slope": null, "braille_block": null, "wheelchair_toilet": null}}, {"type": "Feature", "geometry": {"type": "Point", "coordinates": [139.9091259, 35.7048185]}, "properties": {"name": "篠崎小学校", "ward": "江戸川区", "address": "江戸川区篠崎町3-2-18", "elevator_or_1f": true, "slope": null, "braille_block": true, "wheelchair_toilet": null}}, {"type": "Feature", "geometry": {"type": "Point", "coordinates": [139.9003603, 35.71443819]}, "properties": {"name": "篠崎第二小学校", "ward": "江戸川区", "address": "江戸川区上篠崎1-3-1", "elevator_or_1f": true, "slope": null, "braille_block": null, "wheelchair_toilet": null}}, {"type": "Feature", "geometry": {"type": "Point", "coordinates": [139.9140118, 35.69764944]}, "properties": {"name": "篠崎第三小学校", "ward": "江戸川区", "address": "江戸川区東篠崎1-1-16", "elevator_or_1f": true, "slope": null, "braille_block": true, "wheelchair_toilet": null}}, {"type": "Feature", "geometry": {"type": "Point", "coordinates": [139.8987718, 35.70478123]}, "properties": {"name": "篠崎第四小学校", "ward": "江戸川区", "address": "江戸川区篠崎町8-12-8", "elevator_or_1f": true, "slope": null, "braille_block": null, "wheelchair_toilet": null}}, {"type": "Feature", "geometry": {"type": "Point", "coordinates": [139.8930767, 35.71834255]}, "properties": {"name": "篠崎第五小学校", "ward": "江戸川区", "address": "江戸川区北篠崎2-5-1", "elevator_or_1f": true, "slope": null, "braille_block": null, "wheelchair_toilet": null}}, {"type": "Feature", "geometry": {"type": "Point", "coordinates": [139.9041836, 35.69823411]}, "properties": {"name": "南篠崎小学校", "ward": "江戸川区", "address": "江戸川区南篠崎町4-27-5", "elevator_or_1f": true, "slope": null, "braille_block": null, "wheelchair_toilet": null}}, {"type": "Feature", "geometry": {"type": "Point", "coordinates": [139.9042529, 35.69151887]}, "properties": {"name": "鎌田小学校", "ward": "江戸川区", "address": "江戸川区南篠崎町2-45-18", "elevator_or_1f": true, "slope": null, "braille_block": null, "wheelchair_toilet": null}}, {"type": "Feature", "geometry": {"type": "Point", "coordinates": [139.8924572, 35.73298089]}, "properties": {"name": "小岩小学校", "ward": "江戸川区", "address": "江戸川区東小岩3-20-10", "elevator_or_1f": true, "slope": null, "braille_block": true, "wheelchair_toilet": null}}, {"type": "Feature", "geometry": {"type": "Point", "coordinates": [139.8892326, 35.72931022]}, "properties": {"name": "東小岩小学校", "ward": "江戸川区", "address": "江戸川区東小岩4-12-1", "elevator_or_1f": true, "slope": null, "braille_block": null, "wheelchair_toilet": null}}, {"type": "Feature", "geometry": {"type": "Point", "coordinates": [139.8828172, 35.72815217]}, "properties": {"name": "下小岩小学校", "ward": "江戸川区", "address": "江戸川区南小岩7-8-1", "elevator_or_1f": true, "slope": null, "braille_block": null, "wheelchair_toilet": null}}, {"type": "Feature", "geometry": {"type": "Point", "coordinates": [139.8786116, 35.72578533]}, "properties": {"name": "下小岩第二小学校", "ward": "江戸川区", "address": "江戸川区南小岩5-5-1", "elevator_or_1f": true, "slope": null, "braille_block": null, "wheelchair_toilet": null}}, {"type": "Feature", "geometry": {"type": "Point", "coordinates": [139.889426, 35.74342363]}, "properties": {"name": "上小岩小学校", "ward": "江戸川区", "address": "江戸川区北小岩7-2-1", "elevator_or_1f": true, "slope": null, "braille_block": null, "wheelchair_toilet": null}}, {"type": "Feature", "geometry": {"type": "Point", "coordinates": [139.886934, 35.74762809]}, "properties": {"name": "上小岩第二小学校", "ward": "江戸川区", "address": "江戸川区北小岩8-28-11", "elevator_or_1f": true, "slope": null, "braille_block": null, "wheelchair_toilet": null}}, {"type": "Feature", "geometry": {"type": "Point", "coordinates": [139.8775353, 35.73592616]}, "properties": {"name": "西小岩小学校", "ward": "江戸川区", "address": "江戸川区西小岩3-19-12", "elevator_or_1f": true, "slope": null, "braille_block": null, "wheelchair_toilet": null}}, {"type": "Feature", "geometry": {"type": "Point", "coordinates": [139.8711644, 35.72214453]}, "properties": {"name": "上一色南小学校", "ward": "江戸川区", "address": "江戸川区本一色3-28-24", "elevator_or_1f": true, "slope": null, "braille_block": null, "wheelchair_toilet": null}}, {"type": "Feature", "geometry": {"type": "Point", "coordinates": [139.8852352, 35.72306481]}, "properties": {"name": "南小岩小学校", "ward": "江戸川区", "address": "江戸川区南小岩4-16-1", "elevator_or_1f": true, "slope": null, "braille_block": true, "wheelchair_toilet": null}}, {"type": "Feature", "geometry": {"type": "Point", "coordinates": [139.8892439, 35.72195204]}, "properties": {"name": "南小岩第二小学校", "ward": "江戸川区", "address": "江戸川区南小岩2-16-1", "elevator_or_1f": true, "slope": null, "braille_block": null, "wheelchair_toilet": null}}, {"type": "Feature", "geometry": {"type": "Point", "coordinates": [139.892436, 35.7373584]}, "properties": {"name": "中小岩小学校", "ward": "江戸川区", "address": "江戸川区北小岩3-12-22", "elevator_or_1f": true, "slope": null, "braille_block": null, "wheelchair_toilet": null}}, {"type": "Feature", "geometry": {"type": "Point", "coordinates": [139.8852015, 35.74015089]}, "properties": {"name": "北小岩小学校", "ward": "江戸川区", "address": "江戸川区北小岩2-15-1", "elevator_or_1f": true, "slope": null, "braille_block": null, "wheelchair_toilet": null}}, {"type": "Feature", "geometry": {"type": "Point", "coordinates": [139.8462592, 35.70561472]}, "properties": {"name": "小松川第一中学校", "ward": "江戸川区", "address": "江戸川区平井4-7-21", "elevator_or_1f": true, "slope": null, "braille_block": null, "wheelchair_toilet": null}}, {"type": "Feature", "geometry": {"type": "Point", "coordinates": [139.8387949, 35.70475862]}, "properties": {"name": "小松川第三中学校", "ward": "江戸川区", "address": "江戸川区平井5-3-11", "elevator_or_1f": true, "slope": null, "braille_block": null, "wheelchair_toilet": null}}, {"type": "Feature", "geometry": {"type": "Point", "coordinates": [139.8672791, 35.68892016]}, "properties": {"name": "松江第一中学校", "ward": "江戸川区", "address": "江戸川区松江5-5-1", "elevator_or_1f": true, "slope": null, "braille_block": null, "wheelchair_toilet": null}}, {"type": "Feature", "geometry": {"type": "Point", "coordinates": [139.859716, 35.70612403]}, "properties": {"name": "松江第二中学校", "ward": "江戸川区", "address": "江戸川区松島2-3-1", "elevator_or_1f": true, "slope": null, "braille_block": null, "wheelchair_toilet": null}}, {"type": "Feature", "geometry": {"type": "Point", "coordinates": [139.870151, 35.70871802]}, "properties": {"name": "松江第三中学校", "ward": "江戸川区", "address": "江戸川区中央1-20-1", "elevator_or_1f": true, "slope": null, "braille_block": null, "wheelchair_toilet": null}}, {"type": "Feature", "geometry": {"type": "Point", "coordinates": [139.8771538, 35.69908229]}, "properties": {"name": "松江第四中学校", "ward": "江戸川区", "address": "江戸川区西一之江1-16-1", "elevator_or_1f": true, "slope": null, "braille_block": null, "wheelchair_toilet": null}}, {"type": "Feature", "geometry": {"type": "Point", "coordinates": [139.8772492, 35.68903142]}, "properties": {"name": "松江第五中学校", "ward": "江戸川区", "address": "江戸川区一之江6-18-1", "elevator_or_1f": true, "slope": null, "braille_block": true, "wheelchair_toilet": null}}, {"type": "Feature", "geometry": {"type": "Point", "coordinates": [139.8739794, 35.69114409]}, "properties": {"name": "松江第六中学校", "ward": "江戸川区", "address": "江戸川区松江7-16-18", "elevator_or_1f": true, "slope": null, "braille_block": null, "wheelchair_toilet": null}}, {"type": "Feature", "geometry": {"type": "Point", "coordinates": [139.8772335, 35.68195321]}, "properties": {"name": "二之江中学校", "ward": "江戸川区", "address": "江戸川区春江町5-3-1", "elevator_or_1f": true, "slope": null, "braille_block": null, "wheelchair_toilet": null}}, {"type": "Feature", "geometry": {"type": "Point", "coordinates": [139.8619499, 35.67907013]}, "properties": {"name": "葛西第二中学校", "ward": "江戸川区", "address": "江戸川区宇喜田町1085", "elevator_or_1f": true, "slope": null, "braille_block": null, "wheelchair_toilet": null}}, {"type": "Feature", "geometry": {"type": "Point", "coordinates": [139.8654204, 35.65971539]}, "properties": {"name": "葛西第三中学校", "ward": "江戸川区", "address": "江戸川区中葛西6-6-13", "elevator_or_1f": true, "slope": null, "braille_block": null, "wheelchair_toilet": null}}, {"type": "Feature", "geometry": {"type": "Point", "coordinates": [139.8750812, 35.64546325]}, "properties": {"name": "南葛西中学校", "ward": "江戸川区", "address": "江戸川区南葛西5-12-1", "elevator_or_1f": true, "slope": null, "braille_block": null, "wheelchair_toilet": null}}, {"type": "Feature", "geometry": {"type": "Point", "coordinates": [139.8712605, 35.64478923]}, "properties": {"name": "南葛西第二中学校", "ward": "江戸川区", "address": "江戸川区南葛西5-3-1", "elevator_or_1f": true, "slope": null, "braille_block": null, "wheelchair_toilet": null}}, {"type": "Feature", "geometry": {"type": "Point", "coordinates": [139.8631394, 35.6662576]}, "properties": {"name": "西葛西中学校", "ward": "江戸川区", "address": "江戸川区西葛西5-10-18", "elevator_or_1f": true, "slope": null, "braille_block": null, "wheelchair_toilet": null}}, {"type": "Feature", "geometry": {"type": "Point", "coordinates": [139.8794562, 35.66108862]}, "properties": {"name": "東葛西中学校", "ward": "江戸川区", "address": "江戸川区東葛西6-40-1", "elevator_or_1f": true, "slope": null, "braille_block": null, "wheelchair_toilet": null}}, {"type": "Feature", "geometry": {"type": "Point", "coordinates": [139.8516964, 35.66324263]}, "properties": {"name": "清新第一中学校", "ward": "江戸川区", "address": "江戸川区清新町1-5-14", "elevator_or_1f": true, "slope": null, "braille_block": null, "wheelchair_toilet": null}}, {"type": "Feature", "geometry": {"type": "Point", "coordinates": [139.8523037, 35.65672338]}, "properties": {"name": "清新第二中学校", "ward": "江戸川区", "address": "江戸川区清新町2-1-2", "elevator_or_1f": true, "slope": null, "braille_block": null, "wheelchair_toilet": null}}, {"type": "Feature", "geometry": {"type": "Point", "coordinates": [139.884621, 35.67982565]}, "properties": {"name": "瑞江中学校", "ward": "江戸川区", "address": "江戸川区江戸川4-16", "elevator_or_1f": true, "slope": null, "braille_block": null, "wheelchair_toilet": null}}, {"type": "Feature", "geometry": {"type": "Point", "coordinates": [139.894666, 35.694643]}, "properties": {"name": "瑞江第二中学校", "ward": "江戸川区", "address": "江戸川区瑞江4-54-1", "elevator_or_1f": true, "slope": null, "braille_block": null, "wheelchair_toilet": null}}, {"type": "Feature", "geometry": {"type": "Point", "coordinates": [139.9000752, 35.69141477]}, "properties": {"name": "瑞江第三中学校", "ward": "江戸川区", "address": "江戸川区東瑞江1-38-33", "elevator_or_1f": true, "slope": null, "braille_block": true, "wheelchair_toilet": null}}, {"type": "Feature", "geometry": {"type": "Point", "coordinates": [139.8909366, 35.70069348]}, "properties": {"name": "春江中学校", "ward": "江戸川区", "address": "江戸川区春江町2-47-1", "elevator_or_1f": true, "slope": null, "braille_block": null, "wheelchair_toilet": null}}, {"type": "Feature", "geometry": {"type": "Point", "coordinates": [139.8768571, 35.71840411]}, "properties": {"name": "鹿本中学校", "ward": "江戸川区", "address": "江戸川区松本1-36-1", "elevator_or_1f": true, "slope": null, "braille_block": null, "wheelchair_toilet": null}}, {"type": "Feature", "geometry": {"type": "Point", "coordinates": [139.8935401, 35.70774975]}, "properties": {"name": "鹿骨中学校", "ward": "江戸川区", "address": "江戸川区鹿骨2-12-1", "elevator_or_1f": true, "slope": null, "braille_block": null, "wheelchair_toilet": null}}, {"type": "Feature", "geometry": {"type": "Point", "coordinates": [139.908722, 35.7030197]}, "properties": {"name": "篠崎中学校", "ward": "江戸川区", "address": "江戸川区篠崎町5-12-19", "elevator_or_1f": true, "slope": null, "braille_block": null, "wheelchair_toilet": null}}, {"type": "Feature", "geometry": {"type": "Point", "coordinates": [139.9130858, 35.6995402]}, "properties": {"name": "篠崎第二中学校", "ward": "江戸川区", "address": "江戸川区下篠崎町14-1", "elevator_or_1f": true, "slope": null, "braille_block": null, "wheelchair_toilet": null}}, {"type": "Feature", "geometry": {"type": "Point", "coordinates": [139.8918673, 35.73033117]}, "properties": {"name": "小岩第一中学校", "ward": "江戸川区", "address": "江戸川区東小岩3-10-8", "elevator_or_1f": true, "slope": null, "braille_block": null, "wheelchair_toilet": null}}, {"type": "Feature", "geometry": {"type": "Point", "coordinates": [139.8905468, 35.72139914]}, "properties": {"name": "小岩第二中学校", "ward": "江戸川区", "address": "江戸川区東小岩1-6-10", "elevator_or_1f": true, "slope": null, "braille_block": true, "wheelchair_toilet": null}}, {"type": "Feature", "geometry": {"type": "Point", "coordinates": [139.8861451, 35.74701214]}, "properties": {"name": "小岩第三中学校", "ward": "江戸川区", "address": "江戸川区北小岩8-19-1", "elevator_or_1f": true, "slope": null, "braille_block": null, "wheelchair_toilet": null}}, {"type": "Feature", "geometry": {"type": "Point", "coordinates": [139.8749895, 35.73664101]}, "properties": {"name": "小岩第四中学校", "ward": "江戸川区", "address": "江戸川区西小岩3-9-18", "elevator_or_1f": true, "slope": null, "braille_block": null, "wheelchair_toilet": null}}, {"type": "Feature", "geometry": {"type": "Point", "coordinates": [139.8860763, 35.71742147]}, "properties": {"name": "小岩第五中学校", "ward": "江戸川区", "address": "江戸川区鹿骨5-27-1", "elevator_or_1f": true, "slope": null, "braille_block": null, "wheelchair_toilet": null}}, {"type": "Feature", "geometry": {"type": "Point", "coordinates": [139.8726372, 35.72345843]}, "properties": {"name": "上一色中学校", "ward": "江戸川区", "address": "江戸川区上一色1-8-11", "elevator_or_1f": true, "slope": null, "braille_block": null, "wheelchair_toilet": null}}, {"type": "Feature", "geometry": {"type": "Point", "coordinates": [139.3429812, 35.65010451]}, "properties": {"name": "いずみの森義務教育学校", "ward": "八王子市", "address": "八王子市子安町2-18-1", "elevator_or_1f": true, "slope": null, "braille_block": true, "wheelchair_toilet": null}}, {"type": "Feature", "geometry": {"type": "Point", "coordinates": [139.2884546, 35.6302063]}, "properties": {"name": "館小中学校本校舎", "ward": "八王子市", "address": "八王子市館町1097-15", "elevator_or_1f": true, "slope": null, "braille_block": null, "wheelchair_toilet": null}}, {"type": "Feature", "geometry": {"type": "Point", "coordinates": [139.316863, 35.701968]}, "properties": {"name": "加住小中学校本校舎", "ward": "八王子市", "address": "八王子市加住町1-191", "elevator_or_1f": true, "slope": null, "braille_block": true, "wheelchair_toilet": null}}, {"type": "Feature", "geometry": {"type": "Point", "coordinates": [139.3236045, 35.63295092]}, "properties": {"name": "みなみ野小学校 （みなみ野小中学校）", "ward": "八王子市", "address": "八王子市みなみ野6-14-1", "elevator_or_1f": true, "slope": null, "braille_block": null, "wheelchair_toilet": null}}, {"type": "Feature", "geometry": {"type": "Point", "coordinates": [139.2908565, 35.62785563]}, "properties": {"name": "館小中学校分校舎", "ward": "八王子市", "address": "八王子市館町2786", "elevator_or_1f": true, "slope": null, "braille_block": null, "wheelchair_toilet": null}}, {"type": "Feature", "geometry": {"type": "Point", "coordinates": [139.313702, 35.703976]}, "properties": {"name": "加住小中学校分校舎", "ward": "八王子市", "address": "八王子市宮下町108-7", "elevator_or_1f": true, "slope": null, "braille_block": null, "wheelchair_toilet": null}}, {"type": "Feature", "geometry": {"type": "Point", "coordinates": [139.3222076, 35.63235096]}, "properties": {"name": "みなみ野中学校 （みなみ野小中学校）", "ward": "八王子市", "address": "八王子市みなみ野6-14-2", "elevator_or_1f": true, "slope": null, "braille_block": null, "wheelchair_toilet": null}}, {"type": "Feature", "geometry": {"type": "Point", "coordinates": [139.288663, 35.624609]}, "properties": {"name": "高尾山学園 （小・中学部）", "ward": "八王子市", "address": "八王子市館町1097-30", "elevator_or_1f": true, "slope": null, "braille_block": null, "wheelchair_toilet": null}}, {"type": "Feature", "geometry": {"type": "Point", "coordinates": [139.3792586, 35.61188177]}, "properties": {"name": "南大沢市民センター", "ward": "八王子市", "address": "八王子市南大沢2-27 南大沢総合ｾﾝﾀ-3F", "elevator_or_1f": true, "slope": null, "braille_block": true, "wheelchair_toilet": null}}, {"type": "Feature", "geometry": {"type": "Point", "coordinates": [139.2990774, 35.68650824]}, "properties": {"name": "川口市民センター", "ward": "八王子市", "address": "八王子市川口町3838 川口やまゆり館内", "elevator_or_1f": true, "slope": null, "braille_block": true, "wheelchair_toilet": null}}, {"type": "Feature", "geometry": {"type": "Point", "coordinates": [139.3364113, 35.66137206]}, "properties": {"name": "第一小学校", "ward": "八王子市", "address": "八王子市元横山町2-14-3", "elevator_or_1f": null, "slope": null, "braille_block": null, "wheelchair_toilet": null}}, {"type": "Feature", "geometry": {"type": "Point", "coordinates": [139.3218065, 35.66168264]}, "properties": {"name": "第二小学校", "ward": "八王子市", "address": "八王子市八木町7-1", "elevator_or_1f": null, "slope": null, "braille_block": null, "wheelchair_toilet": null}}, {"type": "Feature", "geometry": {"type": "Point", "coordinates": [139.3317299, 35.6555126]}, "properties": {"name": "第三小学校", "ward": "八王子市", "address": "八王子市寺町29-15", "elevator_or_1f": true, "slope": null, "braille_block": true, "wheelchair_toilet": null}}, {"type": "Feature", "geometry": {"type": "Point", "coordinates": [139.3463386, 35.65791072]}, "properties": {"name": "第四小学校", "ward": "八王子市", "address": "八王子市明神町2-15-1", "elevator_or_1f": true, "slope": null, "braille_block": null, "wheelchair_toilet": null}}, {"type": "Feature", "geometry": {"type": "Point", "coordinates": [139.3079178, 35.6588046]}, "properties": {"name": "第五小学校", "ward": "八王子市", "address": "八王子市千人町3-7-7", "elevator_or_1f": true, "slope": null, "braille_block": null, "wheelchair_toilet": null}}, {"type": "Feature", "geometry": {"type": "Point", "coordinates": [139.3239325, 35.65670926]}, "properties": {"name": "第七小学校", "ward": "八王子市", "address": "八王子市台町4-2-1", "elevator_or_1f": true, "slope": null, "braille_block": true, "wheelchair_toilet": null}}, {"type": "Feature", "geometry": {"type": "Point", "coordinates": [139.3607978, 35.67158056]}, "properties": {"name": "第八小学校", "ward": "八王子市", "address": "八王子市石川町2065", "elevator_or_1f": true, "slope": null, "braille_block": null, "wheelchair_toilet": null}}, {"type": "Feature", "geometry": {"type": "Point", "coordinates": [139.3247089, 35.67091868]}, "properties": {"name": "第九小学校", "ward": "八王子市", "address": "八王子市中野上町2-14-1", "elevator_or_1f": true, "slope": null, "braille_block": null, "wheelchair_toilet": null}}, {"type": "Feature", "geometry": {"type": "Point", "coordinates": [139.3436305, 35.66620271]}, "properties": {"name": "第十小学校", "ward": "八王子市", "address": "八王子市大和田町7-5-1", "elevator_or_1f": true, "slope": null, "braille_block": true, "wheelchair_toilet": null}}, {"type": "Feature", "geometry": {"type": "Point", "coordinates": [139.3268036, 35.67421136]}, "properties": {"name": "中野北小学校", "ward": "八王子市", "address": "八王子市中野山王3-1-1", "elevator_or_1f": true, "slope": null, "braille_block": null, "wheelchair_toilet": null}}, {"type": "Feature", "geometry": {"type": "Point", "coordinates": [139.3195931, 35.67607096]}, "properties": {"name": "清水小学校", "ward": "八王子市", "address": "八王子市中野山王3-25-1", "elevator_or_1f": true, "slope": null, "braille_block": null, "wheelchair_toilet": null}}, {"type": "Feature", "geometry": {"type": "Point", "coordinates": [139.3545056, 35.66560607]}, "properties": {"name": "大和田小学校", "ward": "八王子市", "address": "八王子市大和田町4-19-1", "elevator_or_1f": true, "slope": null, "braille_block": true, "wheelchair_toilet": null}}, {"type": "Feature", "geometry": {"type": "Point", "coordinates": [139.3677507, 35.68365739]}, "properties": {"name": "小宮小学校", "ward": "八王子市", "address": "八王子市小宮町1128-3", "elevator_or_1f": true, "slope": null, "braille_block": null, "wheelchair_toilet": null}}, {"type": "Feature", "geometry": {"type": "Point", "coordinates": [139.3660207, 35.66247373]}, "properties": {"name": "高倉小学校", "ward": "八王子市", "address": "八王子市高倉町67-2", "elevator_or_1f": true, "slope": null, "braille_block": null, "wheelchair_toilet": null}}, {"type": "Feature", "geometry": {"type": "Point", "coordinates": [139.3541857, 35.68668468]}, "properties": {"name": "宇津木台小学校", "ward": "八王子市", "address": "八王子市久保山町2-18", "elevator_or_1f": true, "slope": null, "braille_block": null, "wheelchair_toilet": null}}, {"type": "Feature", "geometry": {"type": "Point", "coordinates": [139.3046221, 35.6340453]}, "properties": {"name": "横山第一小学校", "ward": "八王子市", "address": "八王子市館町74", "elevator_or_1f": true, "slope": null, "braille_block": true, "wheelchair_toilet": null}}, {"type": "Feature", "geometry": {"type": "Point", "coordinates": [139.3016095, 35.65401597]}, "properties": {"name": "横山第二小学校", "ward": "八王子市", "address": "八王子市並木町26-1", "elevator_or_1f": true, "slope": null, "braille_block": null, "wheelchair_toilet": null}}, {"type": "Feature", "geometry": {"type": "Point", "coordinates": [139.3016298, 35.64782367]}, "properties": {"name": "散田小学校", "ward": "八王子市", "address": "八王子市散田町5-23-1", "elevator_or_1f": true, "slope": null, "braille_block": true, "wheelchair_toilet": null}}, {"type": "Feature", "geometry": {"type": "Point", "coordinates": [139.3004265, 35.65798549]}, "properties": {"name": "長房小学校", "ward": "八王子市", "address": "八王子市長房町340-4", "elevator_or_1f": true, "slope": null, "braille_block": null, "wheelchair_toilet": null}}, {"type": "Feature", "geometry": {"type": "Point", "coordinates": [139.2890055, 35.65710929]}, "properties": {"name": "船田小学校", "ward": "八王子市", "address": "八王子市長房町1041-2", "elevator_or_1f": true, "slope": null, "braille_block": null, "wheelchair_toilet": null}}, {"type": "Feature", "geometry": {"type": "Point", "coordinates": [139.3135148, 35.64684509]}, "properties": {"name": "山田小学校", "ward": "八王子市", "address": "八王子市山田町1553", "elevator_or_1f": true, "slope": null, "braille_block": null, "wheelchair_toilet": null}}, {"type": "Feature", "geometry": {"type": "Point", "coordinates": [139.3022902, 35.63662395]}, "properties": {"name": "椚田小学校", "ward": "八王子市", "address": "八王子市椚田町571-2", "elevator_or_1f": true, "slope": null, "braille_block": null, "wheelchair_toilet": null}}, {"type": "Feature", "geometry": {"type": "Point", "coordinates": [139.310714, 35.6221108]}, "properties": {"name": "緑が丘小学校", "ward": "八王子市", "address": "八王子市寺田町405-5", "elevator_or_1f": true, "slope": null, "braille_block": null, "wheelchair_toilet": null}}, {"type": "Feature", "geometry": {"type": "Point", "coordinates": [139.2921447, 35.66998492]}, "properties": {"name": "元八王子小学校", "ward": "八王子市", "address": "八王子市弐分方町761", "elevator_or_1f": true, "slope": null, "braille_block": null, "wheelchair_toilet": null}}, {"type": "Feature", "geometry": {"type": "Point", "coordinates": [139.3038356, 35.67122809]}, "properties": {"name": "元八王子東小学校", "ward": "八王子市", "address": "八王子市叶谷町1521", "elevator_or_1f": true, "slope": null, "braille_block": null, "wheelchair_toilet": null}}, {"type": "Feature", "geometry": {"type": "Point", "coordinates": [139.2839598, 35.68479803]}, "properties": {"name": "上壱分方小学校", "ward": "八王子市", "address": "八王子市上壱分方町799-2", "elevator_or_1f": true, "slope": null, "braille_block": null, "wheelchair_toilet": null}}, {"type": "Feature", "geometry": {"type": "Point", "coordinates": [139.2782103, 35.65934775]}, "properties": {"name": "城山小学校", "ward": "八王子市", "address": "八王子市元八王子町2-1767", "elevator_or_1f": true, "slope": null, "braille_block": null, "wheelchair_toilet": null}}, {"type": "Feature", "geometry": {"type": "Point", "coordinates": [139.2884629, 35.67176862]}, "properties": {"name": "弐分方小学校", "ward": "八王子市", "address": "八王子市弐分方町520-1", "elevator_or_1f": true, "slope": null, "braille_block": null, "wheelchair_toilet": null}}, {"type": "Feature", "geometry": {"type": "Point", "coordinates": [139.3075155, 35.66723164]}, "properties": {"name": "横川小学校", "ward": "八王子市", "address": "八王子市横川町305", "elevator_or_1f": true, "slope": null, "braille_block": null, "wheelchair_toilet": null}}, {"type": "Feature", "geometry": {"type": "Point", "coordinates": [139.2548619, 35.66974096]}, "properties": {"name": "恩方第一小学校", "ward": "八王子市", "address": "八王子市下恩方町1369", "elevator_or_1f": true, "slope": null, "braille_block": null, "wheelchair_toilet": null}}, {"type": "Feature", "geometry": {"type": "Point", "coordinates": [139.2104895, 35.67272645]}, "properties": {"name": "恩方第二小学校", "ward": "八王子市", "address": "八王子市上恩方町2193", "elevator_or_1f": true, "slope": null, "braille_block": null, "wheelchair_toilet": null}}, {"type": "Feature", "geometry": {"type": "Point", "coordinates": [139.2643586, 35.68100394]}, "properties": {"name": "元木小学校", "ward": "八王子市", "address": "八王子市下恩方町515-1", "elevator_or_1f": true, "slope": null, "braille_block": null, "wheelchair_toilet": null}}, {"type": "Feature", "geometry": {"type": "Point", "coordinates": [139.2803238, 35.69240808]}, "properties": {"name": "川口小学校", "ward": "八王子市", "address": "八王子市川口町3675", "elevator_or_1f": true, "slope": null, "braille_block": null, "wheelchair_toilet": null}}, {"type": "Feature", "geometry": {"type": "Point", "coordinates": [139.3080876, 35.68826728]}, "properties": {"name": "陶鎔小学校", "ward": "八王子市", "address": "八王子市犬目町56", "elevator_or_1f": true, "slope": null, "braille_block": null, "wheelchair_toilet": null}}, {"type": "Feature", "geometry": {"type": "Point", "coordinates": [139.2494159, 35.70567176]}, "properties": {"name": "上川口小学校", "ward": "八王子市", "address": "八王子市上川町1099", "elevator_or_1f": true, "slope": null, "braille_block": null, "wheelchair_toilet": null}}, {"type": "Feature", "geometry": {"type": "Point", "coordinates": [139.2486976, 35.69041746]}, "properties": {"name": "美山小学校", "ward": "八王子市", "address": "八王子市美山町1892", "elevator_or_1f": true, "slope": null, "braille_block": null, "wheelchair_toilet": null}}, {"type": "Feature", "geometry": {"type": "Point", "coordinates": [139.3074762, 35.67562969]}, "properties": {"name": "楢原小学校", "ward": "八王子市", "address": "八王子市楢原町1287-2", "elevator_or_1f": true, "slope": null, "braille_block": null, "wheelchair_toilet": null}}, {"type": "Feature", "geometry": {"type": "Point", "coordinates": [139.3024172, 35.68507449]}, "properties": {"name": "松枝小学校", "ward": "八王子市", "address": "八王子市楢原町601-13", "elevator_or_1f": true, "slope": null, "braille_block": null, "wheelchair_toilet": null}}, {"type": "Feature", "geometry": {"type": "Point", "coordinates": [139.3557792, 35.64585733]}, "properties": {"name": "由井第一小学校", "ward": "八王子市", "address": "八王子市打越町348-1", "elevator_or_1f": true, "slope": null, "braille_block": true, "wheelchair_toilet": null}}, {"type": "Feature", "geometry": {"type": "Point", "coordinates": [139.3382061, 35.63665889]}, "properties": {"name": "由井第二小学校", "ward": "八王子市", "address": "八王子市片倉町2180", "elevator_or_1f": true, "slope": null, "braille_block": null, "wheelchair_toilet": null}}, {"type": "Feature", "geometry": {"type": "Point", "coordinates": [139.3277688, 35.64233798]}, "properties": {"name": "由井第三小学校", "ward": "八王子市", "address": "八王子市小比企町1201", "elevator_or_1f": true, "slope": null, "braille_block": null, "wheelchair_toilet": null}}, {"type": "Feature", "geometry": {"type": "Point", "coordinates": [139.3654495, 35.64248496]}, "properties": {"name": "長沼小学校", "ward": "八王子市", "address": "八王子市長沼町707-3", "elevator_or_1f": true, "slope": null, "braille_block": null, "wheelchair_toilet": null}}, {"type": "Feature", "geometry": {"type": "Point", "coordinates": [139.3463836, 35.63138671]}, "properties": {"name": "片倉台小学校", "ward": "八王子市", "address": "八王子市片倉町1318", "elevator_or_1f": true, "slope": null, "braille_block": null, "wheelchair_toilet": null}}, {"type": "Feature", "geometry": {"type": "Point", "coordinates": [139.3508023, 35.62842416]}, "properties": {"name": "高嶺小学校", "ward": "八王子市", "address": "八王子市北野台4-21-1", "elevator_or_1f": true, "slope": null, "braille_block": null, "wheelchair_toilet": null}}, {"type": "Feature", "geometry": {"type": "Point", "coordinates": [139.3247356, 35.62734259]}, "properties": {"name": "みなみ野君田小学校", "ward": "八王子市", "address": "八王子市みなみ野4-3-1", "elevator_or_1f": true, "slope": null, "braille_block": true, "wheelchair_toilet": null}}, {"type": "Feature", "geometry": {"type": "Point", "coordinates": [139.3204392, 35.6208722]}, "properties": {"name": "七国小学校", "ward": "八王子市", "address": "八王子市七国5-27-1", "elevator_or_1f": true, "slope": null, "braille_block": true, "wheelchair_toilet": null}}, {"type": "Feature", "geometry": {"type": "Point", "coordinates": [139.2821047, 35.64006902]}, "properties": {"name": "浅川小学校", "ward": "八王子市", "address": "八王子市初沢町1335", "elevator_or_1f": true, "slope": null, "braille_block": null, "wheelchair_toilet": null}}, {"type": "Feature", "geometry": {"type": "Point", "coordinates": [139.2866152, 35.64272784]}, "properties": {"name": "東浅川小学校", "ward": "八王子市", "address": "八王子市東浅川町550-22", "elevator_or_1f": true, "slope": null, "braille_block": true, "wheelchair_toilet": null}}, {"type": "Feature", "geometry": {"type": "Point", "coordinates": [139.3832945, 35.62999884]}, "properties": {"name": "由木中央小学校", "ward": "八王子市", "address": "八王子市下柚木25", "elevator_or_1f": true, "slope": null, "braille_block": true, "wheelchair_toilet": null}}, {"type": "Feature", "geometry": {"type": "Point", "coordinates": [139.4083553, 35.63351911]}, "properties": {"name": "由木東小学校", "ward": "八王子市", "address": "八王子市東中野1347", "elevator_or_1f": true, "slope": null, "braille_block": true, "wheelchair_toilet": null}}, {"type": "Feature", "geometry": {"type": "Point", "coordinates": [139.3614507, 35.62313003]}, "properties": {"name": "由木西小学校", "ward": "八王子市", "address": "八王子市上柚木538-1", "elevator_or_1f": true, "slope": null, "braille_block": null, "wheelchair_toilet": null}}, {"type": "Feature", "geometry": {"type": "Point", "coordinates": [139.4259977, 35.63384554]}, "properties": {"name": "鹿島小学校", "ward": "八王子市", "address": "八王子市鹿島13", "elevator_or_1f": true, "slope": null, "braille_block": null, "wheelchair_toilet": null}}, {"type": "Feature", "geometry": {"type": "Point", "coordinates": [139.413884, 35.62845983]}, "properties": {"name": "松が谷小学校", "ward": "八王子市", "address": "八王子市松が谷12", "elevator_or_1f": true, "slope": null, "braille_block": null, "wheelchair_toilet": null}}, {"type": "Feature", "geometry": {"type": "Point", "coordinates": [139.3585148, 35.62572267]}, "properties": {"name": "中山小学校", "ward": "八王子市", "address": "八王子市中山1155", "elevator_or_1f": true, "slope": null, "braille_block": null, "wheelchair_toilet": null}}, {"type": "Feature", "geometry": {"type": "Point", "coordinates": [139.3832143, 35.61009908]}, "properties": {"name": "柏木小学校", "ward": "八王子市", "address": "八王子市南大沢3-3", "elevator_or_1f": true, "slope": null, "braille_block": null, "wheelchair_toilet": null}}, {"type": "Feature", "geometry": {"type": "Point", "coordinates": [139.3747651, 35.60830406]}, "properties": {"name": "南大沢小学校", "ward": "八王子市", "address": "八王子市南大沢4-18", "elevator_or_1f": true, "slope": null, "braille_block": null, "wheelchair_toilet": null}}, {"type": "Feature", "geometry": {"type": "Point", "coordinates": [139.3712883, 35.61013276]}, "properties": {"name": "宮上小学校", "ward": "八王子市", "address": "八王子市南大沢5-10", "elevator_or_1f": true, "slope": null, "braille_block": null, "wheelchair_toilet": null}}, {"type": "Feature", "geometry": {"type": "Point", "coordinates": [139.4060708, 35.62438208]}, "properties": {"name": "秋葉台小学校", "ward": "八王子市", "address": "八王子市別所2-5", "elevator_or_1f": true, "slope": null, "braille_block": true, "wheelchair_toilet": null}}, {"type": "Feature", "geometry": {"type": "Point", "coordinates": [139.3957641, 35.61393598]}, "properties": {"name": "別所小学校", "ward": "八王子市", "address": "八王子市別所2-44", "elevator_or_1f": true, "slope": null, "braille_block": null, "wheelchair_toilet": null}}, {"type": "Feature", "geometry": {"type": "Point", "coordinates": [139.3731398, 35.61942176]}, "properties": {"name": "愛宕小学校", "ward": "八王子市", "address": "八王子市上柚木3-20", "elevator_or_1f": true, "slope": null, "braille_block": null, "wheelchair_toilet": null}}, {"type": "Feature", "geometry": {"type": "Point", "coordinates": [139.3938159, 35.62202302]}, "properties": {"name": "松木小学校", "ward": "八王子市", "address": "八王子市松木57-3", "elevator_or_1f": true, "slope": null, "braille_block": null, "wheelchair_toilet": null}}, {"type": "Feature", "geometry": {"type": "Point", "coordinates": [139.380749, 35.6226786]}, "properties": {"name": "下柚木小学校", "ward": "八王子市", "address": "八王子市下柚木3-9", "elevator_or_1f": true, "slope": null, "braille_block": null, "wheelchair_toilet": null}}, {"type": "Feature", "geometry": {"type": "Point", "coordinates": [139.3690123, 35.61612902]}, "properties": {"name": "上柚木小学校", "ward": "八王子市", "address": "八王子市上柚木3-15", "elevator_or_1f": true, "slope": null, "braille_block": null, "wheelchair_toilet": null}}, {"type": "Feature", "geometry": {"type": "Point", "coordinates": [139.3884406, 35.6107611]}, "properties": {"name": "長池小学校", "ward": "八王子市", "address": "八王子市別所1-55", "elevator_or_1f": true, "slope": null, "braille_block": null, "wheelchair_toilet": null}}, {"type": "Feature", "geometry": {"type": "Point", "coordinates": [139.3635599, 35.61293424]}, "properties": {"name": "鑓水小学校", "ward": "八王子市", "address": "八王子市鑓水2-74", "elevator_or_1f": true, "slope": null, "braille_block": null, "wheelchair_toilet": null}}, {"type": "Feature", "geometry": {"type": "Point", "coordinates": [139.3614648, 35.67002275]}, "properties": {"name": "第一中学校", "ward": "八王子市", "address": "八王子市石川町2957-1", "elevator_or_1f": null, "slope": null, "braille_block": true, "wheelchair_toilet": null}}, {"type": "Feature", "geometry": {"type": "Point", "coordinates": [139.3150387, 35.67058646]}, "properties": {"name": "第二中学校", "ward": "八王子市", "address": "八王子市中野上町4-28-1", "elevator_or_1f": true, "slope": null, "braille_block": null, "wheelchair_toilet": null}}, {"type": "Feature", "geometry": {"type": "Point", "coordinates": [139.3200805, 35.66615009]}, "properties": {"name": "第四中学校", "ward": "八王子市", "address": "八王子市元本郷町2-21-1", "elevator_or_1f": true, "slope": null, "braille_block": true, "wheelchair_toilet": null}}, {"type": "Feature", "geometry": {"type": "Point", "coordinates": [139.3445476, 35.66151326]}, "properties": {"name": "第五中学校", "ward": "八王子市", "address": "八王子市明神町4-19-1", "elevator_or_1f": true, "slope": null, "braille_block": true, "wheelchair_toilet": null}}, {"type": "Feature", "geometry": {"type": "Point", "coordinates": [139.3299891, 35.6533628]}, "properties": {"name": "第六中学校", "ward": "八王子市", "address": "八王子市上野町97", "elevator_or_1f": true, "slope": null, "braille_block": null, "wheelchair_toilet": null}}, {"type": "Feature", "geometry": {"type": "Point", "coordinates": [139.3162144, 35.65070473]}, "properties": {"name": "第七中学校", "ward": "八王子市", "address": "八王子市散田町2-2-1", "elevator_or_1f": true, "slope": null, "braille_block": null, "wheelchair_toilet": null}}, {"type": "Feature", "geometry": {"type": "Point", "coordinates": [139.3387115, 35.67546454]}, "properties": {"name": "ひよどり山中学校", "ward": "八王子市", "address": "八王子市暁町3-1-1", "elevator_or_1f": true, "slope": null, "braille_block": null, "wheelchair_toilet": null}}, {"type": "Feature", "geometry": {"type": "Point", "coordinates": [139.3218317, 35.68271527]}, "properties": {"name": "甲ノ原中学校", "ward": "八王子市", "address": "八王子市中野町2639-2", "elevator_or_1f": true, "slope": null, "braille_block": null, "wheelchair_toilet": null}}, {"type": "Feature", "geometry": {"type": "Point", "coordinates": [139.3577696, 35.68305319]}, "properties": {"name": "石川中学校", "ward": "八王子市", "address": "八王子市久保山町2-55", "elevator_or_1f": true, "slope": null, "braille_block": true, "wheelchair_toilet": null}}, {"type": "Feature", "geometry": {"type": "Point", "coordinates": [139.3024426, 35.64893956]}, "properties": {"name": "横山中学校", "ward": "八王子市", "address": "八王子市散田町5-22-36", "elevator_or_1f": true, "slope": null, "braille_block": true, "wheelchair_toilet": null}}, {"type": "Feature", "geometry": {"type": "Point", "coordinates": [139.2880555, 35.65812215]}, "properties": {"name": "長房中学校", "ward": "八王子市", "address": "八王子市長房町1041-1", "elevator_or_1f": true, "slope": null, "braille_block": null, "wheelchair_toilet": null}}, {"type": "Feature", "geometry": {"type": "Point", "coordinates": [139.3078028, 35.63405138]}, "properties": {"name": "椚田中学校", "ward": "八王子市", "address": "八王子市椚田町172", "elevator_or_1f": true, "slope": null, "braille_block": null, "wheelchair_toilet": null}}, {"type": "Feature", "geometry": {"type": "Point", "coordinates": [139.2935205, 35.67250567]}, "properties": {"name": "元八王子中学校", "ward": "八王子市", "address": "八王子市大楽寺町415", "elevator_or_1f": true, "slope": null, "braille_block": true, "wheelchair_toilet": null}}, {"type": "Feature", "geometry": {"type": "Point", "coordinates": [139.296543, 35.6773832]}, "properties": {"name": "四谷中学校", "ward": "八王子市", "address": "八王子市四谷町555", "elevator_or_1f": true, "slope": null, "braille_block": true, "wheelchair_toilet": null}}, {"type": "Feature", "geometry": {"type": "Point", "coordinates": [139.3054876, 35.66853544]}, "properties": {"name": "横川中学校", "ward": "八王子市", "address": "八王子市横川町364", "elevator_or_1f": true, "slope": null, "braille_block": null, "wheelchair_toilet": null}}, {"type": "Feature", "geometry": {"type": "Point", "coordinates": [139.2819966, 35.66935572]}, "properties": {"name": "城山中学校", "ward": "八王子市", "address": "八王子市川町792-2", "elevator_or_1f": true, "slope": null, "braille_block": null, "wheelchair_toilet": null}}, {"type": "Feature", "geometry": {"type": "Point", "coordinates": [139.2424919, 35.67011359]}, "properties": {"name": "恩方中学校", "ward": "八王子市", "address": "八王子市上恩方町11", "elevator_or_1f": true, "slope": null, "braille_block": null, "wheelchair_toilet": null}}, {"type": "Feature", "geometry": {"type": "Point", "coordinates": [139.2841964, 35.69412099]}, "properties": {"name": "川口中学校", "ward": "八王子市", "address": "八王子市川口町2555", "elevator_or_1f": true, "slope": null, "braille_block": null, "wheelchair_toilet": null}}, {"type": "Feature", "geometry": {"type": "Point", "coordinates": [139.3145034, 35.67858954]}, "properties": {"name": "楢原中学校", "ward": "八王子市", "address": "八王子市楢原町1235", "elevator_or_1f": true, "slope": null, "braille_block": null, "wheelchair_toilet": null}}, {"type": "Feature", "geometry": {"type": "Point", "coordinates": [139.3398156, 35.644979]}, "properties": {"name": "由井中学校", "ward": "八王子市", "address": "八王子市片倉町553", "elevator_or_1f": true, "slope": null, "braille_block": null, "wheelchair_toilet": null}}, {"type": "Feature", "geometry": {"type": "Point", "coordinates": [139.3580441, 35.64531145]}, "properties": {"name": "打越中学校", "ward": "八王子市", "address": "八王子市打越町349-1", "elevator_or_1f": true, "slope": null, "braille_block": null, "wheelchair_toilet": null}}, {"type": "Feature", "geometry": {"type": "Point", "coordinates": [139.3220051, 35.6203883]}, "properties": {"name": "七国中学校", "ward": "八王子市", "address": "八王子市七国6-41-1", "elevator_or_1f": true, "slope": null, "braille_block": null, "wheelchair_toilet": null}}, {"type": "Feature", "geometry": {"type": "Point", "coordinates": [139.2803359, 35.63904009]}, "properties": {"name": "浅川中学校", "ward": "八王子市", "address": "八王子市初沢町1370", "elevator_or_1f": true, "slope": null, "braille_block": null, "wheelchair_toilet": null}}, {"type": "Feature", "geometry": {"type": "Point", "coordinates": [139.2934675, 35.6456297]}, "properties": {"name": "陵南中学校", "ward": "八王子市", "address": "八王子市東浅川町553-9", "elevator_or_1f": true, "slope": null, "braille_block": null, "wheelchair_toilet": null}}, {"type": "Feature", "geometry": {"type": "Point", "coordinates": [139.3850425, 35.62701822]}, "properties": {"name": "由木中学校", "ward": "八王子市", "address": "八王子市下柚木2-34-2", "elevator_or_1f": true, "slope": null, "braille_block": null, "wheelchair_toilet": null}}, {"type": "Feature", "geometry": {"type": "Point", "coordinates": [139.4175226, 35.63019473]}, "properties": {"name": "松が谷中学校", "ward": "八王子市", "address": "八王子市松が谷23", "elevator_or_1f": true, "slope": null, "braille_block": null, "wheelchair_toilet": null}}, {"type": "Feature", "geometry": {"type": "Point", "coordinates": [139.3582569, 35.62425582]}, "properties": {"name": "中山中学校", "ward": "八王子市", "address": "八王子市中山1158-1", "elevator_or_1f": true, "slope": null, "braille_block": null, "wheelchair_toilet": null}}, {"type": "Feature", "geometry": {"type": "Point", "coordinates": [139.3801296, 35.60863216]}, "properties": {"name": "南大沢中学校", "ward": "八王子市", "address": "八王子市南大沢3-7", "elevator_or_1f": true, "slope": null, "braille_block": null, "wheelchair_toilet": null}}, {"type": "Feature", "geometry": {"type": "Point", "coordinates": [139.373793, 35.6130095]}, "properties": {"name": "宮上中学校", "ward": "八王子市", "address": "八王子市南大沢5-5", "elevator_or_1f": true, "slope": null, "braille_block": null, "wheelchair_toilet": null}}, {"type": "Feature", "geometry": {"type": "Point", "coordinates": [139.4006415, 35.61924051]}, "properties": {"name": "別所中学校", "ward": "八王子市", "address": "八王子市別所2-28", "elevator_or_1f": true, "slope": null, "braille_block": null, "wheelchair_toilet": null}}, {"type": "Feature", "geometry": {"type": "Point", "coordinates": [139.3705181, 35.6176249]}, "properties": {"name": "上柚木中学校", "ward": "八王子市", "address": "八王子市上柚木3-17", "elevator_or_1f": true, "slope": null, "braille_block": null, "wheelchair_toilet": null}}, {"type": "Feature", "geometry": {"type": "Point", "coordinates": [139.3913833, 35.61785442]}, "properties": {"name": "松木中学校", "ward": "八王子市", "address": "八王子市別所1-34-1", "elevator_or_1f": true, "slope": null, "braille_block": null, "wheelchair_toilet": null}}, {"type": "Feature", "geometry": {"type": "Point", "coordinates": [139.3596962, 35.61286414]}, "properties": {"name": "鑓水中学校", "ward": "八王子市", "address": "八王子市鑓水2-67", "elevator_or_1f": true, "slope": null, "braille_block": null, "wheelchair_toilet": null}}, {"type": "Feature", "geometry": {"type": "Point", "coordinates": [139.3519569, 35.66309528]}, "properties": {"name": "大和田市民センター", "ward": "八王子市", "address": "八王子市大和田町5-9-1", "elevator_or_1f": true, "slope": null, "braille_block": true, "wheelchair_toilet": null}}, {"type": "Feature", "geometry": {"type": "Point", "coordinates": [139.2953322, 35.65041021]}, "properties": {"name": "長房市民センター", "ward": "八王子市", "address": "八王子市長房町506-2", "elevator_or_1f": true, "slope": null, "braille_block": true, "wheelchair_toilet": null}}, {"type": "Feature", "geometry": {"type": "Point", "coordinates": [139.276913, 35.64359949]}, "properties": {"name": "浅川市民センター", "ward": "八王子市", "address": "八王子市高尾町1652-1", "elevator_or_1f": true, "slope": null, "braille_block": true, "wheelchair_toilet": null}}, {"type": "Feature", "geometry": {"type": "Point", "coordinates": [139.344597, 35.65083647]}, "properties": {"name": "子安市民センター", "ward": "八王子市", "address": "八王子市子安町2-6-1", "elevator_or_1f": true, "slope": null, "braille_block": true, "wheelchair_toilet": null}}, {"type": "Feature", "geometry": {"type": "Point", "coordinates": [139.3827307, 35.62701316]}, "properties": {"name": "由木中央市民センター", "ward": "八王子市", "address": "八王子市下柚木2-10-6", "elevator_or_1f": true, "slope": null, "braille_block": true, "wheelchair_toilet": null}}, {"type": "Feature", "geometry": {"type": "Point", "coordinates": [139.3402007, 35.64135642]}, "properties": {"name": "由井市民センター", "ward": "八王子市", "address": "八王子市片倉町702-1", "elevator_or_1f": true, "slope": null, "braille_block": true, "wheelchair_toilet": null}}, {"type": "Feature", "geometry": {"type": "Point", "coordinates": [139.2863357, 35.68313228]}, "properties": {"name": "元八王子市民センター", "ward": "八王子市", "address": "八王子市上壱分方町747-1", "elevator_or_1f": true, "slope": null, "braille_block": true, "wheelchair_toilet": null}}, {"type": "Feature", "geometry": {"type": "Point", "coordinates": [139.4214311, 35.63418038]}, "properties": {"name": "由木東市民センター", "ward": "八王子市", "address": "八王子市鹿島111-1", "elevator_or_1f": true, "slope": null, "braille_block": true, "wheelchair_toilet": null}}, {"type": "Feature", "geometry": {"type": "Point", "coordinates": [139.318479, 35.68182728]}, "properties": {"name": "中野市民センター", "ward": "八王子市", "address": "八王子市中野町2726-7", "elevator_or_1f": true, "slope": null, "braille_block": true, "wheelchair_toilet": null}}, {"type": "Feature", "geometry": {"type": "Point", "coordinates": [139.3644241, 35.68054365]}, "properties": {"name": "石川市民センター", "ward": "八王子市", "address": "八王子市石川町438", "elevator_or_1f": true, "slope": null, "braille_block": true, "wheelchair_toilet": null}}, {"type": "Feature", "geometry": {"type": "Point", "coordinates": [139.2685405, 35.67401484]}, "properties": {"name": "恩方市民センター", "ward": "八王子市", "address": "八王子市西寺方町260-4", "elevator_or_1f": true, "slope": null, "braille_block": true, "wheelchair_toilet": null}}, {"type": "Feature", "geometry": {"type": "Point", "coordinates": [139.3200659, 35.65502534]}, "properties": {"name": "台町市民センター", "ward": "八王子市", "address": "八王子市台町3-20-1", "elevator_or_1f": true, "slope": null, "braille_block": true, "wheelchair_toilet": null}}, {"type": "Feature", "geometry": {"type": "Point", "coordinates": [139.3239298, 35.69943444]}, "properties": {"name": "加住市民センター", "ward": "八王子市", "address": "八王子市加住町1-338", "elevator_or_1f": true, "slope": null, "braille_block": true, "wheelchair_toilet": null}}, {"type": "Feature", "geometry": {"type": "Point", "coordinates": [139.3104186, 35.63374649]}, "properties": {"name": "横山南市民センター", "ward": "八王子市", "address": "八王子市椚田町137-3", "elevator_or_1f": true, "slope": null, "braille_block": true, "wheelchair_toilet": null}}, {"type": "Feature", "geometry": {"type": "Point", "coordinates": [139.300205, 35.62041872]}, "properties": {"name": "稲荷山行政資料保管等施設（旧稲荷山小学校）", "ward": "八王子市", "address": "八王子市寺田町1455-3", "elevator_or_1f": true, "slope": null, "braille_block": null, "wheelchair_toilet": null}}, {"type": "Feature", "geometry": {"type": "Point", "coordinates": [139.4214843, 35.6298348]}, "properties": {"name": "デジタルハリウッド大学", "ward": "八王子市", "address": "八王子市松が谷1", "elevator_or_1f": null, "slope": null, "braille_block": null, "wheelchair_toilet": null}}, {"type": "Feature", "geometry": {"type": "Point", "coordinates": [139.322603, 35.650378]}, "properties": {"name": "富士森体育館", "ward": "八王子市", "address": "八王子市台町2-3-7", "elevator_or_1f": true, "slope": null, "braille_block": null, "wheelchair_toilet": null}}, {"type": "Feature", "geometry": {"type": "Point", "coordinates": [139.216437, 35.669621]}, "properties": {"name": "夕やけ小やけふれあいの里", "ward": "八王子市", "address": "八王子市上恩方町2030", "elevator_or_1f": true, "slope": null, "braille_block": null, "wheelchair_toilet": null}}, {"type": "Feature", "geometry": {"type": "Point", "coordinates": [139.305831, 35.65776166]}, "properties": {"name": "八王子桑志高等学校", "ward": "八王子市", "address": "八王子市千人町4-8-1", "elevator_or_1f": null, "slope": null, "braille_block": null, "wheelchair_toilet": null}}, {"type": "Feature", "geometry": {"type": "Point", "coordinates": [139.3171372, 35.6547643]}, "properties": {"name": "八王子拓真高等学校", "ward": "八王子市", "address": "八王子市台町3-25-1", "elevator_or_1f": null, "slope": null, "braille_block": null, "wheelchair_toilet": null}}, {"type": "Feature", "geometry": {"type": "Point", "coordinates": [139.3443776, 35.66058036]}, "properties": {"name": "南多摩中等教育学校", "ward": "八王子市", "address": "八王子市明神町4-20-1", "elevator_or_1f": null, "slope": null, "braille_block": null, "wheelchair_toilet": null}}, {"type": "Feature", "geometry": {"type": "Point", "coordinates": [139.3020733, 35.65725262]}, "properties": {"name": "富士森高等学校", "ward": "八王子市", "address": "八王子市長房町420-2", "elevator_or_1f": null, "slope": null, "braille_block": null, "wheelchair_toilet": null}}, {"type": "Feature", "geometry": {"type": "Point", "coordinates": [139.3406512, 35.62988672]}, "properties": {"name": "片倉高等学校", "ward": "八王子市", "address": "八王子市片倉町1643", "elevator_or_1f": null, "slope": null, "braille_block": null, "wheelchair_toilet": null}}, {"type": "Feature", "geometry": {"type": "Point", "coordinates": [139.3649158, 35.66211274]}, "properties": {"name": "八王子東高等学校", "ward": "八王子市", "address": "八王子市高倉町68-1", "elevator_or_1f": null, "slope": null, "braille_block": null, "wheelchair_toilet": null}}, {"type": "Feature", "geometry": {"type": "Point", "coordinates": [139.3036661, 35.68552947]}, "properties": {"name": "八王子北高等学校", "ward": "八王子市", "address": "八王子市楢原町601", "elevator_or_1f": null, "slope": null, "braille_block": null, "wheelchair_toilet": null}}, {"type": "Feature", "geometry": {"type": "Point", "coordinates": [139.291318, 35.629225]}, "properties": {"name": "翔陽高等学校", "ward": "八王子市", "address": "八王子市館町1097-136", "elevator_or_1f": null, "slope": null, "braille_block": null, "wheelchair_toilet": null}}, {"type": "Feature", "geometry": {"type": "Point", "coordinates": [139.4104003, 35.62861572]}, "properties": {"name": "松が谷高等学校", "ward": "八王子市", "address": "八王子市松が谷1772", "elevator_or_1f": null, "slope": null, "braille_block": null, "wheelchair_toilet": null}}, {"type": "Feature", "geometry": {"type": "Point", "coordinates": [139.4071889, 35.69479118]}, "properties": {"name": "立川市立第一小学校", "ward": "立川市", "address": "立川市柴崎町2-20-3", "elevator_or_1f": true, "slope": true, "braille_block": true, "wheelchair_toilet": true}}, {"type": "Feature", "geometry": {"type": "Point", "coordinates": [139.4206445, 35.70117982]}, "properties": {"name": "立川市立第二小学校", "ward": "立川市", "address": "立川市曙町3-23-1", "elevator_or_1f": null, "slope": true, "braille_block": null, "wheelchair_toilet": true}}, {"type": "Feature", "geometry": {"type": "Point", "coordinates": [139.4198089, 35.69278974]}, "properties": {"name": "立川市立第三小学校", "ward": "立川市", "address": "立川市錦町3-4-1", "elevator_or_1f": null, "slope": true, "braille_block": null, "wheelchair_toilet": true}}, {"type": "Feature", "geometry": {"type": "Point", "coordinates": [139.4004844, 35.69753569]}, "properties": {"name": "立川市立第四小学校", "ward": "立川市", "address": "立川市富士見町4-4-1", "elevator_or_1f": null, "slope": true, "braille_block": null, "wheelchair_toilet": true}}, {"type": "Feature", "geometry": {"type": "Point", "coordinates": [139.4189864, 35.70780303]}, "properties": {"name": "立川市立第五小学校", "ward": "立川市", "address": "立川市高松町1-12-25", "elevator_or_1f": true, "slope": true, "braille_block": true, "wheelchair_toilet": true}}, {"type": "Feature", "geometry": {"type": "Point", "coordinates": [139.4269262, 35.69545863]}, "properties": {"name": "立川市立第六小学校", "ward": "立川市", "address": "立川市羽衣町2-29-22", "elevator_or_1f": true, "slope": true, "braille_block": true, "wheelchair_toilet": true}}, {"type": "Feature", "geometry": {"type": "Point", "coordinates": [139.4144884, 35.69062984]}, "properties": {"name": "立川市立第七小学校", "ward": "立川市", "address": "立川市錦町5-6-43", "elevator_or_1f": true, "slope": true, "braille_block": null, "wheelchair_toilet": true}}, {"type": "Feature", "geometry": {"type": "Point", "coordinates": [139.4241185, 35.7190419]}, "properties": {"name": "立川市立第八小学校", "ward": "立川市", "address": "立川市幸町2-1-1", "elevator_or_1f": true, "slope": true, "braille_block": true, "wheelchair_toilet": true}}, {"type": "Feature", "geometry": {"type": "Point", "coordinates": [139.3931929, 35.72383554]}, "properties": {"name": "立川市立第九小学校", "ward": "立川市", "address": "立川市上砂町2-18-1", "elevator_or_1f": true, "slope": true, "braille_block": null, "wheelchair_toilet": true}}, {"type": "Feature", "geometry": {"type": "Point", "coordinates": [139.4104056, 35.72036439]}, "properties": {"name": "立川市立第十小学校", "ward": "立川市", "address": "立川市柏町1-31-1", "elevator_or_1f": null, "slope": true, "braille_block": null, "wheelchair_toilet": true}}, {"type": "Feature", "geometry": {"type": "Point", "coordinates": [139.3641083, 35.72728937]}, "properties": {"name": "立川市立西砂小学校", "ward": "立川市", "address": "立川市西砂町2-34-2", "elevator_or_1f": null, "slope": true, "braille_block": null, "wheelchair_toilet": true}}, {"type": "Feature", "geometry": {"type": "Point", "coordinates": [139.4302664, 35.70827328]}, "properties": {"name": "立川市立南砂小学校", "ward": "立川市", "address": "立川市栄町2-2-1", "elevator_or_1f": true, "slope": true, "braille_block": true, "wheelchair_toilet": true}}, {"type": "Feature", "geometry": {"type": "Point", "coordinates": [139.4210924, 35.72769884]}, "properties": {"name": "立川市立幸小学校", "ward": "立川市", "address": "立川市幸町5-68-1", "elevator_or_1f": null, "slope": true, "braille_block": null, "wheelchair_toilet": true}}, {"type": "Feature", "geometry": {"type": "Point", "coordinates": [139.37662, 35.7317802]}, "properties": {"name": "立川市立松中小学校", "ward": "立川市", "address": "立川市一番町5-8-5", "elevator_or_1f": null, "slope": true, "braille_block": null, "wheelchair_toilet": true}}, {"type": "Feature", "geometry": {"type": "Point", "coordinates": [139.3909303, 35.71957995]}, "properties": {"name": "立川市立大山小学校", "ward": "立川市", "address": "立川市上砂町1-5-33", "elevator_or_1f": null, "slope": true, "braille_block": null, "wheelchair_toilet": null}}, {"type": "Feature", "geometry": {"type": "Point", "coordinates": [139.414665, 35.72731172]}, "properties": {"name": "立川市立柏小学校", "ward": "立川市", "address": "立川市柏町4-8-4", "elevator_or_1f": null, "slope": true, "braille_block": null, "wheelchair_toilet": true}}, {"type": "Feature", "geometry": {"type": "Point", "coordinates": [139.3927446, 35.73262853]}, "properties": {"name": "立川市立上砂川小学校", "ward": "立川市", "address": "立川市上砂町5-12-2", "elevator_or_1f": null, "slope": true, "braille_block": null, "wheelchair_toilet": true}}, {"type": "Feature", "geometry": {"type": "Point", "coordinates": [139.3929091, 35.69437585]}, "properties": {"name": "立川市立新生小学校", "ward": "立川市", "address": "立川市富士見町6-69-1", "elevator_or_1f": null, "slope": true, "braille_block": null, "wheelchair_toilet": true}}, {"type": "Feature", "geometry": {"type": "Point", "coordinates": [139.4039171, 35.69558]}, "properties": {"name": "立川市立立川第一中学校", "ward": "立川市", "address": "立川市柴崎町1-3-4", "elevator_or_1f": true, "slope": true, "braille_block": null, "wheelchair_toilet": true}}, {"type": "Feature", "geometry": {"type": "Point", "coordinates": [139.4262349, 35.70339872]}, "properties": {"name": "立川市立立川第二中学校", "ward": "立川市", "address": "立川市曙町3-29-46", "elevator_or_1f": null, "slope": true, "braille_block": null, "wheelchair_toilet": true}}, {"type": "Feature", "geometry": {"type": "Point", "coordinates": [139.426612, 35.689684]}, "properties": {"name": "立川市立立川第三中学校", "ward": "立川市", "address": "立川市羽衣町3-25-6", "elevator_or_1f": true, "slope": true, "braille_block": null, "wheelchair_toilet": true}}, {"type": "Feature", "geometry": {"type": "Point", "coordinates": [139.4256901, 35.7264941]}, "properties": {"name": "立川市立立川第四中学校", "ward": "立川市", "address": "立川市幸町5-49-1", "elevator_or_1f": true, "slope": true, "braille_block": null, "wheelchair_toilet": true}}, {"type": "Feature", "geometry": {"type": "Point", "coordinates": [139.3870974, 35.72407035]}, "properties": {"name": "立川市立立川第五中学校", "ward": "立川市", "address": "立川市上砂町3-27-1", "elevator_or_1f": true, "slope": true, "braille_block": null, "wheelchair_toilet": true}}, {"type": "Feature", "geometry": {"type": "Point", "coordinates": [139.4181461, 35.71744992]}, "properties": {"name": "立川市立立川第六中学校", "ward": "立川市", "address": "立川市泉町786-16", "elevator_or_1f": true, "slope": true, "braille_block": null, "wheelchair_toilet": true}}, {"type": "Feature", "geometry": {"type": "Point", "coordinates": [139.3672937, 35.73368374]}, "properties": {"name": "立川市立立川第七中学校", "ward": "立川市", "address": "立川市西砂町6-28-3", "elevator_or_1f": true, "slope": true, "braille_block": null, "wheelchair_toilet": true}}, {"type": "Feature", "geometry": {"type": "Point", "coordinates": [139.3972008, 35.69269815]}, "properties": {"name": "立川市立立川第八中学校", "ward": "立川市", "address": "立川市富士見町7-24-1", "elevator_or_1f": true, "slope": true, "braille_block": null, "wheelchair_toilet": true}}, {"type": "Feature", "geometry": {"type": "Point", "coordinates": [139.4374262, 35.72245087]}, "properties": {"name": "立川市立立川第九中学校", "ward": "立川市", "address": "立川市若葉町3-19-5", "elevator_or_1f": true, "slope": true, "braille_block": null, "wheelchair_toilet": true}}, {"type": "Feature", "geometry": {"type": "Point", "coordinates": [139.3900445, 35.69158509]}, "properties": {"name": "旧多摩川小学校", "ward": "立川市", "address": "立川市富士見町6-46-1", "elevator_or_1f": null, "slope": null, "braille_block": null, "wheelchair_toilet": null}}, {"type": "Feature", "geometry": {"type": "Point", "coordinates": [139.43488, 35.72503]}, "properties": {"name": "旧若葉小学校", "ward": "立川市", "address": "立川市若葉町4-24-1", "elevator_or_1f": null, "slope": null, "braille_block": null, "wheelchair_toilet": null}}, {"type": "Feature", "geometry": {"type": "Point", "coordinates": [139.43394899, 35.71896528]}, "properties": {"name": "立川市立若葉台小学校", "ward": "立川市", "address": "立川市若葉町1-13-1", "elevator_or_1f": true, "slope": true, "braille_block": null, "wheelchair_toilet": true}}, {"type": "Feature", "geometry": {"type": "Point", "coordinates": [139.5735462, 35.70895402]}, "properties": {"name": "武蔵野市立第一小学校", "ward": "武蔵野市", "address": "武蔵野市吉祥寺本町4-17-16", "elevator_or_1f": null, "slope": null, "braille_block": null, "wheelchair_toilet": null}}, {"type": "Feature", "geometry": {"type": "Point", "coordinates": [139.5427118, 35.70840026]}, "properties": {"name": "武蔵野市立第二小学校", "ward": "武蔵野市", "address": "武蔵野市境4-2-15", "elevator_or_1f": null, "slope": null, "braille_block": null, "wheelchair_toilet": null}}, {"type": "Feature", "geometry": {"type": "Point", "coordinates": [139.5870983, 35.70250511]}, "properties": {"name": "武蔵野市立第三小学校", "ward": "武蔵野市", "address": "武蔵野市吉祥寺南町2-35-9", "elevator_or_1f": null, "slope": null, "braille_block": null, "wheelchair_toilet": null}}, {"type": "Feature", "geometry": {"type": "Point", "coordinates": [139.5806954, 35.71234883]}, "properties": {"name": "武蔵野市立第四小学校", "ward": "武蔵野市", "address": "武蔵野市吉祥寺北町2-4-5", "elevator_or_1f": null, "slope": null, "braille_block": null, "wheelchair_toilet": null}}, {"type": "Feature", "geometry": {"type": "Point", "coordinates": [139.5562515, 35.71289712]}, "properties": {"name": "武蔵野市立第五小学校", "ward": "武蔵野市", "address": "武蔵野市関前3-2-20", "elevator_or_1f": null, "slope": null, "braille_block": null, "wheelchair_toilet": null}}, {"type": "Feature", "geometry": {"type": "Point", "coordinates": [139.5670315, 35.7156451]}, "properties": {"name": "武蔵野市立大野田小学校", "ward": "武蔵野市", "address": "武蔵野市吉祥寺北町4-11-37", "elevator_or_1f": true, "slope": null, "braille_block": null, "wheelchair_toilet": null}}, {"type": "Feature", "geometry": {"type": "Point", "coordinates": [139.5445291, 35.69713058]}, "properties": {"name": "武蔵野市立境南小学校", "ward": "武蔵野市", "address": "武蔵野市境南町2-27-27", "elevator_or_1f": null, "slope": null, "braille_block": null, "wheelchair_toilet": null}}, {"type": "Feature", "geometry": {"type": "Point", "coordinates": [139.5908689, 35.70476696]}, "properties": {"name": "武蔵野市立本宿小学校", "ward": "武蔵野市", "address": "武蔵野市吉祥寺東町4-1-9", "elevator_or_1f": null, "slope": null, "braille_block": null, "wheelchair_toilet": null}}, {"type": "Feature", "geometry": {"type": "Point", "coordinates": [139.5533895, 35.7186064]}, "properties": {"name": "武蔵野市立千川小学校", "ward": "武蔵野市", "address": "武蔵野市八幡町3-5-25", "elevator_or_1f": true, "slope": null, "braille_block": null, "wheelchair_toilet": null}}, {"type": "Feature", "geometry": {"type": "Point", "coordinates": [139.5681918, 35.70403344]}, "properties": {"name": "武蔵野市立井之頭小学校", "ward": "武蔵野市", "address": "武蔵野市吉祥寺本町3-27-19", "elevator_or_1f": null, "slope": null, "braille_block": null, "wheelchair_toilet": null}}, {"type": "Feature", "geometry": {"type": "Point", "coordinates": [139.549942, 35.71371886]}, "properties": {"name": "武蔵野市立関前南小学校", "ward": "武蔵野市", "address": "武蔵野市関前3-27-26", "elevator_or_1f": null, "slope": null, "braille_block": null, "wheelchair_toilet": null}}, {"type": "Feature", "geometry": {"type": "Point", "coordinates": [139.5341135, 35.70990986]}, "properties": {"name": "武蔵野市立桜野小学校", "ward": "武蔵野市", "address": "武蔵野市桜堤1-8-19", "elevator_or_1f": true, "slope": null, "braille_block": null, "wheelchair_toilet": null}}, {"type": "Feature", "geometry": {"type": "Point", "coordinates": [139.5652758, 35.7107976]}, "properties": {"name": "武蔵野市立第一中学校", "ward": "武蔵野市", "address": "武蔵野市中町3-9-5", "elevator_or_1f": null, "slope": null, "braille_block": null, "wheelchair_toilet": null}}, {"type": "Feature", "geometry": {"type": "Point", "coordinates": [139.5353204, 35.70980991]}, "properties": {"name": "武蔵野市立第二中学校", "ward": "武蔵野市", "address": "武蔵野市桜堤1-7-31", "elevator_or_1f": null, "slope": null, "braille_block": null, "wheelchair_toilet": null}}, {"type": "Feature", "geometry": {"type": "Point", "coordinates": [139.5871011, 35.70747455]}, "properties": {"name": "武蔵野市立第三中学校", "ward": "武蔵野市", "address": "武蔵野市吉祥寺東町1-23-8", "elevator_or_1f": null, "slope": null, "braille_block": null, "wheelchair_toilet": null}}, {"type": "Feature", "geometry": {"type": "Point", "coordinates": [139.5699241, 35.71873483]}, "properties": {"name": "武蔵野市立第四中学校", "ward": "武蔵野市", "address": "武蔵野市吉祥寺北町5-11-41", "elevator_or_1f": true, "slope": null, "braille_block": null, "wheelchair_toilet": null}}, {"type": "Feature", "geometry": {"type": "Point", "coordinates": [139.551265, 35.71058225]}, "properties": {"name": "武蔵野市立第五中学校", "ward": "武蔵野市", "address": "武蔵野市関前2-10-20", "elevator_or_1f": null, "slope": null, "braille_block": null, "wheelchair_toilet": null}}, {"type": "Feature", "geometry": {"type": "Point", "coordinates": [139.5453426, 35.70850332]}, "properties": {"name": "武蔵野市立第六中学校", "ward": "武蔵野市", "address": "武蔵野市境3-20-10", "elevator_or_1f": null, "slope": null, "braille_block": null, "wheelchair_toilet": null}}, {"type": "Feature", "geometry": {"type": "Point", "coordinates": [139.5574871, 35.72001335]}, "properties": {"name": "都立武蔵野北高等学校", "ward": "武蔵野市", "address": "武蔵野市八幡町2-3-10", "elevator_or_1f": true, "slope": null, "braille_block": null, "wheelchair_toilet": null}}, {"type": "Feature", "geometry": {"type": "Point", "coordinates": [139.5389532, 35.7080222]}, "properties": {"name": "都立武蔵高等学校", "ward": "武蔵野市", "address": "武蔵野市境4-13-28", "elevator_or_1f": true, "slope": null, "braille_block": true, "wheelchair_toilet": null}}, {"type": "Feature", "geometry": {"type": "Point", "coordinates": [139.5373449, 35.6685866]}, "properties": {"name": "大沢コミュニティ・センター", "ward": "三鷹市", "address": "三鷹市大沢4-25-30", "elevator_or_1f": true, "slope": null, "braille_block": true, "wheelchair_toilet": null}}, {"type": "Feature", "geometry": {"type": "Point", "coordinates": [139.574846, 35.68494476]}, "properties": {"name": "牟礼コミュニティ・センター", "ward": "三鷹市", "address": "三鷹市牟礼7-6-25", "elevator_or_1f": true, "slope": null, "braille_block": null, "wheelchair_toilet": null}}, {"type": "Feature", "geometry": {"type": "Point", "coordinates": [139.5609119, 35.69247954]}, "properties": {"name": "連雀コミュニティ・センター", "ward": "三鷹市", "address": "三鷹市下連雀7-15-4", "elevator_or_1f": true, "slope": null, "braille_block": true, "wheelchair_toilet": null}}, {"type": "Feature", "geometry": {"type": "Point", "coordinates": [139.559704, 35.685388]}, "properties": {"name": "第一中学校（校舎）", "ward": "三鷹市", "address": "三鷹市下連雀9-10-1", "elevator_or_1f": null, "slope": null, "braille_block": null, "wheelchair_toilet": null}}, {"type": "Feature", "geometry": {"type": "Point", "coordinates": [139.5486079, 35.69341911]}, "properties": {"name": "井口コミュニティ・センター", "ward": "三鷹市", "address": "三鷹市井口1-13-32", "elevator_or_1f": true, "slope": null, "braille_block": null, "wheelchair_toilet": null}}, {"type": "Feature", "geometry": {"type": "Point", "coordinates": [139.5835699, 35.69396098]}, "properties": {"name": "井の頭コミュニティ・センター", "ward": "三鷹市", "address": "三鷹市井の頭2-32-30", "elevator_or_1f": true, "slope": null, "braille_block": null, "wheelchair_toilet": null}}, {"type": "Feature", "geometry": {"type": "Point", "coordinates": [139.5761096, 35.66881761]}, "properties": {"name": "新川中原コミュニティ・センター", "ward": "三鷹市", "address": "三鷹市新川1-11-1", "elevator_or_1f": true, "slope": null, "braille_block": true, "wheelchair_toilet": null}}, {"type": "Feature", "geometry": {"type": "Point", "coordinates": [139.5629915, 35.6995208]}, "properties": {"name": "駅前コミュニティ・センター", "ward": "三鷹市", "address": "三鷹市下連雀3-13-10", "elevator_or_1f": true, "slope": null, "braille_block": true, "wheelchair_toilet": null}}, {"type": "Feature", "geometry": {"type": "Point", "coordinates": [139.5700106, 35.68223694]}, "properties": {"name": "第一小学校（校舎・体育館）", "ward": "三鷹市", "address": "三鷹市新川6-4-32", "elevator_or_1f": true, "slope": null, "braille_block": null, "wheelchair_toilet": null}}, {"type": "Feature", "geometry": {"type": "Point", "coordinates": [139.5421718, 35.6857638]}, "properties": {"name": "第二小学校（校舎・体育館）", "ward": "三鷹市", "address": "三鷹市野崎3-19-1", "elevator_or_1f": null, "slope": null, "braille_block": null, "wheelchair_toilet": null}}, {"type": "Feature", "geometry": {"type": "Point", "coordinates": [139.5575261, 35.69573408]}, "properties": {"name": "第三小学校（校舎・体育館）", "ward": "三鷹市", "address": "三鷹市上連雀4-12-3", "elevator_or_1f": true, "slope": null, "braille_block": null, "wheelchair_toilet": null}}, {"type": "Feature", "geometry": {"type": "Point", "coordinates": [139.5687891, 35.69546542]}, "properties": {"name": "第四小学校（校舎・体育館）", "ward": "三鷹市", "address": "三鷹市下連雀1-25-1", "elevator_or_1f": null, "slope": null, "braille_block": null, "wheelchair_toilet": null}}, {"type": "Feature", "geometry": {"type": "Point", "coordinates": [139.5820221, 35.69302904]}, "properties": {"name": "第五小学校（校舎・体育館）", "ward": "三鷹市", "address": "三鷹市井の頭2-34-21", "elevator_or_1f": null, "slope": null, "braille_block": null, "wheelchair_toilet": null}}, {"type": "Feature", "geometry": {"type": "Point", "coordinates": [139.5655847, 35.68825714]}, "properties": {"name": "第六小学校（校舎・体育館）", "ward": "三鷹市", "address": "三鷹市下連雀6-13-1", "elevator_or_1f": null, "slope": null, "braille_block": null, "wheelchair_toilet": null}}, {"type": "Feature", "geometry": {"type": "Point", "coordinates": [139.5548284, 35.69281534]}, "properties": {"name": "第七小学校（校舎・体育館）", "ward": "三鷹市", "address": "三鷹市上連雀7-7-7", "elevator_or_1f": null, "slope": null, "braille_block": null, "wheelchair_toilet": null}}, {"type": "Feature", "geometry": {"type": "Point", "coordinates": [139.5363865, 35.68033625]}, "properties": {"name": "大沢台小学校（校舎・体育館）", "ward": "三鷹市", "address": "三鷹市大沢2-6-18", "elevator_or_1f": null, "slope": null, "braille_block": null, "wheelchair_toilet": null}}, {"type": "Feature", "geometry": {"type": "Point", "coordinates": [139.5772116, 35.68976828]}, "properties": {"name": "高山小学校（校舎・体育館）", "ward": "三鷹市", "address": "三鷹市牟礼4-6-12", "elevator_or_1f": true, "slope": null, "braille_block": null, "wheelchair_toilet": null}}, {"type": "Feature", "geometry": {"type": "Point", "coordinates": [139.5594713, 35.68610622]}, "properties": {"name": "南浦小学校（校舎・体育館）", "ward": "三鷹市", "address": "三鷹市下連雀9-9-1", "elevator_or_1f": null, "slope": null, "braille_block": null, "wheelchair_toilet": null}}, {"type": "Feature", "geometry": {"type": "Point", "coordinates": [139.5712259, 35.67028731]}, "properties": {"name": "中原小学校（校舎・体育館）", "ward": "三鷹市", "address": "三鷹市中原2-12-13", "elevator_or_1f": null, "slope": null, "braille_block": null, "wheelchair_toilet": null}}, {"type": "Feature", "geometry": {"type": "Point", "coordinates": [139.5821376, 35.67980354]}, "properties": {"name": "北野小学校（校舎・体育館）", "ward": "三鷹市", "address": "三鷹市北野3-1-5", "elevator_or_1f": null, "slope": null, "braille_block": null, "wheelchair_toilet": null}}, {"type": "Feature", "geometry": {"type": "Point", "coordinates": [139.5444793, 35.69225513]}, "properties": {"name": "井口小学校（校舎・体育館）", "ward": "三鷹市", "address": "三鷹市井口3-7-11", "elevator_or_1f": null, "slope": null, "braille_block": null, "wheelchair_toilet": null}}, {"type": "Feature", "geometry": {"type": "Point", "coordinates": [139.572085, 35.66739366]}, "properties": {"name": "東台小学校（校舎・体育館）", "ward": "三鷹市", "address": "三鷹市中原2-17-37", "elevator_or_1f": true, "slope": null, "braille_block": null, "wheelchair_toilet": null}}, {"type": "Feature", "geometry": {"type": "Point", "coordinates": [139.5384097, 35.67015245]}, "properties": {"name": "羽沢小学校（校舎・体育館）", "ward": "三鷹市", "address": "三鷹市大沢4-9-1", "elevator_or_1f": null, "slope": null, "braille_block": null, "wheelchair_toilet": null}}, {"type": "Feature", "geometry": {"type": "Point", "coordinates": [139.5436056, 35.68737365]}, "properties": {"name": "第二中学校（校舎・体育館）", "ward": "三鷹市", "address": "三鷹市野崎3-14-1", "elevator_or_1f": null, "slope": null, "braille_block": null, "wheelchair_toilet": null}}, {"type": "Feature", "geometry": {"type": "Point", "coordinates": [139.575538, 35.691746]}, "properties": {"name": "第三中学校（校舎・体育館）", "ward": "三鷹市", "address": "三鷹市牟礼4-13-8", "elevator_or_1f": true, "slope": null, "braille_block": null, "wheelchair_toilet": null}}, {"type": "Feature", "geometry": {"type": "Point", "coordinates": [139.5563872, 35.69643298]}, "properties": {"name": "第四中学校（校舎・体育館）", "ward": "三鷹市", "address": "三鷹市上連雀4-18-7", "elevator_or_1f": null, "slope": null, "braille_block": null, "wheelchair_toilet": null}}, {"type": "Feature", "geometry": {"type": "Point", "coordinates": [139.5773254, 35.67106739]}, "properties": {"name": "第五中学校（校舎・体育館）", "ward": "三鷹市", "address": "三鷹市新川1-7-20", "elevator_or_1f": null, "slope": null, "braille_block": null, "wheelchair_toilet": null}}, {"type": "Feature", "geometry": {"type": "Point", "coordinates": [139.5758391, 35.68077426]}, "properties": {"name": "第六中学校（校舎・体育館）", "ward": "三鷹市", "address": "三鷹市新川2-12-17", "elevator_or_1f": null, "slope": null, "braille_block": null, "wheelchair_toilet": null}}, {"type": "Feature", "geometry": {"type": "Point", "coordinates": [139.5325559, 35.6772545]}, "properties": {"name": "第七中学校（校舎・体育館）", "ward": "三鷹市", "address": "三鷹市大沢2-11-12", "elevator_or_1f": null, "slope": null, "braille_block": null, "wheelchair_toilet": null}}, {"type": "Feature", "geometry": {"type": "Point", "coordinates": [139.5774017, 35.695237]}, "properties": {"name": "明星学園小中学校", "ward": "三鷹市", "address": "三鷹市井の頭5-7-7", "elevator_or_1f": true, "slope": null, "braille_block": null, "wheelchair_toilet": null}}, {"type": "Feature", "geometry": {"type": "Point", "coordinates": [139.5668289, 35.67973213]}, "properties": {"name": "三鷹中等教育学校", "ward": "三鷹市", "address": "三鷹市新川6-21-21", "elevator_or_1f": null, "slope": null, "braille_block": null, "wheelchair_toilet": null}}, {"type": "Feature", "geometry": {"type": "Point", "coordinates": [139.5296768, 35.68751927]}, "properties": {"name": "国際基督教大学", "ward": "三鷹市", "address": "三鷹市大沢3-10-2", "elevator_or_1f": true, "slope": null, "braille_block": null, "wheelchair_toilet": null}}, {"type": "Feature", "geometry": {"type": "Point", "coordinates": [139.535208, 35.688292]}, "properties": {"name": "ルーテル学院大学", "ward": "三鷹市", "address": "三鷹市大沢3-10-20", "elevator_or_1f": true, "slope": null, "braille_block": true, "wheelchair_toilet": null}}, {"type": "Feature", "geometry": {"type": "Point", "coordinates": [139.576205, 35.66519]}, "properties": {"name": "中原一丁目地区公会堂", "ward": "三鷹市", "address": "三鷹市中原1-26-15", "elevator_or_1f": null, "slope": null, "braille_block": true, "wheelchair_toilet": null}}, {"type": "Feature", "geometry": {"type": "Point", "coordinates": [139.269136, 35.788948]}, "properties": {"name": "都立青梅総合高等学校", "ward": "青梅市", "address": "青梅市勝沼1-60", "elevator_or_1f": true, "slope": true, "braille_block": null, "wheelchair_toilet": true}}, {"type": "Feature", "geometry": {"type": "Point", "coordinates": [139.2586957, 35.79145833]}, "properties": {"name": "市立第一小学校", "ward": "青梅市", "address": "青梅市本町223", "elevator_or_1f": true, "slope": null, "braille_block": null, "wheelchair_toilet": null}}, {"type": "Feature", "geometry": {"type": "Point", "coordinates": [139.2708191, 35.78093184]}, "properties": {"name": "市立第二小学校", "ward": "青梅市", "address": "青梅市長淵4-437", "elevator_or_1f": true, "slope": true, "braille_block": true, "wheelchair_toilet": true}}, {"type": "Feature", "geometry": {"type": "Point", "coordinates": [139.2935044, 35.79830348]}, "properties": {"name": "市立第三小学校", "ward": "青梅市", "address": "青梅市大門2-317", "elevator_or_1f": true, "slope": null, "braille_block": null, "wheelchair_toilet": null}}, {"type": "Feature", "geometry": {"type": "Point", "coordinates": [139.2718515, 35.79409338]}, "properties": {"name": "市立第四小学校", "ward": "青梅市", "address": "青梅市東青梅6-1-1", "elevator_or_1f": true, "slope": true, "braille_block": true, "wheelchair_toilet": true}}, {"type": "Feature", "geometry": {"type": "Point", "coordinates": [139.2244508, 35.78763185]}, "properties": {"name": "市立第五小学校", "ward": "青梅市", "address": "青梅市梅郷3-765-1", "elevator_or_1f": true, "slope": null, "braille_block": null, "wheelchair_toilet": null}}, {"type": "Feature", "geometry": {"type": "Point", "coordinates": [139.2753131, 35.81988956]}, "properties": {"name": "市立第七小学校", "ward": "青梅市", "address": "青梅市小曾木3-1880-1", "elevator_or_1f": true, "slope": null, "braille_block": null, "wheelchair_toilet": null}}, {"type": "Feature", "geometry": {"type": "Point", "coordinates": [139.2829374, 35.79726932]}, "properties": {"name": "市立吹上小学校", "ward": "青梅市", "address": "青梅市吹上176-1", "elevator_or_1f": true, "slope": null, "braille_block": null, "wheelchair_toilet": null}}, {"type": "Feature", "geometry": {"type": "Point", "coordinates": [139.2845042, 35.77426696]}, "properties": {"name": "市立友田小学校", "ward": "青梅市", "address": "青梅市友田町5-332", "elevator_or_1f": true, "slope": null, "braille_block": null, "wheelchair_toilet": null}}, {"type": "Feature", "geometry": {"type": "Point", "coordinates": [139.2938199, 35.7866898]}, "properties": {"name": "市立若草小学校", "ward": "青梅市", "address": "青梅市新町1-15-1", "elevator_or_1f": true, "slope": null, "braille_block": null, "wheelchair_toilet": null}}, {"type": "Feature", "geometry": {"type": "Point", "coordinates": [139.2600331, 35.82880115]}, "properties": {"name": "市立成木小学校", "ward": "青梅市", "address": "青梅市成木3-423-1", "elevator_or_1f": true, "slope": true, "braille_block": null, "wheelchair_toilet": true}}, {"type": "Feature", "geometry": {"type": "Point", "coordinates": [139.306393, 35.8073508]}, "properties": {"name": "市立今井小学校", "ward": "青梅市", "address": "青梅市今井2-947-1", "elevator_or_1f": true, "slope": null, "braille_block": null, "wheelchair_toilet": null}}, {"type": "Feature", "geometry": {"type": "Point", "coordinates": [139.2880026, 35.78205017]}, "properties": {"name": "市立河辺小学校", "ward": "青梅市", "address": "青梅市河辺町5-24", "elevator_or_1f": true, "slope": null, "braille_block": null, "wheelchair_toilet": null}}, {"type": "Feature", "geometry": {"type": "Point", "coordinates": [139.3077776, 35.78879094]}, "properties": {"name": "市立新町小学校", "ward": "青梅市", "address": "青梅市新町5-21-1", "elevator_or_1f": true, "slope": null, "braille_block": null, "wheelchair_toilet": null}}, {"type": "Feature", "geometry": {"type": "Point", "coordinates": [139.2455669, 35.78945421]}, "properties": {"name": "市立第一中学校", "ward": "青梅市", "address": "青梅市裏宿町615", "elevator_or_1f": true, "slope": true, "braille_block": null, "wheelchair_toilet": true}}, {"type": "Feature", "geometry": {"type": "Point", "coordinates": [139.2748266, 35.78541144]}, "properties": {"name": "市立第二中学校", "ward": "青梅市", "address": "青梅市千ヶ瀬町2-155", "elevator_or_1f": true, "slope": null, "braille_block": null, "wheelchair_toilet": null}}, {"type": "Feature", "geometry": {"type": "Point", "coordinates": [139.2924136, 35.79778351]}, "properties": {"name": "市立第三中学校", "ward": "青梅市", "address": "青梅市大門2-301", "elevator_or_1f": true, "slope": true, "braille_block": true, "wheelchair_toilet": true}}, {"type": "Feature", "geometry": {"type": "Point", "coordinates": [139.2835608, 35.78680952]}, "properties": {"name": "市立霞台中学校", "ward": "青梅市", "address": "青梅市師岡町4-6-1", "elevator_or_1f": true, "slope": null, "braille_block": null, "wheelchair_toilet": null}}, {"type": "Feature", "geometry": {"type": "Point", "coordinates": [139.216861, 35.801594]}, "properties": {"name": "市立第六小学校", "ward": "青梅市", "address": "青梅市二俣尾3-903-1", "elevator_or_1f": true, "slope": null, "braille_block": null, "wheelchair_toilet": null}}, {"type": "Feature", "geometry": {"type": "Point", "coordinates": [139.29417, 35.789966]}, "properties": {"name": "市立霞台小学校", "ward": "青梅市", "address": "青梅市新町1-35-1", "elevator_or_1f": true, "slope": null, "braille_block": null, "wheelchair_toilet": null}}, {"type": "Feature", "geometry": {"type": "Point", "coordinates": [139.306277, 35.797798]}, "properties": {"name": "市立藤橋小学校", "ward": "青梅市", "address": "青梅市藤橋3-13-1", "elevator_or_1f": true, "slope": null, "braille_block": null, "wheelchair_toilet": null}}, {"type": "Feature", "geometry": {"type": "Point", "coordinates": [139.27639, 35.82167]}, "properties": {"name": "市立第六中学校", "ward": "青梅市", "address": "青梅市小曾木4-2040", "elevator_or_1f": true, "slope": null, "braille_block": null, "wheelchair_toilet": null}}, {"type": "Feature", "geometry": {"type": "Point", "coordinates": [139.257978, 35.825869]}, "properties": {"name": "市立第七中学校", "ward": "青梅市", "address": "青梅市成木4-544-2", "elevator_or_1f": true, "slope": null, "braille_block": null, "wheelchair_toilet": null}}, {"type": "Feature", "geometry": {"type": "Point", "coordinates": [139.282801, 35.801006]}, "properties": {"name": "市立吹上中学校", "ward": "青梅市", "address": "青梅市吹上1", "elevator_or_1f": true, "slope": null, "braille_block": null, "wheelchair_toilet": null}}, {"type": "Feature", "geometry": {"type": "Point", "coordinates": [139.219874, 35.794664]}, "properties": {"name": "市立西中学校", "ward": "青梅市", "address": "青梅市梅郷6-1460-1", "elevator_or_1f": true, "slope": null, "braille_block": null, "wheelchair_toilet": null}}, {"type": "Feature", "geometry": {"type": "Point", "coordinates": [139.295958, 35.789682]}, "properties": {"name": "市立泉中学校", "ward": "青梅市", "address": "青梅市新町1-37", "elevator_or_1f": true, "slope": null, "braille_block": null, "wheelchair_toilet": null}}, {"type": "Feature", "geometry": {"type": "Point", "coordinates": [139.305919, 35.788377]}, "properties": {"name": "市立新町中学校", "ward": "青梅市", "address": "青梅市新町5-20", "elevator_or_1f": true, "slope": null, "braille_block": null, "wheelchair_toilet": null}}, {"type": "Feature", "geometry": {"type": "Point", "coordinates": [139.1966085, 35.80473118]}, "properties": {"name": "沢井市民センター", "ward": "青梅市", "address": "青梅市沢井2-682", "elevator_or_1f": null, "slope": null, "braille_block": null, "wheelchair_toilet": true}}, {"type": "Feature", "geometry": {"type": "Point", "coordinates": [139.1505721, 35.78675299]}, "properties": {"name": "御岳山ふれあいセンター", "ward": "青梅市", "address": "青梅市御岳山38-2", "elevator_or_1f": true, "slope": true, "braille_block": null, "wheelchair_toilet": true}}, {"type": "Feature", "geometry": {"type": "Point", "coordinates": [139.282363, 35.790618]}, "properties": {"name": "東青梅市民センター", "ward": "青梅市", "address": "青梅市師岡町3-9-6", "elevator_or_1f": true, "slope": true, "braille_block": null, "wheelchair_toilet": true}}, {"type": "Feature", "geometry": {"type": "Point", "coordinates": [139.2843569, 35.78065023]}, "properties": {"name": "総合体育館", "ward": "青梅市", "address": "青梅市河辺町4-16-1", "elevator_or_1f": true, "slope": true, "braille_block": true, "wheelchair_toilet": true}}, {"type": "Feature", "geometry": {"type": "Point", "coordinates": [139.2936042, 35.77848172]}, "properties": {"name": "河辺市民センター", "ward": "青梅市", "address": "青梅市河辺町6-18-1", "elevator_or_1f": true, "slope": true, "braille_block": null, "wheelchair_toilet": true}}, {"type": "Feature", "geometry": {"type": "Point", "coordinates": [139.4770938, 35.67404938]}, "properties": {"name": "府中市立府中第一小学校", "ward": "府中市", "address": "府中市寿町2-6", "elevator_or_1f": null, "slope": null, "braille_block": true, "wheelchair_toilet": null}}, {"type": "Feature", "geometry": {"type": "Point", "coordinates": [139.486339, 35.6742686]}, "properties": {"name": "府中市立府中第二小学校", "ward": "府中市", "address": "府中市緑町1-29", "elevator_or_1f": true, "slope": null, "braille_block": true, "wheelchair_toilet": null}}, {"type": "Feature", "geometry": {"type": "Point", "coordinates": [139.4721425, 35.66774596]}, "properties": {"name": "府中市立府中第三小学校", "ward": "府中市", "address": "府中市片町3-5", "elevator_or_1f": true, "slope": null, "braille_block": null, "wheelchair_toilet": null}}, {"type": "Feature", "geometry": {"type": "Point", "coordinates": [139.5079215, 35.66675302]}, "properties": {"name": "府中市立府中第四小学校", "ward": "府中市", "address": "府中市白糸台1-58", "elevator_or_1f": true, "slope": null, "braille_block": null, "wheelchair_toilet": null}}, {"type": "Feature", "geometry": {"type": "Point", "coordinates": [139.458141, 35.669703]}, "properties": {"name": "府中市立府中第五小学校", "ward": "府中市", "address": "府中市本宿町1-51", "elevator_or_1f": true, "slope": null, "braille_block": null, "wheelchair_toilet": null}}, {"type": "Feature", "geometry": {"type": "Point", "coordinates": [139.4921341, 35.68421264]}, "properties": {"name": "府中市立府中第六小学校", "ward": "府中市", "address": "府中市天神町4-14", "elevator_or_1f": true, "slope": null, "braille_block": null, "wheelchair_toilet": null}}, {"type": "Feature", "geometry": {"type": "Point", "coordinates": [139.456282, 35.68734933]}, "properties": {"name": "府中市立府中第七小学校", "ward": "府中市", "address": "府中市北山町2-23", "elevator_or_1f": true, "slope": null, "braille_block": null, "wheelchair_toilet": null}}, {"type": "Feature", "geometry": {"type": "Point", "coordinates": [139.4952717, 35.66250516]}, "properties": {"name": "府中市立府中第八小学校", "ward": "府中市", "address": "府中市是政1-34", "elevator_or_1f": null, "slope": null, "braille_block": null, "wheelchair_toilet": null}}, {"type": "Feature", "geometry": {"type": "Point", "coordinates": [139.4717917, 35.68658583]}, "properties": {"name": "府中市立府中第九小学校", "ward": "府中市", "address": "府中市栄町3-7", "elevator_or_1f": true, "slope": null, "braille_block": null, "wheelchair_toilet": null}}, {"type": "Feature", "geometry": {"type": "Point", "coordinates": [139.508309, 35.67720386]}, "properties": {"name": "府中市立府中第十小学校", "ward": "府中市", "address": "府中市若松町4-29", "elevator_or_1f": true, "slope": null, "braille_block": true, "wheelchair_toilet": null}}, {"type": "Feature", "geometry": {"type": "Point", "coordinates": [139.4634224, 35.68897833]}, "properties": {"name": "府中市立武蔵台小学校", "ward": "府中市", "address": "府中市武蔵台2-3", "elevator_or_1f": true, "slope": null, "braille_block": null, "wheelchair_toilet": null}}, {"type": "Feature", "geometry": {"type": "Point", "coordinates": [139.460249, 35.65559001]}, "properties": {"name": "府中市立住吉小学校", "ward": "府中市", "address": "府中市住吉町2-30", "elevator_or_1f": true, "slope": null, "braille_block": null, "wheelchair_toilet": null}}, {"type": "Feature", "geometry": {"type": "Point", "coordinates": [139.4853886, 35.68653519]}, "properties": {"name": "府中市立新町小学校", "ward": "府中市", "address": "府中市新町1-25", "elevator_or_1f": null, "slope": null, "braille_block": null, "wheelchair_toilet": null}}, {"type": "Feature", "geometry": {"type": "Point", "coordinates": [139.460871, 35.67929336]}, "properties": {"name": "府中市立本宿小学校", "ward": "府中市", "address": "府中市本宿町4-19", "elevator_or_1f": true, "slope": null, "braille_block": true, "wheelchair_toilet": null}}, {"type": "Feature", "geometry": {"type": "Point", "coordinates": [139.5139679, 35.66900093]}, "properties": {"name": "府中市立白糸台小学校", "ward": "府中市", "address": "府中市白糸台2-16", "elevator_or_1f": true, "slope": null, "braille_block": null, "wheelchair_toilet": null}}, {"type": "Feature", "geometry": {"type": "Point", "coordinates": [139.4763035, 35.65760721]}, "properties": {"name": "府中市立矢崎小学校", "ward": "府中市", "address": "府中市矢崎町4-9", "elevator_or_1f": null, "slope": null, "braille_block": null, "wheelchair_toilet": null}}, {"type": "Feature", "geometry": {"type": "Point", "coordinates": [139.4994869, 35.67350104]}, "properties": {"name": "府中市立若松小学校", "ward": "府中市", "address": "府中市若松町3-11", "elevator_or_1f": true, "slope": null, "braille_block": true, "wheelchair_toilet": null}}, {"type": "Feature", "geometry": {"type": "Point", "coordinates": [139.504496, 35.6599597]}, "properties": {"name": "府中市立小柳小学校", "ward": "府中市", "address": "府中市小柳町3-21", "elevator_or_1f": true, "slope": null, "braille_block": null, "wheelchair_toilet": null}}, {"type": "Feature", "geometry": {"type": "Point", "coordinates": [139.516471, 35.66066294]}, "properties": {"name": "府中市立南白糸台小学校", "ward": "府中市", "address": "府中市白糸台6-48", "elevator_or_1f": true, "slope": null, "braille_block": null, "wheelchair_toilet": null}}, {"type": "Feature", "geometry": {"type": "Point", "coordinates": [139.4448001, 35.6591222]}, "properties": {"name": "府中市立四谷小学校", "ward": "府中市", "address": "府中市四谷3-2740", "elevator_or_1f": null, "slope": null, "braille_block": null, "wheelchair_toilet": null}}, {"type": "Feature", "geometry": {"type": "Point", "coordinates": [139.46781, 35.66246244]}, "properties": {"name": "府中市立南町小学校", "ward": "府中市", "address": "府中市南町3-6", "elevator_or_1f": true, "slope": null, "braille_block": null, "wheelchair_toilet": null}}, {"type": "Feature", "geometry": {"type": "Point", "coordinates": [139.4437788, 35.66847712]}, "properties": {"name": "府中市立日新小学校", "ward": "府中市", "address": "府中市日新町5-22", "elevator_or_1f": true, "slope": null, "braille_block": null, "wheelchair_toilet": null}}, {"type": "Feature", "geometry": {"type": "Point", "coordinates": [139.4803682, 35.68074571]}, "properties": {"name": "府中市立第一中学校", "ward": "府中市", "address": "府中市幸町1-22", "elevator_or_1f": true, "slope": null, "braille_block": null, "wheelchair_toilet": null}}, {"type": "Feature", "geometry": {"type": "Point", "coordinates": [139.5089861, 35.67239742]}, "properties": {"name": "府中市立第二中学校", "ward": "府中市", "address": "府中市紅葉丘1-23", "elevator_or_1f": true, "slope": null, "braille_block": null, "wheelchair_toilet": null}}, {"type": "Feature", "geometry": {"type": "Point", "coordinates": [139.4691218, 35.66459423]}, "properties": {"name": "府中市立第三中学校", "ward": "府中市", "address": "府中市本町4-16", "elevator_or_1f": true, "slope": null, "braille_block": true, "wheelchair_toilet": null}}, {"type": "Feature", "geometry": {"type": "Point", "coordinates": [139.4649948, 35.67355611]}, "properties": {"name": "府中市立第四中学校", "ward": "府中市", "address": "府中市美好町2-13", "elevator_or_1f": null, "slope": null, "braille_block": null, "wheelchair_toilet": null}}, {"type": "Feature", "geometry": {"type": "Point", "coordinates": [139.4933749, 35.68589648]}, "properties": {"name": "府中市立第五中学校", "ward": "府中市", "address": "府中市新町2-44", "elevator_or_1f": true, "slope": null, "braille_block": true, "wheelchair_toilet": null}}, {"type": "Feature", "geometry": {"type": "Point", "coordinates": [139.5081117, 35.66048073]}, "properties": {"name": "府中市立第六中学校", "ward": "府中市", "address": "府中市押立町1-2", "elevator_or_1f": true, "slope": null, "braille_block": true, "wheelchair_toilet": null}}, {"type": "Feature", "geometry": {"type": "Point", "coordinates": [139.4624124, 35.68874233]}, "properties": {"name": "府中市立第七中学校", "ward": "府中市", "address": "府中市武蔵台2-4", "elevator_or_1f": true, "slope": null, "braille_block": true, "wheelchair_toilet": null}}, {"type": "Feature", "geometry": {"type": "Point", "coordinates": [139.44627, 35.65863329]}, "properties": {"name": "府中市立第八中学校", "ward": "府中市", "address": "府中市四谷1-2827", "elevator_or_1f": true, "slope": null, "braille_block": null, "wheelchair_toilet": null}}, {"type": "Feature", "geometry": {"type": "Point", "coordinates": [139.503922, 35.66273637]}, "properties": {"name": "府中市立第九中学校", "ward": "府中市", "address": "府中市小柳町2-49", "elevator_or_1f": true, "slope": null, "braille_block": null, "wheelchair_toilet": null}}, {"type": "Feature", "geometry": {"type": "Point", "coordinates": [139.4528797, 35.67863022]}, "properties": {"name": "府中市立第十中学校", "ward": "府中市", "address": "府中市西府町4-21", "elevator_or_1f": null, "slope": null, "braille_block": null, "wheelchair_toilet": null}}, {"type": "Feature", "geometry": {"type": "Point", "coordinates": [139.4911716, 35.67323385]}, "properties": {"name": "府中市立浅間中学校", "ward": "府中市", "address": "府中市浅間町1-1", "elevator_or_1f": true, "slope": null, "braille_block": null, "wheelchair_toilet": null}}, {"type": "Feature", "geometry": {"type": "Point", "coordinates": [139.4772945, 35.65577444]}, "properties": {"name": "郷土の森総合体育館", "ward": "府中市", "address": "府中市矢崎町5-5", "elevator_or_1f": true, "slope": null, "braille_block": true, "wheelchair_toilet": null}}, {"type": "Feature", "geometry": {"type": "Point", "coordinates": [139.389684, 35.70404267]}, "properties": {"name": "昭島市立東小学校", "ward": "昭島市", "address": "昭島市東町2-2-18", "elevator_or_1f": true, "slope": null, "braille_block": true, "wheelchair_toilet": null}}, {"type": "Feature", "geometry": {"type": "Point", "coordinates": [139.3830209, 35.69723326]}, "properties": {"name": "昭島市立共成小学校", "ward": "昭島市", "address": "昭島市郷地町2-6-1", "elevator_or_1f": true, "slope": null, "braille_block": true, "wheelchair_toilet": null}}, {"type": "Feature", "geometry": {"type": "Point", "coordinates": [139.3826435, 35.70823101]}, "properties": {"name": "昭島市立富士見丘小学校", "ward": "昭島市", "address": "昭島市福島町890", "elevator_or_1f": true, "slope": null, "braille_block": true, "wheelchair_toilet": null}}, {"type": "Feature", "geometry": {"type": "Point", "coordinates": [139.3796672, 35.71971864]}, "properties": {"name": "昭島市立武蔵野小学校", "ward": "昭島市", "address": "昭島市武蔵野2-3-1", "elevator_or_1f": null, "slope": null, "braille_block": null, "wheelchair_toilet": null}}, {"type": "Feature", "geometry": {"type": "Point", "coordinates": [139.3786521, 35.7011677]}, "properties": {"name": "昭島市立玉川小学校", "ward": "昭島市", "address": "昭島市福島町2-8-1", "elevator_or_1f": true, "slope": null, "braille_block": true, "wheelchair_toilet": null}}, {"type": "Feature", "geometry": {"type": "Point", "coordinates": [139.3722444, 35.70607198]}, "properties": {"name": "昭島市立中神小学校", "ward": "昭島市", "address": "昭島市朝日町5-8-5", "elevator_or_1f": true, "slope": null, "braille_block": true, "wheelchair_toilet": null}}, {"type": "Feature", "geometry": {"type": "Point", "coordinates": [139.3642439, 35.71026529]}, "properties": {"name": "昭島市立光華小学校", "ward": "昭島市", "address": "昭島市昭和町4-5-13", "elevator_or_1f": true, "slope": null, "braille_block": null, "wheelchair_toilet": null}}, {"type": "Feature", "geometry": {"type": "Point", "coordinates": [139.3611927, 35.6988785]}, "properties": {"name": "昭島市立成隣小学校", "ward": "昭島市", "address": "昭島市大神町4-4-1", "elevator_or_1f": true, "slope": null, "braille_block": true, "wheelchair_toilet": null}}, {"type": "Feature", "geometry": {"type": "Point", "coordinates": [139.3534543, 35.70039312]}, "properties": {"name": "昭島市立田中小学校", "ward": "昭島市", "address": "昭島市田中町3-4-1", "elevator_or_1f": true, "slope": null, "braille_block": true, "wheelchair_toilet": null}}, {"type": "Feature", "geometry": {"type": "Point", "coordinates": [139.3443508, 35.70647919]}, "properties": {"name": "昭島市立拝島第一小学校", "ward": "昭島市", "address": "昭島市拝島町1-14-14", "elevator_or_1f": true, "slope": null, "braille_block": true, "wheelchair_toilet": null}}, {"type": "Feature", "geometry": {"type": "Point", "coordinates": [139.3557423, 35.72034893]}, "properties": {"name": "昭島市立拝島第二小学校", "ward": "昭島市", "address": "昭島市拝島町3927-2", "elevator_or_1f": true, "slope": null, "braille_block": null, "wheelchair_toilet": null}}, {"type": "Feature", "geometry": {"type": "Point", "coordinates": [139.3440054, 35.71676502]}, "properties": {"name": "昭島市立拝島第三小学校", "ward": "昭島市", "address": "昭島市松原町3-12-15", "elevator_or_1f": true, "slope": null, "braille_block": true, "wheelchair_toilet": null}}, {"type": "Feature", "geometry": {"type": "Point", "coordinates": [139.3856643, 35.70534742]}, "properties": {"name": "昭島市立昭和中学校", "ward": "昭島市", "address": "昭島市東町2-6-22", "elevator_or_1f": true, "slope": null, "braille_block": null, "wheelchair_toilet": null}}, {"type": "Feature", "geometry": {"type": "Point", "coordinates": [139.3771524, 35.69544431]}, "properties": {"name": "昭島市立福島中学校", "ward": "昭島市", "address": "昭島市福島町3-20-1", "elevator_or_1f": true, "slope": null, "braille_block": true, "wheelchair_toilet": null}}, {"type": "Feature", "geometry": {"type": "Point", "coordinates": [139.3707732, 35.71542889]}, "properties": {"name": "昭島市立瑞雲中学校", "ward": "昭島市", "address": "昭島市つつじが丘2-2-6", "elevator_or_1f": true, "slope": null, "braille_block": null, "wheelchair_toilet": null}}, {"type": "Feature", "geometry": {"type": "Point", "coordinates": [139.365214, 35.70682971]}, "properties": {"name": "昭島市立清泉中学校", "ward": "昭島市", "address": "昭島市宮沢町1-9-1", "elevator_or_1f": true, "slope": null, "braille_block": null, "wheelchair_toilet": null}}, {"type": "Feature", "geometry": {"type": "Point", "coordinates": [139.3500171, 35.71244367]}, "properties": {"name": "昭島市立拝島中学校", "ward": "昭島市", "address": "昭島市緑町2-2-12", "elevator_or_1f": true, "slope": null, "braille_block": true, "wheelchair_toilet": null}}, {"type": "Feature", "geometry": {"type": "Point", "coordinates": [139.3459558, 35.70279365]}, "properties": {"name": "昭島市立多摩辺中学校", "ward": "昭島市", "address": "昭島市拝島町4-6-30", "elevator_or_1f": true, "slope": null, "braille_block": true, "wheelchair_toilet": null}}, {"type": "Feature", "geometry": {"type": "Point", "coordinates": [139.3878591, 35.70476454]}, "properties": {"name": "東京都立昭和高等学校", "ward": "昭島市", "address": "昭島市東町2-3-21", "elevator_or_1f": null, "slope": null, "braille_block": null, "wheelchair_toilet": null}}, {"type": "Feature", "geometry": {"type": "Point", "coordinates": [139.343315, 35.70388746]}, "properties": {"name": "東京都立拝島高等学校", "ward": "昭島市", "address": "昭島市拝島町4-13-1", "elevator_or_1f": null, "slope": null, "braille_block": null, "wheelchair_toilet": null}}, {"type": "Feature", "geometry": {"type": "Point", "coordinates": [139.381081, 35.696751]}, "properties": {"name": "昭島市立福島会館", "ward": "昭島市", "address": "昭島市福島町1-19-1", "elevator_or_1f": true, "slope": null, "braille_block": true, "wheelchair_toilet": null}}, {"type": "Feature", "geometry": {"type": "Point", "coordinates": [139.3820747, 35.70368651]}, "properties": {"name": "昭島市立玉川会館", "ward": "昭島市", "address": "昭島市玉川町3-10-15", "elevator_or_1f": null, "slope": null, "braille_block": true, "wheelchair_toilet": null}}, {"type": "Feature", "geometry": {"type": "Point", "coordinates": [139.3728664, 35.7051221]}, "properties": {"name": "昭島市立朝日会館", "ward": "昭島市", "address": "昭島市朝日町5-6-20", "elevator_or_1f": null, "slope": null, "braille_block": true, "wheelchair_toilet": null}}, {"type": "Feature", "geometry": {"type": "Point", "coordinates": [139.3636885, 35.72302684]}, "properties": {"name": "昭島市立堀向会館", "ward": "昭島市", "address": "昭島市美堀町2-6-11", "elevator_or_1f": null, "slope": null, "braille_block": true, "wheelchair_toilet": null}}, {"type": "Feature", "geometry": {"type": "Point", "coordinates": [139.3607746, 35.70074927]}, "properties": {"name": "昭島市立大神会館", "ward": "昭島市", "address": "昭島市大神町3-10-5", "elevator_or_1f": null, "slope": null, "braille_block": true, "wheelchair_toilet": null}}, {"type": "Feature", "geometry": {"type": "Point", "coordinates": [139.357643, 35.712916]}, "properties": {"name": "昭島市立昭和会館", "ward": "昭島市", "address": "昭島市松原町1-2-25", "elevator_or_1f": null, "slope": null, "braille_block": true, "wheelchair_toilet": null}}, {"type": "Feature", "geometry": {"type": "Point", "coordinates": [139.3445945, 35.71418333]}, "properties": {"name": "昭島市立緑会館", "ward": "昭島市", "address": "昭島市緑町4-13-26", "elevator_or_1f": true, "slope": null, "braille_block": true, "wheelchair_toilet": null}}, {"type": "Feature", "geometry": {"type": "Point", "coordinates": [139.342028, 35.70724404]}, "properties": {"name": "昭島市立拝島会館", "ward": "昭島市", "address": "昭島市拝島町2-4-13", "elevator_or_1f": null, "slope": null, "braille_block": true, "wheelchair_toilet": null}}, {"type": "Feature", "geometry": {"type": "Point", "coordinates": [139.335386, 35.710929]}, "properties": {"name": "昭島市立やまのかみ会館", "ward": "昭島市", "address": "昭島市拝島町3-10-3", "elevator_or_1f": true, "slope": null, "braille_block": true, "wheelchair_toilet": null}}, {"type": "Feature", "geometry": {"type": "Point", "coordinates": [139.3758029, 35.7112005]}, "properties": {"name": "昭島市立武蔵野会館", "ward": "昭島市", "address": "昭島市中神町1172-1", "elevator_or_1f": true, "slope": null, "braille_block": true, "wheelchair_toilet": null}}, {"type": "Feature", "geometry": {"type": "Point", "coordinates": [139.3825923, 35.71226856]}, "properties": {"name": "昭島市立富士見会館", "ward": "昭島市", "address": "昭島市中神町1282", "elevator_or_1f": true, "slope": null, "braille_block": null, "wheelchair_toilet": null}}, {"type": "Feature", "geometry": {"type": "Point", "coordinates": [139.3671148, 35.70701874]}, "properties": {"name": "昭島市勤労商工市民センター", "ward": "昭島市", "address": "昭島市昭和町3-10-2", "elevator_or_1f": true, "slope": null, "braille_block": null, "wheelchair_toilet": null}}, {"type": "Feature", "geometry": {"type": "Point", "coordinates": [139.3670935, 35.71420693]}, "properties": {"name": "昭島市児童センター", "ward": "昭島市", "address": "昭島市つつじが丘2-3-21", "elevator_or_1f": true, "slope": null, "braille_block": true, "wheelchair_toilet": null}}, {"type": "Feature", "geometry": {"type": "Point", "coordinates": [139.357023, 35.712116]}, "properties": {"name": "昭島市立松原町コミュニティーセンター", "ward": "昭島市", "address": "昭島市松原町1-3-10", "elevator_or_1f": true, "slope": null, "braille_block": true, "wheelchair_toilet": null}}, {"type": "Feature", "geometry": {"type": "Point", "coordinates": [139.3711221, 35.71695672]}, "properties": {"name": "昭島市立つつじが丘小学校", "ward": "昭島市", "address": "昭島市つつじが丘2-1-30", "elevator_or_1f": true, "slope": null, "braille_block": true, "wheelchair_toilet": null}}, {"type": "Feature", "geometry": {"type": "Point", "coordinates": [139.3385383, 35.70614108]}, "properties": {"name": "旧昭島市立拝島第四小学校", "ward": "昭島市", "address": "昭島市拝島町5-6-30", "elevator_or_1f": true, "slope": null, "braille_block": true, "wheelchair_toilet": null}}, {"type": "Feature", "geometry": {"type": "Point", "coordinates": [139.3378673, 35.70849779]}, "properties": {"name": "学校法人啓明学園", "ward": "昭島市", "address": "昭島市拝島町5-11-15", "elevator_or_1f": null, "slope": null, "braille_block": null, "wheelchair_toilet": null}}, {"type": "Feature", "geometry": {"type": "Point", "coordinates": [139.3661446, 35.71346598]}, "properties": {"name": "昭島市民会館・公民館", "ward": "昭島市", "address": "昭島市つつじが丘3-7-7", "elevator_or_1f": true, "slope": null, "braille_block": true, "wheelchair_toilet": true}}, {"type": "Feature", "geometry": {"type": "Point", "coordinates": [139.354504, 35.7233278]}, "properties": {"name": "環境コミュニケーションセンター", "ward": "昭島市", "address": "昭島市美堀町3-8-1", "elevator_or_1f": true, "slope": true, "braille_block": true, "wheelchair_toilet": true}}, {"type": "Feature", "geometry": {"type": "Point", "coordinates": [139.36939104, 35.7120282]}, "properties": {"name": "アキシマエンシス", "ward": "昭島市", "address": "昭島市つつじが丘3-3-15", "elevator_or_1f": true, "slope": true, "braille_block": true, "wheelchair_toilet": true}}, {"type": "Feature", "geometry": {"type": "Point", "coordinates": [139.5769809, 35.65952668]}, "properties": {"name": "滝坂小学校", "ward": "調布市", "address": "調布市東つつじヶ丘1-4-1", "elevator_or_1f": true, "slope": true, "braille_block": null, "wheelchair_toilet": true}}, {"type": "Feature", "geometry": {"type": "Point", "coordinates": [139.5734515, 35.65157048]}, "properties": {"name": "調和小学校", "ward": "調布市", "address": "調布市西つつじヶ丘4-22-6", "elevator_or_1f": true, "slope": null, "braille_block": true, "wheelchair_toilet": true}}, {"type": "Feature", "geometry": {"type": "Point", "coordinates": [139.5847438, 35.66996271]}, "properties": {"name": "緑ケ丘小学校", "ward": "調布市", "address": "調布市緑ヶ丘2-16-1", "elevator_or_1f": true, "slope": true, "braille_block": null, "wheelchair_toilet": true}}, {"type": "Feature", "geometry": {"type": "Point", "coordinates": [139.5854664, 35.6573136]}, "properties": {"name": "都立神代高校", "ward": "調布市", "address": "調布市若葉町1-46-1", "elevator_or_1f": true, "slope": null, "braille_block": null, "wheelchair_toilet": null}}, {"type": "Feature", "geometry": {"type": "Point", "coordinates": [139.5393987, 35.64409341]}, "properties": {"name": "都立調布南高校", "ward": "調布市", "address": "調布市多摩川6-2-1", "elevator_or_1f": true, "slope": null, "braille_block": true, "wheelchair_toilet": null}}, {"type": "Feature", "geometry": {"type": "Point", "coordinates": [139.5488415, 35.67998263]}, "properties": {"name": "都立調布北高校", "ward": "調布市", "address": "調布市深大寺北町5-39-1", "elevator_or_1f": null, "slope": null, "braille_block": null, "wheelchair_toilet": null}}, {"type": "Feature", "geometry": {"type": "Point", "coordinates": [139.5439319, 35.65487732]}, "properties": {"name": "第一小学校", "ward": "調布市", "address": "調布市小島町1-8-1", "elevator_or_1f": true, "slope": true, "braille_block": null, "wheelchair_toilet": true}}, {"type": "Feature", "geometry": {"type": "Point", "coordinates": [139.5565562, 35.64597066]}, "properties": {"name": "第二小学校", "ward": "調布市", "address": "調布市国領町4-19-1", "elevator_or_1f": true, "slope": true, "braille_block": null, "wheelchair_toilet": true}}, {"type": "Feature", "geometry": {"type": "Point", "coordinates": [139.5273853, 35.65486788]}, "properties": {"name": "第三小学校", "ward": "調布市", "address": "調布市上石原2-19-13", "elevator_or_1f": true, "slope": true, "braille_block": null, "wheelchair_toilet": true}}, {"type": "Feature", "geometry": {"type": "Point", "coordinates": [139.5524262, 35.65394065]}, "properties": {"name": "八雲台小学校", "ward": "調布市", "address": "調布市八雲台1-1-1", "elevator_or_1f": true, "slope": true, "braille_block": null, "wheelchair_toilet": true}}, {"type": "Feature", "geometry": {"type": "Point", "coordinates": [139.5371517, 35.6480719]}, "properties": {"name": "富士見台小学校", "ward": "調布市", "address": "調布市小島町3-20-1", "elevator_or_1f": true, "slope": null, "braille_block": null, "wheelchair_toilet": true}}, {"type": "Feature", "geometry": {"type": "Point", "coordinates": [139.5528686, 35.66683721]}, "properties": {"name": "深大寺小学校", "ward": "調布市", "address": "調布市深大寺元町5-16-2", "elevator_or_1f": true, "slope": true, "braille_block": null, "wheelchair_toilet": true}}, {"type": "Feature", "geometry": {"type": "Point", "coordinates": [139.5635659, 35.66354187]}, "properties": {"name": "上ノ原小学校", "ward": "調布市", "address": "調布市柴崎2-26-1", "elevator_or_1f": true, "slope": null, "braille_block": null, "wheelchair_toilet": true}}, {"type": "Feature", "geometry": {"type": "Point", "coordinates": [139.5383681, 35.66048354]}, "properties": {"name": "石原小学校", "ward": "調布市", "address": "調布市富士見町1-37-1", "elevator_or_1f": null, "slope": null, "braille_block": null, "wheelchair_toilet": true}}, {"type": "Feature", "geometry": {"type": "Point", "coordinates": [139.5829335, 35.65530331]}, "properties": {"name": "若葉小学校", "ward": "調布市", "address": "調布市若葉町3-17-5", "elevator_or_1f": true, "slope": true, "braille_block": null, "wheelchair_toilet": true}}, {"type": "Feature", "geometry": {"type": "Point", "coordinates": [139.56055, 35.6421172]}, "properties": {"name": "染地小学校", "ward": "調布市", "address": "調布市染地3-1-81", "elevator_or_1f": true, "slope": true, "braille_block": null, "wheelchair_toilet": true}}, {"type": "Feature", "geometry": {"type": "Point", "coordinates": [139.5528683, 35.67567122]}, "properties": {"name": "北ノ台小学校", "ward": "調布市", "address": "調布市深大寺北町2-41-1", "elevator_or_1f": true, "slope": true, "braille_block": null, "wheelchair_toilet": true}}, {"type": "Feature", "geometry": {"type": "Point", "coordinates": [139.5324672, 35.6469729]}, "properties": {"name": "多摩川小学校", "ward": "調布市", "address": "調布市多摩川3-21-1", "elevator_or_1f": true, "slope": true, "braille_block": null, "wheelchair_toilet": true}}, {"type": "Feature", "geometry": {"type": "Point", "coordinates": [139.5547055, 35.64209804]}, "properties": {"name": "杉森小学校", "ward": "調布市", "address": "調布市染地2-25-4", "elevator_or_1f": true, "slope": true, "braille_block": null, "wheelchair_toilet": true}}, {"type": "Feature", "geometry": {"type": "Point", "coordinates": [139.5230257, 35.65464179]}, "properties": {"name": "飛田給小学校", "ward": "調布市", "address": "調布市飛田給3-29-1", "elevator_or_1f": true, "slope": true, "braille_block": null, "wheelchair_toilet": true}}, {"type": "Feature", "geometry": {"type": "Point", "coordinates": [139.5557506, 35.660498]}, "properties": {"name": "柏野小学校", "ward": "調布市", "address": "調布市深大寺南町1-1-1", "elevator_or_1f": true, "slope": true, "braille_block": null, "wheelchair_toilet": true}}, {"type": "Feature", "geometry": {"type": "Point", "coordinates": [139.5635395, 35.64866254]}, "properties": {"name": "国領小学校", "ward": "調布市", "address": "調布市国領町8-1-55", "elevator_or_1f": true, "slope": null, "braille_block": null, "wheelchair_toilet": true}}, {"type": "Feature", "geometry": {"type": "Point", "coordinates": [139.5455412, 35.64314268]}, "properties": {"name": "布田小学校", "ward": "調布市", "address": "調布市染地1-1-85", "elevator_or_1f": true, "slope": true, "braille_block": null, "wheelchair_toilet": true}}, {"type": "Feature", "geometry": {"type": "Point", "coordinates": [139.5352272, 35.66549489]}, "properties": {"name": "調布中学校", "ward": "調布市", "address": "調布市富士見町4-17-1", "elevator_or_1f": true, "slope": null, "braille_block": null, "wheelchair_toilet": true}}, {"type": "Feature", "geometry": {"type": "Point", "coordinates": [139.5615151, 35.66162703]}, "properties": {"name": "神代中学校", "ward": "調布市", "address": "調布市佐須町5-26-1", "elevator_or_1f": true, "slope": null, "braille_block": null, "wheelchair_toilet": true}}, {"type": "Feature", "geometry": {"type": "Point", "coordinates": [139.5566583, 35.64138918]}, "properties": {"name": "第三中学校", "ward": "調布市", "address": "調布市染地3-2-7", "elevator_or_1f": true, "slope": true, "braille_block": null, "wheelchair_toilet": true}}, {"type": "Feature", "geometry": {"type": "Point", "coordinates": [139.5828966, 35.65404545]}, "properties": {"name": "第四中学校", "ward": "調布市", "address": "調布市若葉町3-15-1", "elevator_or_1f": true, "slope": true, "braille_block": null, "wheelchair_toilet": true}}, {"type": "Feature", "geometry": {"type": "Point", "coordinates": [139.5256425, 35.65213414]}, "properties": {"name": "第五中学校", "ward": "調布市", "address": "調布市上石原3-27-1", "elevator_or_1f": true, "slope": true, "braille_block": null, "wheelchair_toilet": true}}, {"type": "Feature", "geometry": {"type": "Point", "coordinates": [139.5610216, 35.65027029]}, "properties": {"name": "第六中学校", "ward": "調布市", "address": "調布市国領町3-8-23", "elevator_or_1f": true, "slope": true, "braille_block": null, "wheelchair_toilet": true}}, {"type": "Feature", "geometry": {"type": "Point", "coordinates": [139.5602225, 35.65414084]}, "properties": {"name": "第七中学校", "ward": "調布市", "address": "調布市八雲台2-16-1", "elevator_or_1f": true, "slope": true, "braille_block": null, "wheelchair_toilet": true}}, {"type": "Feature", "geometry": {"type": "Point", "coordinates": [139.5816853, 35.66445825]}, "properties": {"name": "第八中学校", "ward": "調布市", "address": "調布市仙川町2-15-2", "elevator_or_1f": true, "slope": null, "braille_block": null, "wheelchair_toilet": true}}, {"type": "Feature", "geometry": {"type": "Point", "coordinates": [139.572418, 35.6525616]}, "properties": {"name": "大町スポーツ施設", "ward": "調布市", "address": "調布市菊野台3-27-40", "elevator_or_1f": true, "slope": null, "braille_block": true, "wheelchair_toilet": null}}, {"type": "Feature", "geometry": {"type": "Point", "coordinates": [139.4530719, 35.54582216]}, "properties": {"name": "町田第二小学校", "ward": "町田市", "address": "町田市原町田4-26-40", "elevator_or_1f": true, "slope": true, "braille_block": true, "wheelchair_toilet": true}}, {"type": "Feature", "geometry": {"type": "Point", "coordinates": [139.4463424, 35.54845069]}, "properties": {"name": "町田第一小学校", "ward": "町田市", "address": "町田市中町1-20-30", "elevator_or_1f": true, "slope": true, "braille_block": true, "wheelchair_toilet": true}}, {"type": "Feature", "geometry": {"type": "Point", "coordinates": [139.4460313, 35.55109838]}, "properties": {"name": "町田第一中学校", "ward": "町田市", "address": "町田市中町1-27-5", "elevator_or_1f": true, "slope": true, "braille_block": true, "wheelchair_toilet": true}}, {"type": "Feature", "geometry": {"type": "Point", "coordinates": [139.449228, 35.55295026]}, "properties": {"name": "都立町田高校", "ward": "町田市", "address": "町田市中町4-25-3", "elevator_or_1f": true, "slope": null, "braille_block": true, "wheelchair_toilet": null}}, {"type": "Feature", "geometry": {"type": "Point", "coordinates": [139.438296, 35.54985732]}, "properties": {"name": "町田第四小学校", "ward": "町田市", "address": "町田市森野2-21-28", "elevator_or_1f": true, "slope": true, "braille_block": true, "wheelchair_toilet": true}}, {"type": "Feature", "geometry": {"type": "Point", "coordinates": [139.4368156, 35.56337676]}, "properties": {"name": "本町田小学校", "ward": "町田市", "address": "町田市本町田2032", "elevator_or_1f": true, "slope": true, "braille_block": true, "wheelchair_toilet": true}}, {"type": "Feature", "geometry": {"type": "Point", "coordinates": [139.4460048, 35.56417991]}, "properties": {"name": "町田第三小学校", "ward": "町田市", "address": "町田市本町田1212", "elevator_or_1f": true, "slope": true, "braille_block": true, "wheelchair_toilet": true}}, {"type": "Feature", "geometry": {"type": "Point", "coordinates": [139.4441497, 35.56978923]}, "properties": {"name": "本町田東小学校", "ward": "町田市", "address": "町田市本町田3350", "elevator_or_1f": null, "slope": true, "braille_block": true, "wheelchair_toilet": true}}, {"type": "Feature", "geometry": {"type": "Point", "coordinates": [139.4322621, 35.56154284]}, "properties": {"name": "町田第三中学校", "ward": "町田市", "address": "町田市本町田1853", "elevator_or_1f": null, "slope": true, "braille_block": true, "wheelchair_toilet": true}}, {"type": "Feature", "geometry": {"type": "Point", "coordinates": [139.4568849, 35.56465715]}, "properties": {"name": "町田第五小学校", "ward": "町田市", "address": "町田市玉川学園4-14-7", "elevator_or_1f": true, "slope": true, "braille_block": true, "wheelchair_toilet": true}}, {"type": "Feature", "geometry": {"type": "Point", "coordinates": [139.4601792, 35.54936995]}, "properties": {"name": "町田第六小学校", "ward": "町田市", "address": "町田市南大谷1260", "elevator_or_1f": true, "slope": true, "braille_block": true, "wheelchair_toilet": true}}, {"type": "Feature", "geometry": {"type": "Point", "coordinates": [139.4633428, 35.55210973]}, "properties": {"name": "南大谷小学校", "ward": "町田市", "address": "町田市南大谷811-1", "elevator_or_1f": null, "slope": true, "braille_block": true, "wheelchair_toilet": true}}, {"type": "Feature", "geometry": {"type": "Point", "coordinates": [139.4551256, 35.54923383]}, "properties": {"name": "町田第二中学校", "ward": "町田市", "address": "町田市南大谷1327", "elevator_or_1f": true, "slope": true, "braille_block": true, "wheelchair_toilet": true}}, {"type": "Feature", "geometry": {"type": "Point", "coordinates": [139.4631779, 35.55131981]}, "properties": {"name": "南大谷中学校", "ward": "町田市", "address": "町田市南大谷985-1", "elevator_or_1f": null, "slope": true, "braille_block": true, "wheelchair_toilet": true}}, {"type": "Feature", "geometry": {"type": "Point", "coordinates": [139.4678306, 35.52201923]}, "properties": {"name": "南第一小学校", "ward": "町田市", "address": "町田市南町田1-10-1", "elevator_or_1f": true, "slope": true, "braille_block": true, "wheelchair_toilet": true}}, {"type": "Feature", "geometry": {"type": "Point", "coordinates": [139.4692012, 35.50533914]}, "properties": {"name": "鶴間小学校", "ward": "町田市", "address": "町田市鶴間4-17-1", "elevator_or_1f": true, "slope": true, "braille_block": true, "wheelchair_toilet": true}}, {"type": "Feature", "geometry": {"type": "Point", "coordinates": [139.4695671, 35.53242711]}, "properties": {"name": "都立小川高校", "ward": "町田市", "address": "町田市小川2-1002-1", "elevator_or_1f": true, "slope": null, "braille_block": null, "wheelchair_toilet": null}}, {"type": "Feature", "geometry": {"type": "Point", "coordinates": [139.4709732, 35.52707175]}, "properties": {"name": "小川小学校", "ward": "町田市", "address": "町田市小川3-10-1", "elevator_or_1f": null, "slope": true, "braille_block": true, "wheelchair_toilet": true}}, {"type": "Feature", "geometry": {"type": "Point", "coordinates": [139.4574409, 35.5367693]}, "properties": {"name": "南第三小学校", "ward": "町田市", "address": "町田市金森東1-2-1", "elevator_or_1f": true, "slope": true, "braille_block": true, "wheelchair_toilet": true}}, {"type": "Feature", "geometry": {"type": "Point", "coordinates": [139.466414, 35.532959]}, "properties": {"name": "南第四小学校", "ward": "町田市", "address": "町田市金森東3-21-1", "elevator_or_1f": true, "slope": true, "braille_block": true, "wheelchair_toilet": true}}, {"type": "Feature", "geometry": {"type": "Point", "coordinates": [139.4624589, 35.52703152]}, "properties": {"name": "南中学校", "ward": "町田市", "address": "町田市金森3-27-1", "elevator_or_1f": true, "slope": true, "braille_block": true, "wheelchair_toilet": true}}, {"type": "Feature", "geometry": {"type": "Point", "coordinates": [139.4756492, 35.51576714]}, "properties": {"name": "南つくし野小学校", "ward": "町田市", "address": "町田市南つくし野2-4-8", "elevator_or_1f": true, "slope": true, "braille_block": true, "wheelchair_toilet": true}}, {"type": "Feature", "geometry": {"type": "Point", "coordinates": [139.47702705, 35.51858138]}, "properties": {"name": "つくし野中学校", "ward": "町田市", "address": "町田市南つくし野2-14-2", "elevator_or_1f": true, "slope": true, "braille_block": true, "wheelchair_toilet": true}}, {"type": "Feature", "geometry": {"type": "Point", "coordinates": [139.4820643, 35.52572119]}, "properties": {"name": "つくし野小学校", "ward": "町田市", "address": "町田市つくし野2-21-11", "elevator_or_1f": true, "slope": true, "braille_block": true, "wheelchair_toilet": true}}, {"type": "Feature", "geometry": {"type": "Point", "coordinates": [139.4782391, 35.53945155]}, "properties": {"name": "南第二小学校", "ward": "町田市", "address": "町田市成瀬7-11-1", "elevator_or_1f": true, "slope": true, "braille_block": true, "wheelchair_toilet": true}}, {"type": "Feature", "geometry": {"type": "Point", "coordinates": [139.475061, 35.542289]}, "properties": {"name": "都立成瀬高校", "ward": "町田市", "address": "町田市成瀬7-4-1", "elevator_or_1f": true, "slope": null, "braille_block": null, "wheelchair_toilet": true}}, {"type": "Feature", "geometry": {"type": "Point", "coordinates": [139.4703397, 35.54001327]}, "properties": {"name": "南成瀬小学校", "ward": "町田市", "address": "町田市南成瀬3-6", "elevator_or_1f": null, "slope": true, "braille_block": true, "wheelchair_toilet": true}}, {"type": "Feature", "geometry": {"type": "Point", "coordinates": [139.482026, 35.53352731]}, "properties": {"name": "南成瀬中学校", "ward": "町田市", "address": "町田市南成瀬7-7-1", "elevator_or_1f": null, "slope": true, "braille_block": true, "wheelchair_toilet": true}}, {"type": "Feature", "geometry": {"type": "Point", "coordinates": [139.4622383, 35.54132091]}, "properties": {"name": "高ヶ坂小学校", "ward": "町田市", "address": "町田市高ヶ坂6-7-1", "elevator_or_1f": true, "slope": true, "braille_block": true, "wheelchair_toilet": true}}, {"type": "Feature", "geometry": {"type": "Point", "coordinates": [139.4767939, 35.54692267]}, "properties": {"name": "成瀬中央小学校", "ward": "町田市", "address": "町田市成瀬2-8", "elevator_or_1f": true, "slope": true, "braille_block": true, "wheelchair_toilet": true}}, {"type": "Feature", "geometry": {"type": "Point", "coordinates": [139.4776527, 35.55053929]}, "properties": {"name": "成瀬台小学校", "ward": "町田市", "address": "町田市成瀬台2-5-2", "elevator_or_1f": null, "slope": true, "braille_block": true, "wheelchair_toilet": true}}, {"type": "Feature", "geometry": {"type": "Point", "coordinates": [139.4769617, 35.55057926]}, "properties": {"name": "成瀬台中学校", "ward": "町田市", "address": "町田市成瀬台2-5-1", "elevator_or_1f": true, "slope": true, "braille_block": true, "wheelchair_toilet": true}}, {"type": "Feature", "geometry": {"type": "Point", "coordinates": [139.4629792, 35.59299712]}, "properties": {"name": "鶴川第四小学校", "ward": "町田市", "address": "町田市鶴川3-22", "elevator_or_1f": null, "slope": true, "braille_block": true, "wheelchair_toilet": true}}, {"type": "Feature", "geometry": {"type": "Point", "coordinates": [139.4646319, 35.5976241]}, "properties": {"name": "真光寺中学校", "ward": "町田市", "address": "町田市真光寺3-8-1", "elevator_or_1f": null, "slope": true, "braille_block": true, "wheelchair_toilet": true}}, {"type": "Feature", "geometry": {"type": "Point", "coordinates": [139.4750343, 35.58995479]}, "properties": {"name": "鶴川第二中学校", "ward": "町田市", "address": "町田市鶴川6-4", "elevator_or_1f": null, "slope": true, "braille_block": true, "wheelchair_toilet": true}}, {"type": "Feature", "geometry": {"type": "Point", "coordinates": [139.4735184, 35.59054468]}, "properties": {"name": "鶴川第三小学校", "ward": "町田市", "address": "町田市鶴川6-5", "elevator_or_1f": null, "slope": true, "braille_block": true, "wheelchair_toilet": true}}, {"type": "Feature", "geometry": {"type": "Point", "coordinates": [139.451652, 35.57287108]}, "properties": {"name": "藤の台小学校", "ward": "町田市", "address": "町田市藤の台3-1-1", "elevator_or_1f": null, "slope": true, "braille_block": true, "wheelchair_toilet": true}}, {"type": "Feature", "geometry": {"type": "Point", "coordinates": [139.449691, 35.5757987]}, "properties": {"name": "薬師中学校", "ward": "町田市", "address": "町田市金井1-20-1", "elevator_or_1f": null, "slope": true, "braille_block": true, "wheelchair_toilet": true}}, {"type": "Feature", "geometry": {"type": "Point", "coordinates": [139.4583115, 35.57006658]}, "properties": {"name": "金井小学校", "ward": "町田市", "address": "町田市金井ヶ丘1-30-1", "elevator_or_1f": true, "slope": true, "braille_block": true, "wheelchair_toilet": true}}, {"type": "Feature", "geometry": {"type": "Point", "coordinates": [139.4577268, 35.59064125]}, "properties": {"name": "鶴川第一小学校", "ward": "町田市", "address": "町田市野津田町1290", "elevator_or_1f": true, "slope": true, "braille_block": true, "wheelchair_toilet": true}}, {"type": "Feature", "geometry": {"type": "Point", "coordinates": [139.437629, 35.58961]}, "properties": {"name": "都立野津田高校", "ward": "町田市", "address": "町田市野津田町2001", "elevator_or_1f": true, "slope": null, "braille_block": null, "wheelchair_toilet": null}}, {"type": "Feature", "geometry": {"type": "Point", "coordinates": [139.438623, 35.591909]}, "properties": {"name": "市立陸上競技場", "ward": "町田市", "address": "町田市野津田町2035", "elevator_or_1f": null, "slope": null, "braille_block": null, "wheelchair_toilet": null}}, {"type": "Feature", "geometry": {"type": "Point", "coordinates": [139.4540799, 35.59384479]}, "properties": {"name": "鶴川中学校", "ward": "町田市", "address": "町田市小野路町1905-1", "elevator_or_1f": true, "slope": true, "braille_block": true, "wheelchair_toilet": true}}, {"type": "Feature", "geometry": {"type": "Point", "coordinates": [139.468074, 35.58717791]}, "properties": {"name": "大蔵小学校", "ward": "町田市", "address": "町田市大蔵町286", "elevator_or_1f": true, "slope": true, "braille_block": true, "wheelchair_toilet": true}}, {"type": "Feature", "geometry": {"type": "Point", "coordinates": [139.4812827, 35.59174575]}, "properties": {"name": "鶴川第二小学校", "ward": "町田市", "address": "町田市能ヶ谷7-24-1", "elevator_or_1f": true, "slope": true, "braille_block": true, "wheelchair_toilet": true}}, {"type": "Feature", "geometry": {"type": "Point", "coordinates": [139.49637, 35.57775672]}, "properties": {"name": "三輪小学校", "ward": "町田市", "address": "町田市三輪町330-1", "elevator_or_1f": true, "slope": true, "braille_block": true, "wheelchair_toilet": true}}, {"type": "Feature", "geometry": {"type": "Point", "coordinates": [139.4624499, 35.57643297]}, "properties": {"name": "金井中学校", "ward": "町田市", "address": "町田市金井6-15-1", "elevator_or_1f": true, "slope": true, "braille_block": true, "wheelchair_toilet": true}}, {"type": "Feature", "geometry": {"type": "Point", "coordinates": [139.425339, 35.563357]}, "properties": {"name": "忠生第三小学校", "ward": "町田市", "address": "町田市木曽東3-11-3", "elevator_or_1f": true, "slope": true, "braille_block": true, "wheelchair_toilet": true}}, {"type": "Feature", "geometry": {"type": "Point", "coordinates": [139.4241112, 35.5596683]}, "properties": {"name": "教育センター", "ward": "町田市", "address": "町田市木曽東3-1-3", "elevator_or_1f": null, "slope": null, "braille_block": null, "wheelchair_toilet": null}}, {"type": "Feature", "geometry": {"type": "Point", "coordinates": [139.4154729, 35.5653954]}, "properties": {"name": "木曽境川小学校", "ward": "町田市", "address": "町田市木曽西1-9-1", "elevator_or_1f": true, "slope": true, "braille_block": true, "wheelchair_toilet": true}}, {"type": "Feature", "geometry": {"type": "Point", "coordinates": [139.416787, 35.570356]}, "properties": {"name": "都立町田総合高校", "ward": "町田市", "address": "町田市木曽西3-5-1", "elevator_or_1f": null, "slope": true, "braille_block": null, "wheelchair_toilet": null}}, {"type": "Feature", "geometry": {"type": "Point", "coordinates": [139.413359, 35.568664]}, "properties": {"name": "木曽中学校", "ward": "町田市", "address": "町田市木曽西2-4-9", "elevator_or_1f": true, "slope": true, "braille_block": true, "wheelchair_toilet": true}}, {"type": "Feature", "geometry": {"type": "Point", "coordinates": [139.43531525, 35.57627425]}, "properties": {"name": "七国山小学校", "ward": "町田市", "address": "町田市山崎町1314-2", "elevator_or_1f": true, "slope": true, "braille_block": true, "wheelchair_toilet": true}}, {"type": "Feature", "geometry": {"type": "Point", "coordinates": [139.4324274, 35.57761204]}, "properties": {"name": "山崎中学校", "ward": "町田市", "address": "町田市山崎町1445", "elevator_or_1f": true, "slope": true, "braille_block": true, "wheelchair_toilet": true}}, {"type": "Feature", "geometry": {"type": "Point", "coordinates": [139.4333794, 35.57690715]}, "properties": {"name": "都立山崎高校", "ward": "町田市", "address": "町田市山崎町1453-1", "elevator_or_1f": true, "slope": null, "braille_block": null, "wheelchair_toilet": null}}, {"type": "Feature", "geometry": {"type": "Point", "coordinates": [139.4173836, 35.57918746]}, "properties": {"name": "忠生小学校", "ward": "町田市", "address": "町田市忠生3-10-2", "elevator_or_1f": true, "slope": true, "braille_block": true, "wheelchair_toilet": true}}, {"type": "Feature", "geometry": {"type": "Point", "coordinates": [139.4252051, 35.57605502]}, "properties": {"name": "山崎小学校", "ward": "町田市", "address": "町田市忠生2-15-26", "elevator_or_1f": true, "slope": true, "braille_block": true, "wheelchair_toilet": true}}, {"type": "Feature", "geometry": {"type": "Point", "coordinates": [139.4156269, 35.57782557]}, "properties": {"name": "忠生中学校", "ward": "町田市", "address": "町田市忠生3-14-1", "elevator_or_1f": true, "slope": true, "braille_block": true, "wheelchair_toilet": true}}, {"type": "Feature", "geometry": {"type": "Point", "coordinates": [139.4059409, 35.59764208]}, "properties": {"name": "小山田小学校", "ward": "町田市", "address": "町田市上小山田町614", "elevator_or_1f": true, "slope": true, "braille_block": true, "wheelchair_toilet": true}}, {"type": "Feature", "geometry": {"type": "Point", "coordinates": [139.4007417, 35.58875395]}, "properties": {"name": "小山田南小学校", "ward": "町田市", "address": "町田市小山田桜台2-7", "elevator_or_1f": true, "slope": true, "braille_block": true, "wheelchair_toilet": true}}, {"type": "Feature", "geometry": {"type": "Point", "coordinates": [139.4040424, 35.58770715]}, "properties": {"name": "小山田中学校", "ward": "町田市", "address": "町田市小山田桜台1-12", "elevator_or_1f": true, "slope": true, "braille_block": true, "wheelchair_toilet": true}}, {"type": "Feature", "geometry": {"type": "Point", "coordinates": [139.421472, 35.575491]}, "properties": {"name": "都立町田工業高校", "ward": "町田市", "address": "町田市忠生1-20-2", "elevator_or_1f": true, "slope": null, "braille_block": null, "wheelchair_toilet": null}}, {"type": "Feature", "geometry": {"type": "Point", "coordinates": [139.4168425, 35.58436687]}, "properties": {"name": "図師小学校", "ward": "町田市", "address": "町田市図師町239-19", "elevator_or_1f": true, "slope": true, "braille_block": true, "wheelchair_toilet": true}}, {"type": "Feature", "geometry": {"type": "Point", "coordinates": [139.3776045, 35.59239592]}, "properties": {"name": "小山小学校", "ward": "町田市", "address": "町田市小山町944", "elevator_or_1f": true, "slope": true, "braille_block": true, "wheelchair_toilet": true}}, {"type": "Feature", "geometry": {"type": "Point", "coordinates": [139.3367425, 35.60482444]}, "properties": {"name": "堺中学校", "ward": "町田市", "address": "町田市相原町752", "elevator_or_1f": true, "slope": true, "braille_block": true, "wheelchair_toilet": true}}, {"type": "Feature", "geometry": {"type": "Point", "coordinates": [139.3236155, 35.60676487]}, "properties": {"name": "相原小学校", "ward": "町田市", "address": "町田市相原町1673", "elevator_or_1f": true, "slope": true, "braille_block": true, "wheelchair_toilet": true}}, {"type": "Feature", "geometry": {"type": "Point", "coordinates": [139.3033241, 35.60949903]}, "properties": {"name": "ゆくのき学園（大戸小学校）", "ward": "町田市", "address": "町田市相原町3765-3", "elevator_or_1f": true, "slope": true, "braille_block": true, "wheelchair_toilet": true}}, {"type": "Feature", "geometry": {"type": "Point", "coordinates": [139.304963, 35.6092711]}, "properties": {"name": "ゆくのき学園（武蔵岡中学校）", "ward": "町田市", "address": "町田市相原町3865", "elevator_or_1f": true, "slope": true, "braille_block": true, "wheelchair_toilet": true}}, {"type": "Feature", "geometry": {"type": "Point", "coordinates": [139.373273, 35.602093]}, "properties": {"name": "小山中央小学校", "ward": "町田市", "address": "町田市小山ヶ丘3-7-1", "elevator_or_1f": true, "slope": true, "braille_block": true, "wheelchair_toilet": true}}, {"type": "Feature", "geometry": {"type": "Point", "coordinates": [139.354304, 35.60496689]}, "properties": {"name": "小山ヶ丘小学校", "ward": "町田市", "address": "町田市小山ヶ丘5-37", "elevator_or_1f": true, "slope": true, "braille_block": true, "wheelchair_toilet": true}}, {"type": "Feature", "geometry": {"type": "Point", "coordinates": [139.385958, 35.595255]}, "properties": {"name": "小山中学校", "ward": "町田市", "address": "町田市小山ヶ丘1-2-4", "elevator_or_1f": true, "slope": true, "braille_block": true, "wheelchair_toilet": true}}, {"type": "Feature", "geometry": {"type": "Point", "coordinates": [139.444412, 35.557625]}, "properties": {"name": "サン町田旭体育館", "ward": "町田市", "address": "町田市旭町3-20-60", "elevator_or_1f": null, "slope": null, "braille_block": null, "wheelchair_toilet": null}}, {"type": "Feature", "geometry": {"type": "Point", "coordinates": [139.469358, 35.509991]}, "properties": {"name": "南町田グランベリーパーク　パークライフ棟", "ward": "町田市", "address": "町田市鶴間3-1-1", "elevator_or_1f": true, "slope": null, "braille_block": true, "wheelchair_toilet": null}}, {"type": "Feature", "geometry": {"type": "Point", "coordinates": [139.510307, 35.69836853]}, "properties": {"name": "市立小金井第一小学校", "ward": "小金井市", "address": "小金井市本町1-1-6", "elevator_or_1f": true, "slope": null, "braille_block": null, "wheelchair_toilet": null}}, {"type": "Feature", "geometry": {"type": "Point", "coordinates": [139.5058309, 35.71044105]}, "properties": {"name": "市立小金井第二小学校", "ward": "小金井市", "address": "小金井市桜町2-3-58", "elevator_or_1f": true, "slope": null, "braille_block": null, "wheelchair_toilet": null}}, {"type": "Feature", "geometry": {"type": "Point", "coordinates": [139.523017, 35.704626]}, "properties": {"name": "市立小金井第三小学校", "ward": "小金井市", "address": "小金井市梶野町5-7-1", "elevator_or_1f": true, "slope": null, "braille_block": null, "wheelchair_toilet": null}}, {"type": "Feature", "geometry": {"type": "Point", "coordinates": [139.4942273, 35.69983993]}, "properties": {"name": "市立小金井第四小学校", "ward": "小金井市", "address": "小金井市貫井南町3-9-1", "elevator_or_1f": true, "slope": null, "braille_block": null, "wheelchair_toilet": null}}, {"type": "Feature", "geometry": {"type": "Point", "coordinates": [139.5270686, 35.69849896]}, "properties": {"name": "市立東小学校", "ward": "小金井市", "address": "小金井市東町4-25-6", "elevator_or_1f": true, "slope": null, "braille_block": null, "wheelchair_toilet": null}}, {"type": "Feature", "geometry": {"type": "Point", "coordinates": [139.5019359, 35.69417278]}, "properties": {"name": "市立前原小学校", "ward": "小金井市", "address": "小金井市前原町3-4-22", "elevator_or_1f": true, "slope": null, "braille_block": true, "wheelchair_toilet": null}}, {"type": "Feature", "geometry": {"type": "Point", "coordinates": [139.5009985, 35.70434161]}, "properties": {"name": "市立本町小学校", "ward": "小金井市", "address": "小金井市本町5-29-21", "elevator_or_1f": null, "slope": null, "braille_block": null, "wheelchair_toilet": null}}, {"type": "Feature", "geometry": {"type": "Point", "coordinates": [139.516394, 35.70917247]}, "properties": {"name": "市立緑小学校", "ward": "小金井市", "address": "小金井市緑町4-15-39", "elevator_or_1f": null, "slope": null, "braille_block": null, "wheelchair_toilet": null}}, {"type": "Feature", "geometry": {"type": "Point", "coordinates": [139.513437, 35.69162237]}, "properties": {"name": "市立南小学校", "ward": "小金井市", "address": "小金井市前原町2-2-1", "elevator_or_1f": true, "slope": null, "braille_block": null, "wheelchair_toilet": null}}, {"type": "Feature", "geometry": {"type": "Point", "coordinates": [139.5038541, 35.71046299]}, "properties": {"name": "市立小金井第一中学校", "ward": "小金井市", "address": "小金井市桜町2-3-15", "elevator_or_1f": true, "slope": null, "braille_block": null, "wheelchair_toilet": null}}, {"type": "Feature", "geometry": {"type": "Point", "coordinates": [139.5109491, 35.6952189]}, "properties": {"name": "市立小金井第二中学校", "ward": "小金井市", "address": "小金井市中町1-8-25", "elevator_or_1f": true, "slope": null, "braille_block": null, "wheelchair_toilet": null}}, {"type": "Feature", "geometry": {"type": "Point", "coordinates": [139.525421, 35.69053281]}, "properties": {"name": "市立東中学校", "ward": "小金井市", "address": "小金井市東町1-5-33", "elevator_or_1f": true, "slope": null, "braille_block": null, "wheelchair_toilet": null}}, {"type": "Feature", "geometry": {"type": "Point", "coordinates": [139.5193128, 35.70864361]}, "properties": {"name": "市立緑中学校", "ward": "小金井市", "address": "小金井市緑町2-11-47", "elevator_or_1f": true, "slope": null, "braille_block": null, "wheelchair_toilet": null}}, {"type": "Feature", "geometry": {"type": "Point", "coordinates": [139.4997562, 35.69058312]}, "properties": {"name": "市立南中学校", "ward": "小金井市", "address": "小金井市貫井南町1-26-1", "elevator_or_1f": true, "slope": null, "braille_block": null, "wheelchair_toilet": null}}, {"type": "Feature", "geometry": {"type": "Point", "coordinates": [139.523727, 35.694927]}, "properties": {"name": "友愛会館", "ward": "小金井市", "address": "小金井市東町4-10-2", "elevator_or_1f": null, "slope": null, "braille_block": true, "wheelchair_toilet": null}}, {"type": "Feature", "geometry": {"type": "Point", "coordinates": [139.495438, 35.699074]}, "properties": {"name": "三楽集会所", "ward": "小金井市", "address": "小金井市貫井南町3-6-18", "elevator_or_1f": true, "slope": null, "braille_block": true, "wheelchair_toilet": null}}, {"type": "Feature", "geometry": {"type": "Point", "coordinates": [139.4628058, 35.72929678]}, "properties": {"name": "小平第一小学校", "ward": "小平市", "address": "小平市小川町1-1082", "elevator_or_1f": true, "slope": true, "braille_block": null, "wheelchair_toilet": true}}, {"type": "Feature", "geometry": {"type": "Point", "coordinates": [139.4911754, 35.72821565]}, "properties": {"name": "小平第二小学校", "ward": "小平市", "address": "小平市仲町310", "elevator_or_1f": true, "slope": true, "braille_block": null, "wheelchair_toilet": true}}, {"type": "Feature", "geometry": {"type": "Point", "coordinates": [139.4923798, 35.71542213]}, "properties": {"name": "小平第三小学校", "ward": "小平市", "address": "小平市回田町118", "elevator_or_1f": true, "slope": true, "braille_block": null, "wheelchair_toilet": true}}, {"type": "Feature", "geometry": {"type": "Point", "coordinates": [139.4718234, 35.71985808]}, "properties": {"name": "小平第四小学校", "ward": "小平市", "address": "小平市学園西町1-34-1", "elevator_or_1f": true, "slope": true, "braille_block": null, "wheelchair_toilet": true}}, {"type": "Feature", "geometry": {"type": "Point", "coordinates": [139.5104178, 35.72836715]}, "properties": {"name": "小平第五小学校", "ward": "小平市", "address": "小平市花小金井6-24-1", "elevator_or_1f": true, "slope": true, "braille_block": null, "wheelchair_toilet": true}}, {"type": "Feature", "geometry": {"type": "Point", "coordinates": [139.4661873, 35.73509221]}, "properties": {"name": "小平第六小学校", "ward": "小平市", "address": "小平市小川東町3-1-2", "elevator_or_1f": true, "slope": true, "braille_block": null, "wheelchair_toilet": true}}, {"type": "Feature", "geometry": {"type": "Point", "coordinates": [139.495682, 35.735222]}, "properties": {"name": "小平第七小学校", "ward": "小平市", "address": "小平市大沼町1-22-1", "elevator_or_1f": true, "slope": true, "braille_block": null, "wheelchair_toilet": true}}, {"type": "Feature", "geometry": {"type": "Point", "coordinates": [139.5018068, 35.72011185]}, "properties": {"name": "小平第八小学校", "ward": "小平市", "address": "小平市鈴木町1-355", "elevator_or_1f": true, "slope": true, "braille_block": null, "wheelchair_toilet": null}}, {"type": "Feature", "geometry": {"type": "Point", "coordinates": [139.4945053, 35.7241802]}, "properties": {"name": "小平第九小学校", "ward": "小平市", "address": "小平市鈴木町1-82", "elevator_or_1f": true, "slope": true, "braille_block": null, "wheelchair_toilet": true}}, {"type": "Feature", "geometry": {"type": "Point", "coordinates": [139.4734624, 35.71686146]}, "properties": {"name": "小平第十小学校", "ward": "小平市", "address": "小平市上水本町4-4-1", "elevator_or_1f": true, "slope": true, "braille_block": null, "wheelchair_toilet": true}}, {"type": "Feature", "geometry": {"type": "Point", "coordinates": [139.5097694, 35.73794206]}, "properties": {"name": "小平第十一小学校", "ward": "小平市", "address": "小平市花小金井4-16-1", "elevator_or_1f": true, "slope": true, "braille_block": null, "wheelchair_toilet": true}}, {"type": "Feature", "geometry": {"type": "Point", "coordinates": [139.4432445, 35.72896229]}, "properties": {"name": "小平第十二小学校", "ward": "小平市", "address": "小平市小川町1-464", "elevator_or_1f": true, "slope": true, "braille_block": null, "wheelchair_toilet": true}}, {"type": "Feature", "geometry": {"type": "Point", "coordinates": [139.4537443, 35.73614676]}, "properties": {"name": "小平第十三小学校", "ward": "小平市", "address": "小平市小川西町1-22-1", "elevator_or_1f": true, "slope": true, "braille_block": null, "wheelchair_toilet": null}}, {"type": "Feature", "geometry": {"type": "Point", "coordinates": [139.481357, 35.73408573]}, "properties": {"name": "小平第十四小学校", "ward": "小平市", "address": "小平市仲町33", "elevator_or_1f": true, "slope": true, "braille_block": null, "wheelchair_toilet": true}}, {"type": "Feature", "geometry": {"type": "Point", "coordinates": [139.4669255, 35.7265502]}, "properties": {"name": "小平第十五小学校", "ward": "小平市", "address": "小平市小川町2-1136", "elevator_or_1f": true, "slope": true, "braille_block": null, "wheelchair_toilet": true}}, {"type": "Feature", "geometry": {"type": "Point", "coordinates": [139.5183362, 35.7262836]}, "properties": {"name": "花小金井小学校", "ward": "小平市", "address": "小平市花小金井1-35-1", "elevator_or_1f": true, "slope": true, "braille_block": null, "wheelchair_toilet": true}}, {"type": "Feature", "geometry": {"type": "Point", "coordinates": [139.4976782, 35.71916885]}, "properties": {"name": "鈴木小学校", "ward": "小平市", "address": "小平市鈴木町1-450", "elevator_or_1f": true, "slope": true, "braille_block": null, "wheelchair_toilet": true}}, {"type": "Feature", "geometry": {"type": "Point", "coordinates": [139.4847811, 35.72560078]}, "properties": {"name": "学園東小学校", "ward": "小平市", "address": "小平市学園東町2-15-1", "elevator_or_1f": true, "slope": true, "braille_block": null, "wheelchair_toilet": true}}, {"type": "Feature", "geometry": {"type": "Point", "coordinates": [139.4414835, 35.73151496]}, "properties": {"name": "上宿小学校", "ward": "小平市", "address": "小平市小川町1-327", "elevator_or_1f": true, "slope": true, "braille_block": null, "wheelchair_toilet": true}}, {"type": "Feature", "geometry": {"type": "Point", "coordinates": [139.4856018, 35.72964734]}, "properties": {"name": "小平第一中学校", "ward": "小平市", "address": "小平市仲町506", "elevator_or_1f": true, "slope": true, "braille_block": null, "wheelchair_toilet": true}}, {"type": "Feature", "geometry": {"type": "Point", "coordinates": [139.4643814, 35.73616904]}, "properties": {"name": "小平第二中学校", "ward": "小平市", "address": "小平市小川東町1-17-1", "elevator_or_1f": true, "slope": true, "braille_block": null, "wheelchair_toilet": true}}, {"type": "Feature", "geometry": {"type": "Point", "coordinates": [139.5018836, 35.72649513]}, "properties": {"name": "小平第三中学校", "ward": "小平市", "address": "小平市鈴木町1-311", "elevator_or_1f": true, "slope": true, "braille_block": null, "wheelchair_toilet": true}}, {"type": "Feature", "geometry": {"type": "Point", "coordinates": [139.4783039, 35.71832243]}, "properties": {"name": "小平第四中学校", "ward": "小平市", "address": "小平市学園西町1-3-1", "elevator_or_1f": true, "slope": true, "braille_block": null, "wheelchair_toilet": true}}, {"type": "Feature", "geometry": {"type": "Point", "coordinates": [139.4514889, 35.72676176]}, "properties": {"name": "小平第五中学校", "ward": "小平市", "address": "小平市小川町1-798", "elevator_or_1f": true, "slope": true, "braille_block": null, "wheelchair_toilet": true}}, {"type": "Feature", "geometry": {"type": "Point", "coordinates": [139.500815, 35.733483]}, "properties": {"name": "小平第六中学校", "ward": "小平市", "address": "小平市大沼町6-4-1", "elevator_or_1f": true, "slope": true, "braille_block": null, "wheelchair_toilet": true}}, {"type": "Feature", "geometry": {"type": "Point", "coordinates": [139.4814688, 35.71449594]}, "properties": {"name": "上水中学校", "ward": "小平市", "address": "小平市上水南町1-7-1", "elevator_or_1f": true, "slope": true, "braille_block": null, "wheelchair_toilet": true}}, {"type": "Feature", "geometry": {"type": "Point", "coordinates": [139.5116409, 35.72160695]}, "properties": {"name": "花小金井南中学校", "ward": "小平市", "address": "小平市花小金井南町1-9-1", "elevator_or_1f": true, "slope": true, "braille_block": null, "wheelchair_toilet": true}}, {"type": "Feature", "geometry": {"type": "Point", "coordinates": [139.4739124, 35.74030383]}, "properties": {"name": "小平元気村おがわ東", "ward": "小平市", "address": "小平市小川東町4-2-1", "elevator_or_1f": true, "slope": true, "braille_block": null, "wheelchair_toilet": true}}, {"type": "Feature", "geometry": {"type": "Point", "coordinates": [139.4625891, 35.72257053]}, "properties": {"name": "市民総合体育館", "ward": "小平市", "address": "小平市津田町1-1-1", "elevator_or_1f": true, "slope": true, "braille_block": true, "wheelchair_toilet": true}}, {"type": "Feature", "geometry": {"type": "Point", "coordinates": [139.4592682, 35.72598605]}, "properties": {"name": "小川公民館", "ward": "小平市", "address": "小平市小川町1-1012", "elevator_or_1f": true, "slope": true, "braille_block": true, "wheelchair_toilet": true}}, {"type": "Feature", "geometry": {"type": "Point", "coordinates": [139.5101167, 35.734336]}, "properties": {"name": "花小金井北公民館", "ward": "小平市", "address": "小平市花小金井5-41-3", "elevator_or_1f": null, "slope": true, "braille_block": true, "wheelchair_toilet": true}}, {"type": "Feature", "geometry": {"type": "Point", "coordinates": [139.4437273, 35.73151702]}, "properties": {"name": "上宿公民館", "ward": "小平市", "address": "小平市小川町1-308", "elevator_or_1f": true, "slope": true, "braille_block": true, "wheelchair_toilet": true}}, {"type": "Feature", "geometry": {"type": "Point", "coordinates": [139.4836937, 35.71307216]}, "properties": {"name": "上水南公民館", "ward": "小平市", "address": "小平市上水南町1-27-1", "elevator_or_1f": true, "slope": true, "braille_block": true, "wheelchair_toilet": true}}, {"type": "Feature", "geometry": {"type": "Point", "coordinates": [139.4617726, 35.73511209]}, "properties": {"name": "小川西町公民館", "ward": "小平市", "address": "小平市小川西町4-10-13", "elevator_or_1f": true, "slope": true, "braille_block": true, "wheelchair_toilet": true}}, {"type": "Feature", "geometry": {"type": "Point", "coordinates": [139.5161225, 35.72433676]}, "properties": {"name": "花小金井南公民館", "ward": "小平市", "address": "小平市花小金井南町2-12-6", "elevator_or_1f": true, "slope": true, "braille_block": true, "wheelchair_toilet": true}}, {"type": "Feature", "geometry": {"type": "Point", "coordinates": [139.484886, 35.7309]}, "properties": {"name": "仲町公民館", "ward": "小平市", "address": "小平市仲町145", "elevator_or_1f": true, "slope": true, "braille_block": true, "wheelchair_toilet": true}}, {"type": "Feature", "geometry": {"type": "Point", "coordinates": [139.4700365, 35.72073993]}, "properties": {"name": "津田公民館", "ward": "小平市", "address": "小平市津田町3-11-1", "elevator_or_1f": true, "slope": true, "braille_block": true, "wheelchair_toilet": true}}, {"type": "Feature", "geometry": {"type": "Point", "coordinates": [139.497115, 35.735494]}, "properties": {"name": "大沼公民館", "ward": "小平市", "address": "小平市大沼7-1-17", "elevator_or_1f": true, "slope": true, "braille_block": true, "wheelchair_toilet": true}}, {"type": "Feature", "geometry": {"type": "Point", "coordinates": [139.507419, 35.721919]}, "properties": {"name": "鈴木公民館", "ward": "小平市", "address": "小平市鈴木町2-772", "elevator_or_1f": true, "slope": true, "braille_block": true, "wheelchair_toilet": true}}, {"type": "Feature", "geometry": {"type": "Point", "coordinates": [139.400592, 35.680178]}, "properties": {"name": "日野第一中学校", "ward": "日野市", "address": "日野市日野本町7-7-7", "elevator_or_1f": true, "slope": null, "braille_block": null, "wheelchair_toilet": true}}, {"type": "Feature", "geometry": {"type": "Point", "coordinates": [139.39845, 35.677118]}, "properties": {"name": "日野第一小学校", "ward": "日野市", "address": "日野市日野本町2-14-1", "elevator_or_1f": null, "slope": null, "braille_block": null, "wheelchair_toilet": true}}, {"type": "Feature", "geometry": {"type": "Point", "coordinates": [139.4173658, 35.67685047]}, "properties": {"name": "日野第四小学校", "ward": "日野市", "address": "日野市石田430", "elevator_or_1f": true, "slope": null, "braille_block": null, "wheelchair_toilet": true}}, {"type": "Feature", "geometry": {"type": "Point", "coordinates": [139.4019348, 35.68259042]}, "properties": {"name": "仲田小学校", "ward": "日野市", "address": "日野市日野本町6-1-74", "elevator_or_1f": true, "slope": null, "braille_block": null, "wheelchair_toilet": true}}, {"type": "Feature", "geometry": {"type": "Point", "coordinates": [139.402856, 35.681299]}, "properties": {"name": "市民の森ふれあいホール", "ward": "日野市", "address": "日野市日野本町6-1-3", "elevator_or_1f": true, "slope": true, "braille_block": true, "wheelchair_toilet": true}}, {"type": "Feature", "geometry": {"type": "Point", "coordinates": [139.379567, 35.66528]}, "properties": {"name": "日野第二中学校", "ward": "日野市", "address": "日野市多摩平4-5-2", "elevator_or_1f": true, "slope": null, "braille_block": null, "wheelchair_toilet": true}}, {"type": "Feature", "geometry": {"type": "Point", "coordinates": [139.389891, 35.660905]}, "properties": {"name": "豊田小学校", "ward": "日野市", "address": "日野市東豊田2-14-1", "elevator_or_1f": true, "slope": null, "braille_block": null, "wheelchair_toilet": true}}, {"type": "Feature", "geometry": {"type": "Point", "coordinates": [139.382762, 35.6702213]}, "properties": {"name": "日野第五小学校", "ward": "日野市", "address": "日野市多摩平6-21-1", "elevator_or_1f": true, "slope": null, "braille_block": null, "wheelchair_toilet": true}}, {"type": "Feature", "geometry": {"type": "Point", "coordinates": [139.3935445, 35.65906784]}, "properties": {"name": "七生中学校", "ward": "日野市", "address": "日野市南平6-7-1", "elevator_or_1f": true, "slope": null, "braille_block": null, "wheelchair_toilet": true}}, {"type": "Feature", "geometry": {"type": "Point", "coordinates": [139.399009, 35.66044583]}, "properties": {"name": "南平小学校", "ward": "日野市", "address": "日野市南平4-18-1", "elevator_or_1f": null, "slope": null, "braille_block": null, "wheelchair_toilet": true}}, {"type": "Feature", "geometry": {"type": "Point", "coordinates": [139.39792, 35.65957]}, "properties": {"name": "南平体育館", "ward": "日野市", "address": "日野市南平4-23-1", "elevator_or_1f": true, "slope": true, "braille_block": true, "wheelchair_toilet": true}}, {"type": "Feature", "geometry": {"type": "Point", "coordinates": [139.4112454, 35.64918242]}, "properties": {"name": "日野第三中学校", "ward": "日野市", "address": "日野市程久保650", "elevator_or_1f": null, "slope": null, "braille_block": null, "wheelchair_toilet": true}}, {"type": "Feature", "geometry": {"type": "Point", "coordinates": [139.4099743, 35.65284898]}, "properties": {"name": "夢が丘小学校", "ward": "日野市", "address": "日野市程久保1-14-2", "elevator_or_1f": null, "slope": null, "braille_block": null, "wheelchair_toilet": true}}, {"type": "Feature", "geometry": {"type": "Point", "coordinates": [139.3692005, 35.66126195]}, "properties": {"name": "日野第四中学校", "ward": "日野市", "address": "日野市旭が丘2-42", "elevator_or_1f": null, "slope": null, "braille_block": null, "wheelchair_toilet": true}}, {"type": "Feature", "geometry": {"type": "Point", "coordinates": [139.373956, 35.664788]}, "properties": {"name": "日野第六小学校", "ward": "日野市", "address": "日野市多摩平3-21", "elevator_or_1f": null, "slope": null, "braille_block": null, "wheelchair_toilet": true}}, {"type": "Feature", "geometry": {"type": "Point", "coordinates": [139.3601123, 35.65941291]}, "properties": {"name": "旭が丘小学校", "ward": "日野市", "address": "日野市旭が丘5-21-1", "elevator_or_1f": null, "slope": null, "braille_block": null, "wheelchair_toilet": true}}, {"type": "Feature", "geometry": {"type": "Point", "coordinates": [139.3727528, 35.64570679]}, "properties": {"name": "滝合小学校", "ward": "日野市", "address": "日野市西平山2-3-1", "elevator_or_1f": null, "slope": null, "braille_block": null, "wheelchair_toilet": true}}, {"type": "Feature", "geometry": {"type": "Point", "coordinates": [139.4235259, 35.65988955]}, "properties": {"name": "三沢中学校", "ward": "日野市", "address": "日野市三沢1-17-4", "elevator_or_1f": true, "slope": null, "braille_block": null, "wheelchair_toilet": true}}, {"type": "Feature", "geometry": {"type": "Point", "coordinates": [139.4135966, 35.66454676]}, "properties": {"name": "潤徳小学校", "ward": "日野市", "address": "日野市高幡402", "elevator_or_1f": null, "slope": null, "braille_block": null, "wheelchair_toilet": true}}, {"type": "Feature", "geometry": {"type": "Point", "coordinates": [139.423447, 35.661424]}, "properties": {"name": "日野第八小学校", "ward": "日野市", "address": "日野市三沢200", "elevator_or_1f": true, "slope": null, "braille_block": null, "wheelchair_toilet": true}}, {"type": "Feature", "geometry": {"type": "Point", "coordinates": [139.42305822, 35.65393859]}, "properties": {"name": "七生緑小学校", "ward": "日野市", "address": "日野市百草896-1", "elevator_or_1f": true, "slope": null, "braille_block": null, "wheelchair_toilet": true}}, {"type": "Feature", "geometry": {"type": "Point", "coordinates": [139.3860845, 35.67402296]}, "properties": {"name": "大坂上中学校", "ward": "日野市", "address": "日野市大坂上4-17-1", "elevator_or_1f": null, "slope": null, "braille_block": null, "wheelchair_toilet": true}}, {"type": "Feature", "geometry": {"type": "Point", "coordinates": [139.3837345, 35.67901833]}, "properties": {"name": "日野第三小学校", "ward": "日野市", "address": "日野市日野台2-1-1", "elevator_or_1f": null, "slope": null, "braille_block": null, "wheelchair_toilet": true}}, {"type": "Feature", "geometry": {"type": "Point", "coordinates": [139.392663, 35.6725233]}, "properties": {"name": "日野第七小学校", "ward": "日野市", "address": "日野市神明3-2", "elevator_or_1f": null, "slope": null, "braille_block": null, "wheelchair_toilet": true}}, {"type": "Feature", "geometry": {"type": "Point", "coordinates": [139.3838734, 35.68179702]}, "properties": {"name": "東光寺小学校", "ward": "日野市", "address": "日野市新町3-24-1", "elevator_or_1f": true, "slope": null, "braille_block": null, "wheelchair_toilet": true}}, {"type": "Feature", "geometry": {"type": "Point", "coordinates": [139.3854725, 35.65178045]}, "properties": {"name": "平山中学校", "ward": "日野市", "address": "日野市平山4-21-3", "elevator_or_1f": null, "slope": null, "braille_block": null, "wheelchair_toilet": true}}, {"type": "Feature", "geometry": {"type": "Point", "coordinates": [139.3850866, 35.64935371]}, "properties": {"name": "平山小学校", "ward": "日野市", "address": "日野市平山4-8-6", "elevator_or_1f": true, "slope": true, "braille_block": true, "wheelchair_toilet": true}}, {"type": "Feature", "geometry": {"type": "Point", "coordinates": [139.4748621, 35.76993352]}, "properties": {"name": "東村山第二中学校", "ward": "東村山市", "address": "東村山市久米川町2-4-1", "elevator_or_1f": true, "slope": null, "braille_block": null, "wheelchair_toilet": null}}, {"type": "Feature", "geometry": {"type": "Point", "coordinates": [139.4765964, 35.75978971]}, "properties": {"name": "都立東村山高等学校", "ward": "東村山市", "address": "東村山市恩多町4-26-1", "elevator_or_1f": true, "slope": null, "braille_block": true, "wheelchair_toilet": null}}, {"type": "Feature", "geometry": {"type": "Point", "coordinates": [139.4549897, 35.74913333]}, "properties": {"name": "都立東村山西高等学校", "ward": "東村山市", "address": "東村山市富士見町5-4-41", "elevator_or_1f": true, "slope": null, "braille_block": null, "wheelchair_toilet": null}}, {"type": "Feature", "geometry": {"type": "Point", "coordinates": [139.4539319, 35.74407687]}, "properties": {"name": "明法高等学校・中学校", "ward": "東村山市", "address": "東村山市富士見町2-4-12", "elevator_or_1f": true, "slope": null, "braille_block": null, "wheelchair_toilet": null}}, {"type": "Feature", "geometry": {"type": "Point", "coordinates": [139.4660021, 35.76473787]}, "properties": {"name": "化成小学校", "ward": "東村山市", "address": "東村山市諏訪町1-4-1", "elevator_or_1f": true, "slope": null, "braille_block": true, "wheelchair_toilet": null}}, {"type": "Feature", "geometry": {"type": "Point", "coordinates": [139.446523, 35.75884601]}, "properties": {"name": "回田小学校", "ward": "東村山市", "address": "東村山市廻田町3-28-1", "elevator_or_1f": true, "slope": null, "braille_block": true, "wheelchair_toilet": null}}, {"type": "Feature", "geometry": {"type": "Point", "coordinates": [139.4778824, 35.75670009]}, "properties": {"name": "大岱小学校", "ward": "東村山市", "address": "東村山市恩多町4-17-1", "elevator_or_1f": true, "slope": null, "braille_block": null, "wheelchair_toilet": null}}, {"type": "Feature", "geometry": {"type": "Point", "coordinates": [139.4819214, 35.77302936]}, "properties": {"name": "秋津小学校", "ward": "東村山市", "address": "東村山市秋津町3-48-1", "elevator_or_1f": true, "slope": null, "braille_block": null, "wheelchair_toilet": null}}, {"type": "Feature", "geometry": {"type": "Point", "coordinates": [139.4660107, 35.74929861]}, "properties": {"name": "八坂小学校", "ward": "東村山市", "address": "東村山市栄町3-34-1", "elevator_or_1f": true, "slope": null, "braille_block": null, "wheelchair_toilet": null}}, {"type": "Feature", "geometry": {"type": "Point", "coordinates": [139.4777969, 35.74393853]}, "properties": {"name": "萩山小学校", "ward": "東村山市", "address": "東村山市萩山町4-16-1", "elevator_or_1f": true, "slope": null, "braille_block": true, "wheelchair_toilet": null}}, {"type": "Feature", "geometry": {"type": "Point", "coordinates": [139.4552296, 35.7444195]}, "properties": {"name": "南台小学校", "ward": "東村山市", "address": "東村山市富士見町1-16-12", "elevator_or_1f": true, "slope": null, "braille_block": true, "wheelchair_toilet": null}}, {"type": "Feature", "geometry": {"type": "Point", "coordinates": [139.4716597, 35.76205232]}, "properties": {"name": "久米川小学校", "ward": "東村山市", "address": "東村山市久米川町4-11-1", "elevator_or_1f": true, "slope": null, "braille_block": null, "wheelchair_toilet": null}}, {"type": "Feature", "geometry": {"type": "Point", "coordinates": [139.4775638, 35.74632925]}, "properties": {"name": "東萩山小学校", "ward": "東村山市", "address": "東村山市萩山町5-7-1", "elevator_or_1f": true, "slope": null, "braille_block": null, "wheelchair_toilet": null}}, {"type": "Feature", "geometry": {"type": "Point", "coordinates": [139.490031, 35.76467852]}, "properties": {"name": "青葉小学校", "ward": "東村山市", "address": "東村山市青葉町2-33-1", "elevator_or_1f": true, "slope": null, "braille_block": null, "wheelchair_toilet": null}}, {"type": "Feature", "geometry": {"type": "Point", "coordinates": [139.4556879, 35.76632241]}, "properties": {"name": "北山小学校", "ward": "東村山市", "address": "東村山市野口町3-45-1", "elevator_or_1f": true, "slope": null, "braille_block": null, "wheelchair_toilet": null}}, {"type": "Feature", "geometry": {"type": "Point", "coordinates": [139.4888407, 35.77472335]}, "properties": {"name": "秋津東小学校", "ward": "東村山市", "address": "東村山市秋津町4-35-11", "elevator_or_1f": true, "slope": null, "braille_block": null, "wheelchair_toilet": null}}, {"type": "Feature", "geometry": {"type": "Point", "coordinates": [139.4858347, 35.75657732]}, "properties": {"name": "野火止小学校", "ward": "東村山市", "address": "東村山市恩多町5-47-1", "elevator_or_1f": true, "slope": null, "braille_block": null, "wheelchair_toilet": null}}, {"type": "Feature", "geometry": {"type": "Point", "coordinates": [139.4826906, 35.76564121]}, "properties": {"name": "久米川東小学校", "ward": "東村山市", "address": "東村山市久米川町2-40-10", "elevator_or_1f": true, "slope": null, "braille_block": null, "wheelchair_toilet": null}}, {"type": "Feature", "geometry": {"type": "Point", "coordinates": [139.4585924, 35.74683269]}, "properties": {"name": "富士見小学校", "ward": "東村山市", "address": "東村山市富士見町5-4-57", "elevator_or_1f": true, "slope": null, "braille_block": null, "wheelchair_toilet": null}}, {"type": "Feature", "geometry": {"type": "Point", "coordinates": [139.4607024, 35.74248623]}, "properties": {"name": "東村山第一中学校", "ward": "東村山市", "address": "東村山市富士見町1-5-2", "elevator_or_1f": true, "slope": null, "braille_block": null, "wheelchair_toilet": null}}, {"type": "Feature", "geometry": {"type": "Point", "coordinates": [139.4766509, 35.74799504]}, "properties": {"name": "東村山第三中学校", "ward": "東村山市", "address": "東村山市萩山町5-2-1", "elevator_or_1f": true, "slope": null, "braille_block": null, "wheelchair_toilet": null}}, {"type": "Feature", "geometry": {"type": "Point", "coordinates": [139.4536212, 35.76399962]}, "properties": {"name": "東村山第四中学校", "ward": "東村山市", "address": "東村山市野口町3-24-1", "elevator_or_1f": true, "slope": null, "braille_block": null, "wheelchair_toilet": null}}, {"type": "Feature", "geometry": {"type": "Point", "coordinates": [139.48073, 35.76063872]}, "properties": {"name": "東村山第五中学校", "ward": "東村山市", "address": "東村山市恩多町4-38-1", "elevator_or_1f": null, "slope": null, "braille_block": null, "wheelchair_toilet": null}}, {"type": "Feature", "geometry": {"type": "Point", "coordinates": [139.4900708, 35.76976694]}, "properties": {"name": "東村山第六中学校", "ward": "東村山市", "address": "東村山市秋津町2-29-14", "elevator_or_1f": true, "slope": null, "braille_block": null, "wheelchair_toilet": null}}, {"type": "Feature", "geometry": {"type": "Point", "coordinates": [139.459417, 35.75546474]}, "properties": {"name": "東村山第七中学校", "ward": "東村山市", "address": "東村山市美住町2-23-1", "elevator_or_1f": true, "slope": null, "braille_block": null, "wheelchair_toilet": null}}, {"type": "Feature", "geometry": {"type": "Point", "coordinates": [139.4575888, 35.74052537]}, "properties": {"name": "明治学院東村山高等学校・中学校", "ward": "東村山市", "address": "東村山市富士見町1-12-3", "elevator_or_1f": true, "slope": null, "braille_block": null, "wheelchair_toilet": null}}, {"type": "Feature", "geometry": {"type": "Point", "coordinates": [139.4474918, 35.71239827]}, "properties": {"name": "都立国分寺高校", "ward": "国分寺市", "address": "国分寺市新町3-2-5", "elevator_or_1f": true, "slope": null, "braille_block": true, "wheelchair_toilet": null}}, {"type": "Feature", "geometry": {"type": "Point", "coordinates": [139.4846054, 35.69265548]}, "properties": {"name": "第一小学校", "ward": "国分寺市", "address": "国分寺市東元町2-1-20", "elevator_or_1f": null, "slope": null, "braille_block": null, "wheelchair_toilet": null}}, {"type": "Feature", "geometry": {"type": "Point", "coordinates": [139.4446772, 35.70781171]}, "properties": {"name": "第二小学校", "ward": "国分寺市", "address": "国分寺市光町3-1", "elevator_or_1f": true, "slope": null, "braille_block": true, "wheelchair_toilet": null}}, {"type": "Feature", "geometry": {"type": "Point", "coordinates": [139.4774224, 35.70791857]}, "properties": {"name": "第三小学校", "ward": "国分寺市", "address": "国分寺市東恋ヶ窪2-13", "elevator_or_1f": null, "slope": null, "braille_block": null, "wheelchair_toilet": null}}, {"type": "Feature", "geometry": {"type": "Point", "coordinates": [139.4700785, 35.69589373]}, "properties": {"name": "第四小学校", "ward": "国分寺市", "address": "国分寺市西元町1-8-1", "elevator_or_1f": true, "slope": null, "braille_block": true, "wheelchair_toilet": null}}, {"type": "Feature", "geometry": {"type": "Point", "coordinates": [139.4591971, 35.70385655]}, "properties": {"name": "第五小学校", "ward": "国分寺市", "address": "国分寺市日吉町1-30", "elevator_or_1f": null, "slope": null, "braille_block": null, "wheelchair_toilet": null}}, {"type": "Feature", "geometry": {"type": "Point", "coordinates": [139.4548591, 35.71455122]}, "properties": {"name": "第六小学校", "ward": "国分寺市", "address": "国分寺市並木町2-1", "elevator_or_1f": null, "slope": null, "braille_block": null, "wheelchair_toilet": null}}, {"type": "Feature", "geometry": {"type": "Point", "coordinates": [139.483645, 35.70372721]}, "properties": {"name": "第七小学校", "ward": "国分寺市", "address": "国分寺市本多1-2-1", "elevator_or_1f": null, "slope": null, "braille_block": null, "wheelchair_toilet": null}}, {"type": "Feature", "geometry": {"type": "Point", "coordinates": [139.4328619, 35.71625445]}, "properties": {"name": "第八小学校", "ward": "国分寺市", "address": "国分寺市西町5-18", "elevator_or_1f": null, "slope": null, "braille_block": null, "wheelchair_toilet": null}}, {"type": "Feature", "geometry": {"type": "Point", "coordinates": [139.4643905, 35.70747628]}, "properties": {"name": "第九小学校", "ward": "国分寺市", "address": "国分寺市西恋ヶ窪4-12-6", "elevator_or_1f": null, "slope": null, "braille_block": null, "wheelchair_toilet": null}}, {"type": "Feature", "geometry": {"type": "Point", "coordinates": [139.4541634, 35.70818992]}, "properties": {"name": "第十小学校", "ward": "国分寺市", "address": "国分寺市戸倉3-5", "elevator_or_1f": null, "slope": null, "braille_block": null, "wheelchair_toilet": null}}, {"type": "Feature", "geometry": {"type": "Point", "coordinates": [139.4657782, 35.71211979]}, "properties": {"name": "第一中学校", "ward": "国分寺市", "address": "国分寺市東戸倉2-6", "elevator_or_1f": null, "slope": null, "braille_block": null, "wheelchair_toilet": null}}, {"type": "Feature", "geometry": {"type": "Point", "coordinates": [139.4828231, 35.70413714]}, "properties": {"name": "第二中学校", "ward": "国分寺市", "address": "国分寺市本多1-2-17", "elevator_or_1f": null, "slope": null, "braille_block": null, "wheelchair_toilet": null}}, {"type": "Feature", "geometry": {"type": "Point", "coordinates": [139.4383896, 35.71100619]}, "properties": {"name": "第三中学校", "ward": "国分寺市", "address": "国分寺市高木町2-11", "elevator_or_1f": null, "slope": null, "braille_block": null, "wheelchair_toilet": null}}, {"type": "Feature", "geometry": {"type": "Point", "coordinates": [139.4704907, 35.69051335]}, "properties": {"name": "第四中学校", "ward": "国分寺市", "address": "国分寺市西元町3-10-7", "elevator_or_1f": true, "slope": null, "braille_block": null, "wheelchair_toilet": null}}, {"type": "Feature", "geometry": {"type": "Point", "coordinates": [139.4529922, 35.7143652]}, "properties": {"name": "第五中学校", "ward": "国分寺市", "address": "国分寺市並木町2-15", "elevator_or_1f": null, "slope": null, "braille_block": null, "wheelchair_toilet": null}}, {"type": "Feature", "geometry": {"type": "Point", "coordinates": [139.489946, 35.699534]}, "properties": {"name": "東京経済大学", "ward": "国分寺市", "address": "国分寺市南町1-7-34", "elevator_or_1f": true, "slope": null, "braille_block": true, "wheelchair_toilet": null}}, {"type": "Feature", "geometry": {"type": "Point", "coordinates": [139.4368829, 35.68078355]}, "properties": {"name": "国立第一小学校", "ward": "国立市", "address": "国立市谷保6026", "elevator_or_1f": null, "slope": null, "braille_block": null, "wheelchair_toilet": null}}, {"type": "Feature", "geometry": {"type": "Point", "coordinates": [139.4345946, 35.69409799]}, "properties": {"name": "国立第二小学校", "ward": "国立市", "address": "国立市西2-13", "elevator_or_1f": null, "slope": null, "braille_block": null, "wheelchair_toilet": null}}, {"type": "Feature", "geometry": {"type": "Point", "coordinates": [139.4521084, 35.68768718]}, "properties": {"name": "国立第三小学校", "ward": "国立市", "address": "国立市東4-24-1", "elevator_or_1f": null, "slope": null, "braille_block": null, "wheelchair_toilet": null}}, {"type": "Feature", "geometry": {"type": "Point", "coordinates": [139.4363152, 35.70080528]}, "properties": {"name": "国立第四小学校", "ward": "国立市", "address": "国立市北2-29", "elevator_or_1f": null, "slope": null, "braille_block": null, "wheelchair_toilet": null}}, {"type": "Feature", "geometry": {"type": "Point", "coordinates": [139.4413874, 35.6849472]}, "properties": {"name": "国立第五小学校", "ward": "国立市", "address": "国立市富士見台2-47-2", "elevator_or_1f": null, "slope": null, "braille_block": null, "wheelchair_toilet": null}}, {"type": "Feature", "geometry": {"type": "Point", "coordinates": [139.4277625, 35.68505283]}, "properties": {"name": "国立第六小学校", "ward": "国立市", "address": "国立市谷保6600", "elevator_or_1f": null, "slope": null, "braille_block": null, "wheelchair_toilet": null}}, {"type": "Feature", "geometry": {"type": "Point", "coordinates": [139.4503888, 35.68075191]}, "properties": {"name": "国立第七小学校", "ward": "国立市", "address": "国立市富士見台1-47-7", "elevator_or_1f": null, "slope": null, "braille_block": null, "wheelchair_toilet": null}}, {"type": "Feature", "geometry": {"type": "Point", "coordinates": [139.4369822, 35.69828358]}, "properties": {"name": "国立第八小学校", "ward": "国立市", "address": "国立市中1-3-1", "elevator_or_1f": null, "slope": null, "braille_block": null, "wheelchair_toilet": null}}, {"type": "Feature", "geometry": {"type": "Point", "coordinates": [139.4507825, 35.68833507]}, "properties": {"name": "国立第一中学校", "ward": "国立市", "address": "国立市東4-24-1", "elevator_or_1f": null, "slope": null, "braille_block": null, "wheelchair_toilet": null}}, {"type": "Feature", "geometry": {"type": "Point", "coordinates": [139.4343369, 35.68784969]}, "properties": {"name": "国立第二中学校", "ward": "国立市", "address": "国立市富士見台3-30", "elevator_or_1f": null, "slope": null, "braille_block": null, "wheelchair_toilet": null}}, {"type": "Feature", "geometry": {"type": "Point", "coordinates": [139.4400848, 35.67719604]}, "properties": {"name": "国立第三中学校", "ward": "国立市", "address": "国立市谷保1348-1", "elevator_or_1f": null, "slope": null, "braille_block": null, "wheelchair_toilet": null}}, {"type": "Feature", "geometry": {"type": "Point", "coordinates": [139.3221785, 35.73673919]}, "properties": {"name": "都立福生高等学校", "ward": "福生市", "address": "福生市北田園2-11-3", "elevator_or_1f": true, "slope": null, "braille_block": null, "wheelchair_toilet": true}}, {"type": "Feature", "geometry": {"type": "Point", "coordinates": [139.3387929, 35.71613096]}, "properties": {"name": "都立多摩工業高等学校", "ward": "福生市", "address": "福生市熊川215", "elevator_or_1f": true, "slope": null, "braille_block": null, "wheelchair_toilet": true}}, {"type": "Feature", "geometry": {"type": "Point", "coordinates": [139.325589, 35.74222466]}, "properties": {"name": "福生第一小学校", "ward": "福生市", "address": "福生市福生1055", "elevator_or_1f": null, "slope": true, "braille_block": null, "wheelchair_toilet": true}}, {"type": "Feature", "geometry": {"type": "Point", "coordinates": [139.3363317, 35.72475492]}, "properties": {"name": "福生第二小学校", "ward": "福生市", "address": "福生市熊川623", "elevator_or_1f": null, "slope": true, "braille_block": null, "wheelchair_toilet": true}}, {"type": "Feature", "geometry": {"type": "Point", "coordinates": [139.3354993, 35.7362616]}, "properties": {"name": "福生第三小学校", "ward": "福生市", "address": "福生市牛浜162", "elevator_or_1f": true, "slope": true, "braille_block": null, "wheelchair_toilet": true}}, {"type": "Feature", "geometry": {"type": "Point", "coordinates": [139.3218341, 35.74553619]}, "properties": {"name": "福生第四小学校", "ward": "福生市", "address": "福生市福生1290", "elevator_or_1f": null, "slope": true, "braille_block": null, "wheelchair_toilet": true}}, {"type": "Feature", "geometry": {"type": "Point", "coordinates": [139.3318973, 35.72132319]}, "properties": {"name": "福生第五小学校", "ward": "福生市", "address": "福生市南田園1-2-2", "elevator_or_1f": null, "slope": true, "braille_block": null, "wheelchair_toilet": true}}, {"type": "Feature", "geometry": {"type": "Point", "coordinates": [139.3274875, 35.74909294]}, "properties": {"name": "福生第六小学校", "ward": "福生市", "address": "福生市加美平1-9-1", "elevator_or_1f": null, "slope": true, "braille_block": null, "wheelchair_toilet": true}}, {"type": "Feature", "geometry": {"type": "Point", "coordinates": [139.3274432, 35.73229883]}, "properties": {"name": "福生第七小学校", "ward": "福生市", "address": "福生市北田園1-1-1", "elevator_or_1f": null, "slope": true, "braille_block": null, "wheelchair_toilet": true}}, {"type": "Feature", "geometry": {"type": "Point", "coordinates": [139.3371094, 35.73122121]}, "properties": {"name": "福生第一中学校", "ward": "福生市", "address": "福生市熊川845", "elevator_or_1f": true, "slope": true, "braille_block": null, "wheelchair_toilet": true}}, {"type": "Feature", "geometry": {"type": "Point", "coordinates": [139.3265405, 35.75221256]}, "properties": {"name": "福生第二中学校", "ward": "福生市", "address": "福生市加美平1-22-1", "elevator_or_1f": true, "slope": true, "braille_block": null, "wheelchair_toilet": true}}, {"type": "Feature", "geometry": {"type": "Point", "coordinates": [139.331529, 35.72955725]}, "properties": {"name": "福生第三中学校", "ward": "福生市", "address": "福生市南田園3-1-1", "elevator_or_1f": true, "slope": true, "braille_block": null, "wheelchair_toilet": true}}, {"type": "Feature", "geometry": {"type": "Point", "coordinates": [139.3224665, 35.73458644]}, "properties": {"name": "中央体育館", "ward": "福生市", "address": "福生市北田園2-9-1", "elevator_or_1f": null, "slope": null, "braille_block": null, "wheelchair_toilet": null}}, {"type": "Feature", "geometry": {"type": "Point", "coordinates": [139.3369988, 35.72058241]}, "properties": {"name": "熊川地域体育館", "ward": "福生市", "address": "福生市熊川380-7", "elevator_or_1f": null, "slope": null, "braille_block": null, "wheelchair_toilet": null}}, {"type": "Feature", "geometry": {"type": "Point", "coordinates": [139.3341891, 35.74623644]}, "properties": {"name": "福生地域体育館", "ward": "福生市", "address": "福生市武蔵野台1-8-7", "elevator_or_1f": null, "slope": null, "braille_block": null, "wheelchair_toilet": null}}, {"type": "Feature", "geometry": {"type": "Point", "coordinates": [139.345869, 35.72244243]}, "properties": {"name": "福東会館", "ward": "福生市", "address": "福生市熊川1662-7", "elevator_or_1f": true, "slope": null, "braille_block": null, "wheelchair_toilet": true}}, {"type": "Feature", "geometry": {"type": "Point", "coordinates": [139.3526, 35.723521]}, "properties": {"name": "防災食育センター", "ward": "福生市", "address": "福生市熊川1606-1", "elevator_or_1f": true, "slope": true, "braille_block": null, "wheelchair_toilet": true}}, {"type": "Feature", "geometry": {"type": "Point", "coordinates": [139.5705927, 35.62746411]}, "properties": {"name": "都立狛江高等学校", "ward": "狛江市", "address": "狛江市元和泉3-9-1", "elevator_or_1f": null, "slope": null, "braille_block": null, "wheelchair_toilet": null}}, {"type": "Feature", "geometry": {"type": "Point", "coordinates": [139.5779597, 35.63718922]}, "properties": {"name": "狛江第一小学校", "ward": "狛江市", "address": "狛江市和泉本町1-37-1", "elevator_or_1f": true, "slope": null, "braille_block": true, "wheelchair_toilet": null}}, {"type": "Feature", "geometry": {"type": "Point", "coordinates": [139.5851664, 35.62808543]}, "properties": {"name": "狛江第三小学校", "ward": "狛江市", "address": "狛江市猪方1-11-1", "elevator_or_1f": true, "slope": null, "braille_block": true, "wheelchair_toilet": null}}, {"type": "Feature", "geometry": {"type": "Point", "coordinates": [139.5816821, 35.64391756]}, "properties": {"name": "狛江第五小学校", "ward": "狛江市", "address": "狛江市東野川1-35-13", "elevator_or_1f": null, "slope": null, "braille_block": null, "wheelchair_toilet": null}}, {"type": "Feature", "geometry": {"type": "Point", "coordinates": [139.5851746, 35.62455083]}, "properties": {"name": "狛江第六小学校", "ward": "狛江市", "address": "狛江市駒井町1-21-1", "elevator_or_1f": null, "slope": null, "braille_block": null, "wheelchair_toilet": null}}, {"type": "Feature", "geometry": {"type": "Point", "coordinates": [139.5682856, 35.63470224]}, "properties": {"name": "和泉小学校", "ward": "狛江市", "address": "狛江市中和泉3-33-1", "elevator_or_1f": true, "slope": null, "braille_block": true, "wheelchair_toilet": null}}, {"type": "Feature", "geometry": {"type": "Point", "coordinates": [139.5711541, 35.64160354]}, "properties": {"name": "緑野小学校", "ward": "狛江市", "address": "狛江市和泉本町4-3-1", "elevator_or_1f": true, "slope": null, "braille_block": true, "wheelchair_toilet": null}}, {"type": "Feature", "geometry": {"type": "Point", "coordinates": [139.5776736, 35.64096978]}, "properties": {"name": "狛江第一中学校", "ward": "狛江市", "address": "狛江市和泉本町2-15-1", "elevator_or_1f": true, "slope": null, "braille_block": true, "wheelchair_toilet": null}}, {"type": "Feature", "geometry": {"type": "Point", "coordinates": [139.5831267, 35.62723447]}, "properties": {"name": "狛江第二中学校", "ward": "狛江市", "address": "狛江市猪方2-7-1", "elevator_or_1f": true, "slope": null, "braille_block": true, "wheelchair_toilet": null}}, {"type": "Feature", "geometry": {"type": "Point", "coordinates": [139.5746353, 35.62990195]}, "properties": {"name": "狛江第三中学校", "ward": "狛江市", "address": "狛江市元和泉1-23-1", "elevator_or_1f": true, "slope": null, "braille_block": true, "wheelchair_toilet": null}}, {"type": "Feature", "geometry": {"type": "Point", "coordinates": [139.5817091, 35.64517942]}, "properties": {"name": "狛江第四中学校", "ward": "狛江市", "address": "狛江市東野川4-1-1", "elevator_or_1f": true, "slope": null, "braille_block": true, "wheelchair_toilet": null}}, {"type": "Feature", "geometry": {"type": "Point", "coordinates": [139.5652357, 35.6396216]}, "properties": {"name": "西和泉体育館", "ward": "狛江市", "address": "狛江市西和泉1-16-1", "elevator_or_1f": null, "slope": null, "braille_block": null, "wheelchair_toilet": null}}, {"type": "Feature", "geometry": {"type": "Point", "coordinates": [139.5680572, 35.64521105]}, "properties": {"name": "上和泉地域センター", "ward": "狛江市", "address": "狛江市和泉本町4-7-51", "elevator_or_1f": true, "slope": null, "braille_block": true, "wheelchair_toilet": null}}, {"type": "Feature", "geometry": {"type": "Point", "coordinates": [139.423397, 35.73194843]}, "properties": {"name": "都立東大和南高校", "ward": "東大和市", "address": "東大和市桜が丘3-44-8", "elevator_or_1f": null, "slope": null, "braille_block": null, "wheelchair_toilet": null}}, {"type": "Feature", "geometry": {"type": "Point", "coordinates": [139.4245604, 35.74522096]}, "properties": {"name": "都立東大和高校", "ward": "東大和市", "address": "東大和市中央3-945", "elevator_or_1f": null, "slope": null, "braille_block": null, "wheelchair_toilet": null}}, {"type": "Feature", "geometry": {"type": "Point", "coordinates": [139.4277729, 35.75118337]}, "properties": {"name": "東大和市立第一中学校", "ward": "東大和市", "address": "東大和市奈良橋3-530", "elevator_or_1f": null, "slope": null, "braille_block": null, "wheelchair_toilet": null}}, {"type": "Feature", "geometry": {"type": "Point", "coordinates": [139.4286173, 35.7396087]}, "properties": {"name": "東大和市立第二中学校", "ward": "東大和市", "address": "東大和市南街3-60-4", "elevator_or_1f": null, "slope": null, "braille_block": null, "wheelchair_toilet": null}}, {"type": "Feature", "geometry": {"type": "Point", "coordinates": [139.441756, 35.74432352]}, "properties": {"name": "東大和市立第三中学校", "ward": "東大和市", "address": "東大和市仲原2-7", "elevator_or_1f": null, "slope": null, "braille_block": null, "wheelchair_toilet": null}}, {"type": "Feature", "geometry": {"type": "Point", "coordinates": [139.4182849, 35.74492883]}, "properties": {"name": "東大和市立第四中学校", "ward": "東大和市", "address": "東大和市立野2-6-2", "elevator_or_1f": null, "slope": null, "braille_block": null, "wheelchair_toilet": null}}, {"type": "Feature", "geometry": {"type": "Point", "coordinates": [139.4169349, 35.74821842]}, "properties": {"name": "東大和市立第五中学校", "ward": "東大和市", "address": "東大和市芋窪5-1119", "elevator_or_1f": null, "slope": null, "braille_block": null, "wheelchair_toilet": true}}, {"type": "Feature", "geometry": {"type": "Point", "coordinates": [139.425981, 35.7514103]}, "properties": {"name": "東大和市立第一小学校", "ward": "東大和市", "address": "東大和市奈良橋4-573", "elevator_or_1f": null, "slope": null, "braille_block": null, "wheelchair_toilet": null}}, {"type": "Feature", "geometry": {"type": "Point", "coordinates": [139.4294883, 35.73845685]}, "properties": {"name": "東大和市立第二小学校", "ward": "東大和市", "address": "東大和市南街3-61-2", "elevator_or_1f": null, "slope": null, "braille_block": null, "wheelchair_toilet": true}}, {"type": "Feature", "geometry": {"type": "Point", "coordinates": [139.4463788, 35.74007412]}, "properties": {"name": "東大和市立第三小学校", "ward": "東大和市", "address": "東大和市清原4-1312-2", "elevator_or_1f": null, "slope": null, "braille_block": null, "wheelchair_toilet": null}}, {"type": "Feature", "geometry": {"type": "Point", "coordinates": [139.4411259, 35.74858902]}, "properties": {"name": "東大和市立第四小学校", "ward": "東大和市", "address": "東大和市狭山5-1038", "elevator_or_1f": null, "slope": null, "braille_block": null, "wheelchair_toilet": null}}, {"type": "Feature", "geometry": {"type": "Point", "coordinates": [139.4408492, 35.7407449]}, "properties": {"name": "東大和市立第五小学校", "ward": "東大和市", "address": "東大和市向原1-11", "elevator_or_1f": null, "slope": null, "braille_block": null, "wheelchair_toilet": null}}, {"type": "Feature", "geometry": {"type": "Point", "coordinates": [139.4434768, 35.74446055]}, "properties": {"name": "東大和市立第六小学校", "ward": "東大和市", "address": "東大和市仲原1-5-1", "elevator_or_1f": null, "slope": null, "braille_block": null, "wheelchair_toilet": null}}, {"type": "Feature", "geometry": {"type": "Point", "coordinates": [139.414687, 35.75024213]}, "properties": {"name": "東大和市立第七小学校", "ward": "東大和市", "address": "東大和市芋窪5-1171", "elevator_or_1f": null, "slope": null, "braille_block": null, "wheelchair_toilet": null}}, {"type": "Feature", "geometry": {"type": "Point", "coordinates": [139.4224917, 35.74138934]}, "properties": {"name": "東大和市立第八小学校", "ward": "東大和市", "address": "東大和市立野3-1255", "elevator_or_1f": null, "slope": null, "braille_block": null, "wheelchair_toilet": null}}, {"type": "Feature", "geometry": {"type": "Point", "coordinates": [139.4199425, 35.75193108]}, "properties": {"name": "東大和市立第九小学校", "ward": "東大和市", "address": "東大和市蔵敷2-546", "elevator_or_1f": null, "slope": null, "braille_block": null, "wheelchair_toilet": null}}, {"type": "Feature", "geometry": {"type": "Point", "coordinates": [139.4130885, 35.74184104]}, "properties": {"name": "東大和市立第十小学校", "ward": "東大和市", "address": "東大和市上北台3-399", "elevator_or_1f": null, "slope": null, "braille_block": null, "wheelchair_toilet": null}}, {"type": "Feature", "geometry": {"type": "Point", "coordinates": [139.425779, 35.75243518]}, "properties": {"name": "東大和市立奈良橋市民センタ-", "ward": "東大和市", "address": "東大和市奈良橋4-600", "elevator_or_1f": true, "slope": null, "braille_block": null, "wheelchair_toilet": true}}, {"type": "Feature", "geometry": {"type": "Point", "coordinates": [139.4314911, 35.73719805]}, "properties": {"name": "東大和市立南街市民センタ-", "ward": "東大和市", "address": "東大和市南街5-32", "elevator_or_1f": true, "slope": true, "braille_block": true, "wheelchair_toilet": true}}, {"type": "Feature", "geometry": {"type": "Point", "coordinates": [139.447205, 35.740808]}, "properties": {"name": "東大和市立清原市民センタ-", "ward": "東大和市", "address": "東大和市清原4-1", "elevator_or_1f": null, "slope": true, "braille_block": true, "wheelchair_toilet": true}}, {"type": "Feature", "geometry": {"type": "Point", "coordinates": [139.4147223, 35.74289296]}, "properties": {"name": "東大和市立上北台市民センタ-", "ward": "東大和市", "address": "東大和市上北台2-865-9", "elevator_or_1f": true, "slope": true, "braille_block": true, "wheelchair_toilet": true}}, {"type": "Feature", "geometry": {"type": "Point", "coordinates": [139.420075, 35.734273]}, "properties": {"name": "東大和市立桜が丘市民センタ-", "ward": "東大和市", "address": "東大和市桜が丘3-44-13", "elevator_or_1f": true, "slope": true, "braille_block": true, "wheelchair_toilet": true}}, {"type": "Feature", "geometry": {"type": "Point", "coordinates": [139.43672, 35.74055]}, "properties": {"name": "東大和市立向原市民センタ-", "ward": "東大和市", "address": "東大和市向原3-10", "elevator_or_1f": null, "slope": true, "braille_block": true, "wheelchair_toilet": true}}, {"type": "Feature", "geometry": {"type": "Point", "coordinates": [139.4469178, 35.73819435]}, "properties": {"name": "東大和市立新堀地区会館", "ward": "東大和市", "address": "東大和市新堀3-6-1", "elevator_or_1f": true, "slope": true, "braille_block": true, "wheelchair_toilet": true}}, {"type": "Feature", "geometry": {"type": "Point", "coordinates": [139.421577, 35.73578295]}, "properties": {"name": "東大和市立市民体育館", "ward": "東大和市", "address": "東大和市桜が丘2-167-13", "elevator_or_1f": null, "slope": null, "braille_block": null, "wheelchair_toilet": null}}, {"type": "Feature", "geometry": {"type": "Point", "coordinates": [139.426375, 35.744601]}, "properties": {"name": "東大和市立中央公民館", "ward": "東大和市", "address": "東大和市中央3-926", "elevator_or_1f": true, "slope": true, "braille_block": true, "wheelchair_toilet": true}}, {"type": "Feature", "geometry": {"type": "Point", "coordinates": [139.4376709, 35.75584811]}, "properties": {"name": "東大和市立狭山公民館", "ward": "東大和市", "address": "東大和市狭山3-1344-1", "elevator_or_1f": null, "slope": null, "braille_block": null, "wheelchair_toilet": true}}, {"type": "Feature", "geometry": {"type": "Point", "coordinates": [139.4161818, 35.75418673]}, "properties": {"name": "東大和市立蔵敷公民館", "ward": "東大和市", "address": "東大和市蔵敷2-337", "elevator_or_1f": null, "slope": null, "braille_block": null, "wheelchair_toilet": true}}, {"type": "Feature", "geometry": {"type": "Point", "coordinates": [139.4230141, 35.75503881]}, "properties": {"name": "東大和市立郷土博物館", "ward": "東大和市", "address": "東大和市奈良橋1-260-2", "elevator_or_1f": true, "slope": null, "braille_block": null, "wheelchair_toilet": true}}, {"type": "Feature", "geometry": {"type": "Point", "coordinates": [139.5099592, 35.76859661]}, "properties": {"name": "清瀬第三小学校", "ward": "清瀬市", "address": "清瀬市竹丘1-15-4", "elevator_or_1f": true, "slope": null, "braille_block": true, "wheelchair_toilet": null}}, {"type": "Feature", "geometry": {"type": "Point", "coordinates": [139.5099706, 35.78308097]}, "properties": {"name": "清瀬第四小学校", "ward": "清瀬市", "address": "清瀬市中里2-1471", "elevator_or_1f": true, "slope": null, "braille_block": true, "wheelchair_toilet": null}}, {"type": "Feature", "geometry": {"type": "Point", "coordinates": [139.5045165, 35.77172711]}, "properties": {"name": "清瀬第六小学校", "ward": "清瀬市", "address": "清瀬市梅園2-9-45", "elevator_or_1f": true, "slope": null, "braille_block": true, "wheelchair_toilet": null}}, {"type": "Feature", "geometry": {"type": "Point", "coordinates": [139.512643, 35.76800375]}, "properties": {"name": "清瀬第七小学校", "ward": "清瀬市", "address": "清瀬市松山3-1-92", "elevator_or_1f": true, "slope": null, "braille_block": true, "wheelchair_toilet": null}}, {"type": "Feature", "geometry": {"type": "Point", "coordinates": [139.5309956, 35.78739105]}, "properties": {"name": "清瀬第八小学校", "ward": "清瀬市", "address": "清瀬市中清戸4-1070", "elevator_or_1f": true, "slope": null, "braille_block": true, "wheelchair_toilet": null}}, {"type": "Feature", "geometry": {"type": "Point", "coordinates": [139.5275714, 35.77514434]}, "properties": {"name": "清瀬第十小学校", "ward": "清瀬市", "address": "清瀬市中清戸1-454-14", "elevator_or_1f": true, "slope": null, "braille_block": null, "wheelchair_toilet": null}}, {"type": "Feature", "geometry": {"type": "Point", "coordinates": [139.5047125, 35.77319895]}, "properties": {"name": "清瀬第二中学校", "ward": "清瀬市", "address": "清瀬市梅園2-9-15", "elevator_or_1f": true, "slope": null, "braille_block": true, "wheelchair_toilet": null}}, {"type": "Feature", "geometry": {"type": "Point", "coordinates": [139.5347402, 35.79151169]}, "properties": {"name": "清瀬第三中学校", "ward": "清瀬市", "address": "清瀬市旭が丘1-262", "elevator_or_1f": true, "slope": null, "braille_block": true, "wheelchair_toilet": null}}, {"type": "Feature", "geometry": {"type": "Point", "coordinates": [139.507786, 35.77873641]}, "properties": {"name": "清瀬第四中学校", "ward": "清瀬市", "address": "清瀬市野塩3-2-3", "elevator_or_1f": true, "slope": null, "braille_block": null, "wheelchair_toilet": null}}, {"type": "Feature", "geometry": {"type": "Point", "coordinates": [139.5337679, 35.77501852]}, "properties": {"name": "清瀬第五中学校", "ward": "清瀬市", "address": "清瀬市中清戸3-258-1", "elevator_or_1f": true, "slope": null, "braille_block": true, "wheelchair_toilet": null}}, {"type": "Feature", "geometry": {"type": "Point", "coordinates": [139.5256152, 35.78519416]}, "properties": {"name": "清瀬小学校", "ward": "清瀬市", "address": "清瀬市中里5-741", "elevator_or_1f": true, "slope": null, "braille_block": null, "wheelchair_toilet": null}}, {"type": "Feature", "geometry": {"type": "Point", "coordinates": [139.5112638, 35.77524289]}, "properties": {"name": "芝山小学校", "ward": "清瀬市", "address": "清瀬市元町2-16-8", "elevator_or_1f": true, "slope": null, "braille_block": true, "wheelchair_toilet": null}}, {"type": "Feature", "geometry": {"type": "Point", "coordinates": [139.5394756, 35.79663624]}, "properties": {"name": "清明小学校", "ward": "清瀬市", "address": "清瀬市旭が丘2-8-1", "elevator_or_1f": true, "slope": null, "braille_block": true, "wheelchair_toilet": null}}, {"type": "Feature", "geometry": {"type": "Point", "coordinates": [139.5250443, 35.78493217]}, "properties": {"name": "清瀬中学校", "ward": "清瀬市", "address": "清瀬市中里5-624", "elevator_or_1f": true, "slope": null, "braille_block": true, "wheelchair_toilet": null}}, {"type": "Feature", "geometry": {"type": "Point", "coordinates": [139.5195651, 35.77465218]}, "properties": {"name": "清瀬けやきホール", "ward": "清瀬市", "address": "清瀬市元町1-6-6", "elevator_or_1f": true, "slope": null, "braille_block": true, "wheelchair_toilet": null}}, {"type": "Feature", "geometry": {"type": "Point", "coordinates": [139.538732, 35.778162]}, "properties": {"name": "コミュニティプラザひまわり", "ward": "清瀬市", "address": "清瀬市下清戸1-212-4", "elevator_or_1f": true, "slope": null, "braille_block": true, "wheelchair_toilet": null}}, {"type": "Feature", "geometry": {"type": "Point", "coordinates": [139.5148187, 35.77099347]}, "properties": {"name": "松山地域市民センター", "ward": "清瀬市", "address": "清瀬市松山2-6-25", "elevator_or_1f": true, "slope": null, "braille_block": null, "wheelchair_toilet": null}}, {"type": "Feature", "geometry": {"type": "Point", "coordinates": [139.4994777, 35.77917913]}, "properties": {"name": "野塩地域市民センター", "ward": "清瀬市", "address": "清瀬市野塩1-322-2", "elevator_or_1f": true, "slope": null, "braille_block": null, "wheelchair_toilet": null}}, {"type": "Feature", "geometry": {"type": "Point", "coordinates": [139.53324, 35.79752897]}, "properties": {"name": "下宿地域市民センター", "ward": "清瀬市", "address": "清瀬市下宿2-524-1", "elevator_or_1f": true, "slope": null, "braille_block": true, "wheelchair_toilet": null}}, {"type": "Feature", "geometry": {"type": "Point", "coordinates": [139.5115402, 35.76586496]}, "properties": {"name": "竹丘地域市民センター", "ward": "清瀬市", "address": "清瀬市竹丘1-11-1", "elevator_or_1f": true, "slope": null, "braille_block": true, "wheelchair_toilet": null}}, {"type": "Feature", "geometry": {"type": "Point", "coordinates": [139.52767, 35.78485425]}, "properties": {"name": "中清戸地域市民センター", "ward": "清瀬市", "address": "清瀬市中清戸4-847-5", "elevator_or_1f": true, "slope": null, "braille_block": true, "wheelchair_toilet": null}}, {"type": "Feature", "geometry": {"type": "Point", "coordinates": [139.514165, 35.786499]}, "properties": {"name": "中里地域市民センター", "ward": "清瀬市", "address": "清瀬市中里4-1301", "elevator_or_1f": true, "slope": null, "braille_block": true, "wheelchair_toilet": null}}, {"type": "Feature", "geometry": {"type": "Point", "coordinates": [139.5209041, 35.77971888]}, "properties": {"name": "郷土博物館", "ward": "清瀬市", "address": "清瀬市上清戸2-6-41", "elevator_or_1f": true, "slope": null, "braille_block": null, "wheelchair_toilet": null}}, {"type": "Feature", "geometry": {"type": "Point", "coordinates": [139.5307981, 35.77640328]}, "properties": {"name": "児童センター", "ward": "清瀬市", "address": "清瀬市中清戸3-235-5", "elevator_or_1f": true, "slope": null, "braille_block": true, "wheelchair_toilet": null}}, {"type": "Feature", "geometry": {"type": "Point", "coordinates": [139.5210698, 35.77918571]}, "properties": {"name": "市民活動センター", "ward": "清瀬市", "address": "清瀬市上清戸2-6-10", "elevator_or_1f": null, "slope": null, "braille_block": null, "wheelchair_toilet": null}}, {"type": "Feature", "geometry": {"type": "Point", "coordinates": [139.5206481, 35.77440024]}, "properties": {"name": "消費生活センター", "ward": "清瀬市", "address": "清瀬市元町1-4-17", "elevator_or_1f": true, "slope": null, "braille_block": true, "wheelchair_toilet": null}}, {"type": "Feature", "geometry": {"type": "Point", "coordinates": [139.5185966, 35.76507024]}, "properties": {"name": "小山小学校", "ward": "東久留米市", "address": "東久留米市小山5-5-4", "elevator_or_1f": true, "slope": null, "braille_block": null, "wheelchair_toilet": null}}, {"type": "Feature", "geometry": {"type": "Point", "coordinates": [139.5195846, 35.76244956]}, "properties": {"name": "都立東久留米総合高校", "ward": "東久留米市", "address": "東久留米市幸町5-8-46", "elevator_or_1f": true, "slope": null, "braille_block": null, "wheelchair_toilet": null}}, {"type": "Feature", "geometry": {"type": "Point", "coordinates": [139.5126362, 35.76199142]}, "properties": {"name": "都立久留米西高等学校", "ward": "東久留米市", "address": "東久留米市野火止2-1-44", "elevator_or_1f": true, "slope": null, "braille_block": null, "wheelchair_toilet": null}}, {"type": "Feature", "geometry": {"type": "Point", "coordinates": [139.5377514, 35.75457193]}, "properties": {"name": "自由学園", "ward": "東久留米市", "address": "東久留米市学園町1-8-15", "elevator_or_1f": true, "slope": null, "braille_block": null, "wheelchair_toilet": null}}, {"type": "Feature", "geometry": {"type": "Point", "coordinates": [139.5306346, 35.7646606]}, "properties": {"name": "学芸大学付属特別支援学校", "ward": "東久留米市", "address": "東久留米市氷川台1-6-1", "elevator_or_1f": true, "slope": null, "braille_block": null, "wheelchair_toilet": null}}, {"type": "Feature", "geometry": {"type": "Point", "coordinates": [139.5160952, 35.75429938]}, "properties": {"name": "第一小学校", "ward": "東久留米市", "address": "東久留米市中央町6-8-1", "elevator_or_1f": true, "slope": null, "braille_block": null, "wheelchair_toilet": true}}, {"type": "Feature", "geometry": {"type": "Point", "coordinates": [139.5381542, 35.75968237]}, "properties": {"name": "第二小学校", "ward": "東久留米市", "address": "東久留米市新川町1-14-6", "elevator_or_1f": true, "slope": null, "braille_block": null, "wheelchair_toilet": null}}, {"type": "Feature", "geometry": {"type": "Point", "coordinates": [139.5244054, 35.75744525]}, "properties": {"name": "第三小学校", "ward": "東久留米市", "address": "東久留米市中央町1-16-1", "elevator_or_1f": true, "slope": null, "braille_block": null, "wheelchair_toilet": null}}, {"type": "Feature", "geometry": {"type": "Point", "coordinates": [139.5280235, 35.74672855]}, "properties": {"name": "第五小学校", "ward": "東久留米市", "address": "東久留米市南沢4-6-1", "elevator_or_1f": null, "slope": null, "braille_block": null, "wheelchair_toilet": null}}, {"type": "Feature", "geometry": {"type": "Point", "coordinates": [139.5374178, 35.76911328]}, "properties": {"name": "第六小学校", "ward": "東久留米市", "address": "東久留米市金山町1-17-1", "elevator_or_1f": true, "slope": null, "braille_block": null, "wheelchair_toilet": null}}, {"type": "Feature", "geometry": {"type": "Point", "coordinates": [139.5040054, 35.75009753]}, "properties": {"name": "第七小学校", "ward": "東久留米市", "address": "東久留米市滝山7-26-30", "elevator_or_1f": true, "slope": null, "braille_block": null, "wheelchair_toilet": null}}, {"type": "Feature", "geometry": {"type": "Point", "coordinates": [139.5083594, 35.74221254]}, "properties": {"name": "第九小学校", "ward": "東久留米市", "address": "東久留米市滝山3-2-30", "elevator_or_1f": true, "slope": null, "braille_block": null, "wheelchair_toilet": null}}, {"type": "Feature", "geometry": {"type": "Point", "coordinates": [139.4928534, 35.75065717]}, "properties": {"name": "第十小学校", "ward": "東久留米市", "address": "東久留米市柳窪5-9-43", "elevator_or_1f": true, "slope": null, "braille_block": null, "wheelchair_toilet": null}}, {"type": "Feature", "geometry": {"type": "Point", "coordinates": [139.5440754, 35.76666974]}, "properties": {"name": "神宝小学校", "ward": "東久留米市", "address": "東久留米市神宝町1-6-7", "elevator_or_1f": true, "slope": null, "braille_block": null, "wheelchair_toilet": null}}, {"type": "Feature", "geometry": {"type": "Point", "coordinates": [139.5242381, 35.7409831]}, "properties": {"name": "南町小学校", "ward": "東久留米市", "address": "東久留米市南町3-2-23", "elevator_or_1f": true, "slope": null, "braille_block": null, "wheelchair_toilet": null}}, {"type": "Feature", "geometry": {"type": "Point", "coordinates": [139.5075767, 35.76031348]}, "properties": {"name": "本村小学校", "ward": "東久留米市", "address": "東久留米市野火止3-5-1", "elevator_or_1f": true, "slope": null, "braille_block": null, "wheelchair_toilet": null}}, {"type": "Feature", "geometry": {"type": "Point", "coordinates": [139.4984768, 35.75179619]}, "properties": {"name": "旧下里小学校", "ward": "東久留米市", "address": "東久留米市下里3-11-25", "elevator_or_1f": true, "slope": null, "braille_block": null, "wheelchair_toilet": null}}, {"type": "Feature", "geometry": {"type": "Point", "coordinates": [139.5468919, 35.77127729]}, "properties": {"name": "東中学校", "ward": "東久留米市", "address": "東久留米市上の原2-1-40", "elevator_or_1f": true, "slope": null, "braille_block": null, "wheelchair_toilet": null}}, {"type": "Feature", "geometry": {"type": "Point", "coordinates": [139.5079103, 35.74660603]}, "properties": {"name": "西中学校", "ward": "東久留米市", "address": "東久留米市滝山2-3-23", "elevator_or_1f": true, "slope": null, "braille_block": null, "wheelchair_toilet": null}}, {"type": "Feature", "geometry": {"type": "Point", "coordinates": [139.5344379, 35.74971839]}, "properties": {"name": "南中学校", "ward": "東久留米市", "address": "東久留米市学園町2-1-23", "elevator_or_1f": true, "slope": null, "braille_block": null, "wheelchair_toilet": null}}, {"type": "Feature", "geometry": {"type": "Point", "coordinates": [139.5001737, 35.75186523]}, "properties": {"name": "下里中学校", "ward": "東久留米市", "address": "東久留米市下里3-21-1", "elevator_or_1f": null, "slope": null, "braille_block": null, "wheelchair_toilet": null}}, {"type": "Feature", "geometry": {"type": "Point", "coordinates": [139.5159444, 35.75004686]}, "properties": {"name": "中央中学校", "ward": "東久留米市", "address": "東久留米市中央町5-7-65", "elevator_or_1f": true, "slope": null, "braille_block": null, "wheelchair_toilet": null}}, {"type": "Feature", "geometry": {"type": "Point", "coordinates": [139.5444175, 35.76225224]}, "properties": {"name": "東久留米市スポーツセンター", "ward": "東久留米市", "address": "東久留米市大門町2-14-37", "elevator_or_1f": true, "slope": null, "braille_block": null, "wheelchair_toilet": null}}, {"type": "Feature", "geometry": {"type": "Point", "coordinates": [139.5369643, 35.75886943]}, "properties": {"name": "クリスチャン・アカデミー・イン・ジャパン", "ward": "東久留米市", "address": "東久留米市新川町1-2-14", "elevator_or_1f": true, "slope": null, "braille_block": null, "wheelchair_toilet": null}}, {"type": "Feature", "geometry": {"type": "Point", "coordinates": [139.54175813, 35.75783794]}, "properties": {"name": "浅間町地区センター", "ward": "東久留米市", "address": "東久留米市浅間町2-24-16", "elevator_or_1f": null, "slope": null, "braille_block": true, "wheelchair_toilet": true}}, {"type": "Feature", "geometry": {"type": "Point", "coordinates": [139.513348, 35.763584]}, "properties": {"name": "野火止地区センター", "ward": "東久留米市", "address": "東久留米市野火止2-1-83", "elevator_or_1f": null, "slope": null, "braille_block": true, "wheelchair_toilet": true}}, {"type": "Feature", "geometry": {"type": "Point", "coordinates": [139.3881461, 35.75470192]}, "properties": {"name": "武蔵村山市立第一小学校", "ward": "武蔵村山市", "address": "武蔵村山市本町1-1-11", "elevator_or_1f": null, "slope": null, "braille_block": null, "wheelchair_toilet": null}}, {"type": "Feature", "geometry": {"type": "Point", "coordinates": [139.3739432, 35.75811116]}, "properties": {"name": "武蔵村山市立第二小学校", "ward": "武蔵村山市", "address": "武蔵村山市三ツ木2-12-2", "elevator_or_1f": null, "slope": null, "braille_block": null, "wheelchair_toilet": null}}, {"type": "Feature", "geometry": {"type": "Point", "coordinates": [139.3978302, 35.75692693]}, "properties": {"name": "武蔵村山市立第三小学校", "ward": "武蔵村山市", "address": "武蔵村山市中藤1-36-1", "elevator_or_1f": null, "slope": null, "braille_block": null, "wheelchair_toilet": null}}, {"type": "Feature", "geometry": {"type": "Point", "coordinates": [139.3758393, 35.75049507]}, "properties": {"name": "武蔵村山市立第八小学校", "ward": "武蔵村山市", "address": "武蔵村山市三ツ藤2-50-1", "elevator_or_1f": null, "slope": null, "braille_block": null, "wheelchair_toilet": null}}, {"type": "Feature", "geometry": {"type": "Point", "coordinates": [139.3941779, 35.74794184]}, "properties": {"name": "武蔵村山市立第九小学校", "ward": "武蔵村山市", "address": "武蔵村山市学園1-85-1", "elevator_or_1f": null, "slope": null, "braille_block": null, "wheelchair_toilet": null}}, {"type": "Feature", "geometry": {"type": "Point", "coordinates": [139.366709, 35.75299654]}, "properties": {"name": "武蔵村山市立第十小学校", "ward": "武蔵村山市", "address": "武蔵村山市残堀5-100-1", "elevator_or_1f": null, "slope": null, "braille_block": null, "wheelchair_toilet": null}}, {"type": "Feature", "geometry": {"type": "Point", "coordinates": [139.4016603, 35.74606326]}, "properties": {"name": "武蔵村山市立雷塚小学校", "ward": "武蔵村山市", "address": "武蔵村山市学園4-6-1", "elevator_or_1f": null, "slope": null, "braille_block": null, "wheelchair_toilet": null}}, {"type": "Feature", "geometry": {"type": "Point", "coordinates": [139.3813267, 35.75498171]}, "properties": {"name": "武蔵村山市立第一中学校", "ward": "武蔵村山市", "address": "武蔵村山市本町2-76-1", "elevator_or_1f": null, "slope": null, "braille_block": null, "wheelchair_toilet": null}}, {"type": "Feature", "geometry": {"type": "Point", "coordinates": [139.403951, 35.74986989]}, "properties": {"name": "武蔵村山市立第三中学校", "ward": "武蔵村山市", "address": "武蔵村山市神明4-117-1", "elevator_or_1f": null, "slope": null, "braille_block": null, "wheelchair_toilet": null}}, {"type": "Feature", "geometry": {"type": "Point", "coordinates": [139.3690498, 35.75353954]}, "properties": {"name": "武蔵村山市立第五中学校", "ward": "武蔵村山市", "address": "武蔵村山市残堀5-55", "elevator_or_1f": null, "slope": null, "braille_block": null, "wheelchair_toilet": null}}, {"type": "Feature", "geometry": {"type": "Point", "coordinates": [139.4097679, 35.73928724]}, "properties": {"name": "武蔵村山市立小中一貫校村山学園", "ward": "武蔵村山市", "address": "武蔵村山市緑が丘1460", "elevator_or_1f": true, "slope": null, "braille_block": null, "wheelchair_toilet": null}}, {"type": "Feature", "geometry": {"type": "Point", "coordinates": [139.4019725, 35.73987096]}, "properties": {"name": "武蔵村山市立小中一貫校大南学園第七小学校", "ward": "武蔵村山市", "address": "武蔵村山市大南2-78-1", "elevator_or_1f": null, "slope": null, "braille_block": null, "wheelchair_toilet": null}}, {"type": "Feature", "geometry": {"type": "Point", "coordinates": [139.4005587, 35.74014389]}, "properties": {"name": "武蔵村山市立小中一貫校大南学園第四中学校", "ward": "武蔵村山市", "address": "武蔵村山市大南2-79-1", "elevator_or_1f": null, "slope": null, "braille_block": null, "wheelchair_toilet": null}}, {"type": "Feature", "geometry": {"type": "Point", "coordinates": [139.4004704, 35.74589524]}, "properties": {"name": "雷塚地区会館", "ward": "武蔵村山市", "address": "武蔵村山市学園4-4", "elevator_or_1f": null, "slope": null, "braille_block": null, "wheelchair_toilet": null}}, {"type": "Feature", "geometry": {"type": "Point", "coordinates": [139.400763, 35.756955]}, "properties": {"name": "中藤地区会館", "ward": "武蔵村山市", "address": "武蔵村山市中藤3-16", "elevator_or_1f": true, "slope": null, "braille_block": null, "wheelchair_toilet": null}}, {"type": "Feature", "geometry": {"type": "Point", "coordinates": [139.3685386, 35.75853797]}, "properties": {"name": "三ツ木地区会館", "ward": "武蔵村山市", "address": "武蔵村山市三ツ木2-39-2", "elevator_or_1f": true, "slope": null, "braille_block": null, "wheelchair_toilet": null}}, {"type": "Feature", "geometry": {"type": "Point", "coordinates": [139.4058614, 35.73566154]}, "properties": {"name": "大南地区会館", "ward": "武蔵村山市", "address": "武蔵村山市大南5-1-69", "elevator_or_1f": true, "slope": null, "braille_block": true, "wheelchair_toilet": null}}, {"type": "Feature", "geometry": {"type": "Point", "coordinates": [139.3751146, 35.74618653]}, "properties": {"name": "残堀・伊奈平地区会館", "ward": "武蔵村山市", "address": "武蔵村山市残堀1-60-3", "elevator_or_1f": true, "slope": null, "braille_block": true, "wheelchair_toilet": null}}, {"type": "Feature", "geometry": {"type": "Point", "coordinates": [139.4032582, 35.74622828]}, "properties": {"name": "市民総合センター", "ward": "武蔵村山市", "address": "武蔵村山市学園4-5-1", "elevator_or_1f": true, "slope": null, "braille_block": true, "wheelchair_toilet": null}}, {"type": "Feature", "geometry": {"type": "Point", "coordinates": [139.3721621, 35.76511532]}, "properties": {"name": "総合体育館", "ward": "武蔵村山市", "address": "武蔵村山市岸3-45-6", "elevator_or_1f": true, "slope": null, "braille_block": null, "wheelchair_toilet": null}}, {"type": "Feature", "geometry": {"type": "Point", "coordinates": [139.393288, 35.750829]}, "properties": {"name": "福祉会館", "ward": "武蔵村山市", "address": "武蔵村山市中央2-117-1", "elevator_or_1f": true, "slope": null, "braille_block": null, "wheelchair_toilet": null}}, {"type": "Feature", "geometry": {"type": "Point", "coordinates": [139.3718728, 35.74758829]}, "properties": {"name": "第二老人福祉館", "ward": "武蔵村山市", "address": "武蔵村山市残堀2-22-1", "elevator_or_1f": true, "slope": null, "braille_block": null, "wheelchair_toilet": null}}, {"type": "Feature", "geometry": {"type": "Point", "coordinates": [139.3864091, 35.75818548]}, "properties": {"name": "第三老人福祉館", "ward": "武蔵村山市", "address": "武蔵村山市本町4-40-1", "elevator_or_1f": true, "slope": null, "braille_block": null, "wheelchair_toilet": null}}, {"type": "Feature", "geometry": {"type": "Point", "coordinates": [139.373031, 35.76596325]}, "properties": {"name": "第四老人福祉館", "ward": "武蔵村山市", "address": "武蔵村山市岸3-47-7", "elevator_or_1f": true, "slope": null, "braille_block": null, "wheelchair_toilet": null}}, {"type": "Feature", "geometry": {"type": "Point", "coordinates": [139.40145, 35.75405335]}, "properties": {"name": "第五老人福祉館", "ward": "武蔵村山市", "address": "武蔵村山市神明2-7", "elevator_or_1f": true, "slope": null, "braille_block": null, "wheelchair_toilet": null}}, {"type": "Feature", "geometry": {"type": "Point", "coordinates": [139.3717485, 35.75578836]}, "properties": {"name": "山王森児童館", "ward": "武蔵村山市", "address": "武蔵村山市三ツ藤3-6-10", "elevator_or_1f": null, "slope": null, "braille_block": null, "wheelchair_toilet": null}}, {"type": "Feature", "geometry": {"type": "Point", "coordinates": [139.407694, 35.74015508]}, "properties": {"name": "緑が丘ふれあいセンター", "ward": "武蔵村山市", "address": "武蔵村山市緑が丘1460", "elevator_or_1f": true, "slope": null, "braille_block": true, "wheelchair_toilet": null}}, {"type": "Feature", "geometry": {"type": "Point", "coordinates": [139.365918, 35.756872]}, "properties": {"name": "東京都立武蔵村山高等学校", "ward": "武蔵村山市", "address": "武蔵村山市中原1-7-1", "elevator_or_1f": true, "slope": null, "braille_block": null, "wheelchair_toilet": null}}, {"type": "Feature", "geometry": {"type": "Point", "coordinates": [139.412356, 35.735348]}, "properties": {"name": "東京都立上水高等学校", "ward": "武蔵村山市", "address": "武蔵村山市大南4-62-1", "elevator_or_1f": true, "slope": null, "braille_block": null, "wheelchair_toilet": null}}, {"type": "Feature", "geometry": {"type": "Point", "coordinates": [139.4563361, 35.6507306]}, "properties": {"name": "多摩第一小学校", "ward": "多摩市", "address": "多摩市関戸3-2-23", "elevator_or_1f": true, "slope": null, "braille_block": null, "wheelchair_toilet": null}}, {"type": "Feature", "geometry": {"type": "Point", "coordinates": [139.4336937, 35.64461954]}, "properties": {"name": "多摩第二小学校", "ward": "多摩市", "address": "多摩市和田75", "elevator_or_1f": true, "slope": null, "braille_block": null, "wheelchair_toilet": null}}, {"type": "Feature", "geometry": {"type": "Point", "coordinates": [139.4365759, 35.6314041]}, "properties": {"name": "多摩第三小学校", "ward": "多摩市", "address": "多摩市乞田712", "elevator_or_1f": true, "slope": null, "braille_block": null, "wheelchair_toilet": null}}, {"type": "Feature", "geometry": {"type": "Point", "coordinates": [139.418362, 35.644302]}, "properties": {"name": "帝京大学小学校（体育館）", "ward": "多摩市", "address": "多摩市和田1254-6", "elevator_or_1f": true, "slope": null, "braille_block": true, "wheelchair_toilet": null}}, {"type": "Feature", "geometry": {"type": "Point", "coordinates": [139.4573028, 35.6416315]}, "properties": {"name": "連光寺小学校", "ward": "多摩市", "address": "多摩市連光寺3-64-1", "elevator_or_1f": true, "slope": null, "braille_block": null, "wheelchair_toilet": null}}, {"type": "Feature", "geometry": {"type": "Point", "coordinates": [139.4502988, 35.6302336]}, "properties": {"name": "北諏訪小学校", "ward": "多摩市", "address": "多摩市諏訪1-60-1", "elevator_or_1f": true, "slope": null, "braille_block": null, "wheelchair_toilet": null}}, {"type": "Feature", "geometry": {"type": "Point", "coordinates": [139.4389201, 35.64800929]}, "properties": {"name": "東寺方小学校", "ward": "多摩市", "address": "多摩市東寺方100", "elevator_or_1f": true, "slope": null, "braille_block": null, "wheelchair_toilet": null}}, {"type": "Feature", "geometry": {"type": "Point", "coordinates": [139.4179982, 35.61410555]}, "properties": {"name": "南鶴牧小学校", "ward": "多摩市", "address": "多摩市鶴牧5-43", "elevator_or_1f": true, "slope": null, "braille_block": null, "wheelchair_toilet": null}}, {"type": "Feature", "geometry": {"type": "Point", "coordinates": [139.460582, 35.62853006]}, "properties": {"name": "聖ヶ丘小学校", "ward": "多摩市", "address": "多摩市聖ヶ丘3-66", "elevator_or_1f": true, "slope": null, "braille_block": null, "wheelchair_toilet": null}}, {"type": "Feature", "geometry": {"type": "Point", "coordinates": [139.4236108, 35.61353277]}, "properties": {"name": "西落合小学校", "ward": "多摩市", "address": "多摩市落合5-6", "elevator_or_1f": true, "slope": null, "braille_block": null, "wheelchair_toilet": null}}, {"type": "Feature", "geometry": {"type": "Point", "coordinates": [139.41533031, 35.61526695]}, "properties": {"name": "大松台小学校", "ward": "多摩市", "address": "多摩市鶴牧6-4", "elevator_or_1f": true, "slope": null, "braille_block": null, "wheelchair_toilet": null}}, {"type": "Feature", "geometry": {"type": "Point", "coordinates": [139.4555848, 35.62040884]}, "properties": {"name": "諏訪小学校", "ward": "多摩市", "address": "多摩市諏訪5-13", "elevator_or_1f": true, "slope": null, "braille_block": null, "wheelchair_toilet": null}}, {"type": "Feature", "geometry": {"type": "Point", "coordinates": [139.4456863, 35.62745479]}, "properties": {"name": "永山小学校", "ward": "多摩市", "address": "多摩市永山2-8-1", "elevator_or_1f": true, "slope": null, "braille_block": null, "wheelchair_toilet": null}}, {"type": "Feature", "geometry": {"type": "Point", "coordinates": [139.4456286, 35.62003162]}, "properties": {"name": "瓜生小学校", "ward": "多摩市", "address": "多摩市永山5-13", "elevator_or_1f": true, "slope": null, "braille_block": null, "wheelchair_toilet": null}}, {"type": "Feature", "geometry": {"type": "Point", "coordinates": [139.430281, 35.6183754]}, "properties": {"name": "東落合小学校", "ward": "多摩市", "address": "多摩市落合3-24", "elevator_or_1f": true, "slope": null, "braille_block": null, "wheelchair_toilet": null}}, {"type": "Feature", "geometry": {"type": "Point", "coordinates": [139.4410871, 35.61784075]}, "properties": {"name": "貝取小学校", "ward": "多摩市", "address": "多摩市貝取3-9", "elevator_or_1f": true, "slope": null, "braille_block": null, "wheelchair_toilet": null}}, {"type": "Feature", "geometry": {"type": "Point", "coordinates": [139.4338415, 35.62255602]}, "properties": {"name": "豊ヶ丘小学校", "ward": "多摩市", "address": "多摩市豊ヶ丘2-4-1", "elevator_or_1f": true, "slope": null, "braille_block": null, "wheelchair_toilet": null}}, {"type": "Feature", "geometry": {"type": "Point", "coordinates": [139.434239, 35.63478166]}, "properties": {"name": "愛和小学校", "ward": "多摩市", "address": "多摩市愛宕1-54", "elevator_or_1f": true, "slope": null, "braille_block": null, "wheelchair_toilet": null}}, {"type": "Feature", "geometry": {"type": "Point", "coordinates": [139.4568555, 35.64935662]}, "properties": {"name": "多摩中学校", "ward": "多摩市", "address": "多摩市関戸3-19-1", "elevator_or_1f": true, "slope": null, "braille_block": null, "wheelchair_toilet": null}}, {"type": "Feature", "geometry": {"type": "Point", "coordinates": [139.4322952, 35.63342276]}, "properties": {"name": "東愛宕中学校", "ward": "多摩市", "address": "多摩市愛宕1-52", "elevator_or_1f": true, "slope": null, "braille_block": null, "wheelchair_toilet": null}}, {"type": "Feature", "geometry": {"type": "Point", "coordinates": [139.43051, 35.64216673]}, "properties": {"name": "和田中学校", "ward": "多摩市", "address": "多摩市和田234", "elevator_or_1f": true, "slope": null, "braille_block": null, "wheelchair_toilet": null}}, {"type": "Feature", "geometry": {"type": "Point", "coordinates": [139.4549707, 35.62199665]}, "properties": {"name": "諏訪中学校", "ward": "多摩市", "address": "多摩市諏訪5-12-1", "elevator_or_1f": true, "slope": null, "braille_block": null, "wheelchair_toilet": null}}, {"type": "Feature", "geometry": {"type": "Point", "coordinates": [139.457902, 35.63369041]}, "properties": {"name": "聖ヶ丘中学校", "ward": "多摩市", "address": "多摩市聖ヶ丘2-17", "elevator_or_1f": true, "slope": null, "braille_block": null, "wheelchair_toilet": null}}, {"type": "Feature", "geometry": {"type": "Point", "coordinates": [139.4146076, 35.6139365]}, "properties": {"name": "鶴牧中学校", "ward": "多摩市", "address": "多摩市鶴牧6-5-1", "elevator_or_1f": true, "slope": null, "braille_block": null, "wheelchair_toilet": null}}, {"type": "Feature", "geometry": {"type": "Point", "coordinates": [139.4472993, 35.62494711]}, "properties": {"name": "多摩永山中学校", "ward": "多摩市", "address": "多摩市永山2-7-1", "elevator_or_1f": true, "slope": null, "braille_block": null, "wheelchair_toilet": null}}, {"type": "Feature", "geometry": {"type": "Point", "coordinates": [139.4291472, 35.61494975]}, "properties": {"name": "落合中学校", "ward": "多摩市", "address": "多摩市落合4-14", "elevator_or_1f": true, "slope": null, "braille_block": null, "wheelchair_toilet": null}}, {"type": "Feature", "geometry": {"type": "Point", "coordinates": [139.4393497, 35.6207086]}, "properties": {"name": "青陵中学校", "ward": "多摩市", "address": "多摩市貝取2-9-1", "elevator_or_1f": true, "slope": null, "braille_block": null, "wheelchair_toilet": null}}, {"type": "Feature", "geometry": {"type": "Point", "coordinates": [139.433276, 35.61139]}, "properties": {"name": "旧南豊ヶ丘小学校", "ward": "多摩市", "address": "多摩市豊ヶ丘6-4", "elevator_or_1f": null, "slope": null, "braille_block": null, "wheelchair_toilet": null}}, {"type": "Feature", "geometry": {"type": "Point", "coordinates": [139.4465337, 35.6399594]}, "properties": {"name": "桜ヶ丘コミュニティセンター", "ward": "多摩市", "address": "多摩市桜ヶ丘1-17-7", "elevator_or_1f": true, "slope": null, "braille_block": true, "wheelchair_toilet": null}}, {"type": "Feature", "geometry": {"type": "Point", "coordinates": [139.4362165, 35.64355272]}, "properties": {"name": "総合体育館", "ward": "多摩市", "address": "多摩市東寺方588-1", "elevator_or_1f": true, "slope": null, "braille_block": true, "wheelchair_toilet": null}}, {"type": "Feature", "geometry": {"type": "Point", "coordinates": [139.458904, 35.625452]}, "properties": {"name": "武道館", "ward": "多摩市", "address": "多摩市諏訪4-9", "elevator_or_1f": true, "slope": null, "braille_block": null, "wheelchair_toilet": null}}, {"type": "Feature", "geometry": {"type": "Point", "coordinates": [139.4544957, 35.62351346]}, "properties": {"name": "諏訪複合教育施設", "ward": "多摩市", "address": "多摩市諏訪5-1", "elevator_or_1f": true, "slope": null, "braille_block": true, "wheelchair_toilet": null}}, {"type": "Feature", "geometry": {"type": "Point", "coordinates": [139.439903, 35.625168]}, "properties": {"name": "市民活動・交流センター／多摩ふるさと資料館（旧北貝取小学校）", "ward": "多摩市", "address": "多摩市貝取1-26-1", "elevator_or_1f": true, "slope": null, "braille_block": null, "wheelchair_toilet": null}}, {"type": "Feature", "geometry": {"type": "Point", "coordinates": [139.448007, 35.613693]}, "properties": {"name": "都立永山高等学校（校舎内スペース）", "ward": "多摩市", "address": "多摩市永山5-22", "elevator_or_1f": true, "slope": null, "braille_block": null, "wheelchair_toilet": null}}, {"type": "Feature", "geometry": {"type": "Point", "coordinates": [139.4357584, 35.61326725]}, "properties": {"name": "東京電力パワーグリッド研修センター（体育館）", "ward": "多摩市", "address": "日野市百草460", "elevator_or_1f": null, "slope": null, "braille_block": null, "wheelchair_toilet": null}}, {"type": "Feature", "geometry": {"type": "Point", "coordinates": [139.447052, 35.649632]}, "properties": {"name": "関戸公民館", "ward": "多摩市", "address": "多摩市関戸4-72", "elevator_or_1f": true, "slope": null, "braille_block": null, "wheelchair_toilet": null}}, {"type": "Feature", "geometry": {"type": "Point", "coordinates": [139.5118582, 35.64068206]}, "properties": {"name": "稲城第一小学校", "ward": "稲城市", "address": "稲城市東長沼956", "elevator_or_1f": true, "slope": true, "braille_block": true, "wheelchair_toilet": true}}, {"type": "Feature", "geometry": {"type": "Point", "coordinates": [139.4849251, 35.62494311]}, "properties": {"name": "稲城第二小学校", "ward": "稲城市", "address": "稲城市坂浜590", "elevator_or_1f": true, "slope": true, "braille_block": true, "wheelchair_toilet": true}}, {"type": "Feature", "geometry": {"type": "Point", "coordinates": [139.4996641, 35.64341343]}, "properties": {"name": "稲城第三小学校", "ward": "稲城市", "address": "稲城市大丸100", "elevator_or_1f": true, "slope": true, "braille_block": true, "wheelchair_toilet": true}}, {"type": "Feature", "geometry": {"type": "Point", "coordinates": [139.5165196, 35.64474473]}, "properties": {"name": "稲城第四小学校", "ward": "稲城市", "address": "稲城市押立1250", "elevator_or_1f": true, "slope": true, "braille_block": true, "wheelchair_toilet": true}}, {"type": "Feature", "geometry": {"type": "Point", "coordinates": [139.4888913, 35.61116277]}, "properties": {"name": "平尾小学校", "ward": "稲城市", "address": "稲城市平尾3-1-3", "elevator_or_1f": true, "slope": true, "braille_block": true, "wheelchair_toilet": true}}, {"type": "Feature", "geometry": {"type": "Point", "coordinates": [139.4993889, 35.64967672]}, "properties": {"name": "稲城第六小学校", "ward": "稲城市", "address": "稲城市大丸2110", "elevator_or_1f": true, "slope": true, "braille_block": true, "wheelchair_toilet": true}}, {"type": "Feature", "geometry": {"type": "Point", "coordinates": [139.5203837, 35.63537288]}, "properties": {"name": "稲城第七小学校", "ward": "稲城市", "address": "稲城市矢野口1901-2", "elevator_or_1f": true, "slope": true, "braille_block": true, "wheelchair_toilet": true}}, {"type": "Feature", "geometry": {"type": "Point", "coordinates": [139.4880503, 35.63699184]}, "properties": {"name": "向陽台小学校", "ward": "稲城市", "address": "稲城市向陽台3-2", "elevator_or_1f": true, "slope": true, "braille_block": null, "wheelchair_toilet": null}}, {"type": "Feature", "geometry": {"type": "Point", "coordinates": [139.4934436, 35.64277633]}, "properties": {"name": "城山小学校", "ward": "稲城市", "address": "稲城市向陽台6-17", "elevator_or_1f": true, "slope": true, "braille_block": null, "wheelchair_toilet": null}}, {"type": "Feature", "geometry": {"type": "Point", "coordinates": [139.4828811, 35.62937156]}, "properties": {"name": "長峰小学校", "ward": "稲城市", "address": "稲城市長峰2-8", "elevator_or_1f": true, "slope": true, "braille_block": null, "wheelchair_toilet": true}}, {"type": "Feature", "geometry": {"type": "Point", "coordinates": [139.4679015, 35.62646849]}, "properties": {"name": "若葉台小学校", "ward": "稲城市", "address": "稲城市若葉台4-5", "elevator_or_1f": true, "slope": true, "braille_block": null, "wheelchair_toilet": true}}, {"type": "Feature", "geometry": {"type": "Point", "coordinates": [139.4992512, 35.64041075]}, "properties": {"name": "稲城第一中学校", "ward": "稲城市", "address": "稲城市百村23", "elevator_or_1f": true, "slope": true, "braille_block": true, "wheelchair_toilet": true}}, {"type": "Feature", "geometry": {"type": "Point", "coordinates": [139.4810578, 35.61597002]}, "properties": {"name": "稲城第二中学校", "ward": "稲城市", "address": "稲城市坂浜1340", "elevator_or_1f": true, "slope": true, "braille_block": null, "wheelchair_toilet": true}}, {"type": "Feature", "geometry": {"type": "Point", "coordinates": [139.5075617, 35.63628244]}, "properties": {"name": "稲城第三中学校", "ward": "稲城市", "address": "稲城市矢野口3043", "elevator_or_1f": true, "slope": true, "braille_block": true, "wheelchair_toilet": true}}, {"type": "Feature", "geometry": {"type": "Point", "coordinates": [139.5184914, 35.64597464]}, "properties": {"name": "稲城第四中学校", "ward": "稲城市", "address": "稲城市押立1768", "elevator_or_1f": true, "slope": true, "braille_block": null, "wheelchair_toilet": null}}, {"type": "Feature", "geometry": {"type": "Point", "coordinates": [139.4893942, 35.63867969]}, "properties": {"name": "稲城第五中学校", "ward": "稲城市", "address": "稲城市向陽台3-1-1", "elevator_or_1f": true, "slope": true, "braille_block": null, "wheelchair_toilet": null}}, {"type": "Feature", "geometry": {"type": "Point", "coordinates": [139.4675156, 35.62455469]}, "properties": {"name": "稲城第六中学校", "ward": "稲城市", "address": "稲城市若葉台3-11", "elevator_or_1f": true, "slope": true, "braille_block": null, "wheelchair_toilet": true}}, {"type": "Feature", "geometry": {"type": "Point", "coordinates": [139.4925209, 35.61374558]}, "properties": {"name": "複合施設ふれんど平尾", "ward": "稲城市", "address": "稲城市平尾1-9-1", "elevator_or_1f": true, "slope": true, "braille_block": null, "wheelchair_toilet": true}}, {"type": "Feature", "geometry": {"type": "Point", "coordinates": [139.520938, 35.643957]}, "properties": {"name": "公益社団法人九段盡性園", "ward": "稲城市", "address": "稲城市矢野口3750-11", "elevator_or_1f": null, "slope": null, "braille_block": null, "wheelchair_toilet": null}}, {"type": "Feature", "geometry": {"type": "Point", "coordinates": [139.5192595, 35.64276902]}, "properties": {"name": "中島ゆうし保育園", "ward": "稲城市", "address": "稲城市矢野口256", "elevator_or_1f": null, "slope": null, "braille_block": null, "wheelchair_toilet": null}}, {"type": "Feature", "geometry": {"type": "Point", "coordinates": [139.501345, 35.637782]}, "properties": {"name": "本郷ゆうし保育園", "ward": "稲城市", "address": "稲城市東長沼2115-2", "elevator_or_1f": null, "slope": null, "braille_block": null, "wheelchair_toilet": null}}, {"type": "Feature", "geometry": {"type": "Point", "coordinates": [139.4868104, 35.61185464]}, "properties": {"name": "第五保育園", "ward": "稲城市", "address": "稲城市平尾1187-3", "elevator_or_1f": null, "slope": null, "braille_block": null, "wheelchair_toilet": null}}, {"type": "Feature", "geometry": {"type": "Point", "coordinates": [139.499434, 35.6453782]}, "properties": {"name": "大丸ゆうし保育園", "ward": "稲城市", "address": "稲城市大丸82-4", "elevator_or_1f": null, "slope": null, "braille_block": null, "wheelchair_toilet": null}}, {"type": "Feature", "geometry": {"type": "Point", "coordinates": [139.503558, 35.63829711]}, "properties": {"name": "中央文化センター", "ward": "稲城市", "address": "稲城市東長沼2111", "elevator_or_1f": true, "slope": true, "braille_block": true, "wheelchair_toilet": true}}, {"type": "Feature", "geometry": {"type": "Point", "coordinates": [139.5183728, 35.63523585]}, "properties": {"name": "第二文化センター", "ward": "稲城市", "address": "稲城市矢野口1780", "elevator_or_1f": true, "slope": true, "braille_block": true, "wheelchair_toilet": true}}, {"type": "Feature", "geometry": {"type": "Point", "coordinates": [139.4924879, 35.61306865]}, "properties": {"name": "第三文化センター", "ward": "稲城市", "address": "稲城市平尾1-20-5", "elevator_or_1f": true, "slope": true, "braille_block": true, "wheelchair_toilet": true}}, {"type": "Feature", "geometry": {"type": "Point", "coordinates": [139.5054505, 35.6459383]}, "properties": {"name": "第四文化センター", "ward": "稲城市", "address": "稲城市東長沼271", "elevator_or_1f": true, "slope": true, "braille_block": true, "wheelchair_toilet": true}}, {"type": "Feature", "geometry": {"type": "Point", "coordinates": [139.4908029, 35.64149241]}, "properties": {"name": "城山文化センター", "ward": "稲城市", "address": "稲城市向陽台6-7", "elevator_or_1f": true, "slope": true, "braille_block": true, "wheelchair_toilet": true}}, {"type": "Feature", "geometry": {"type": "Point", "coordinates": [139.4860727, 35.6315714]}, "properties": {"name": "総合体育館", "ward": "稲城市", "address": "稲城市長峰1-1", "elevator_or_1f": true, "slope": true, "braille_block": true, "wheelchair_toilet": true}}, {"type": "Feature", "geometry": {"type": "Point", "coordinates": [139.5158711, 35.63364696]}, "properties": {"name": "矢野口コミュニティ防災センター", "ward": "稲城市", "address": "稲城市矢野口2271-1", "elevator_or_1f": null, "slope": null, "braille_block": null, "wheelchair_toilet": null}}, {"type": "Feature", "geometry": {"type": "Point", "coordinates": [139.485927, 35.62473816]}, "properties": {"name": "坂浜コミュニティ防災センター", "ward": "稲城市", "address": "稲城市坂浜974", "elevator_or_1f": null, "slope": null, "braille_block": null, "wheelchair_toilet": null}}, {"type": "Feature", "geometry": {"type": "Point", "coordinates": [139.4974035, 35.63849692]}, "properties": {"name": "百村コミュニティ防災センター", "ward": "稲城市", "address": "稲城市百村2017", "elevator_or_1f": null, "slope": null, "braille_block": null, "wheelchair_toilet": null}}, {"type": "Feature", "geometry": {"type": "Point", "coordinates": [139.4784135, 35.62845155]}, "properties": {"name": "長峰コミュニティ防災センター", "ward": "稲城市", "address": "稲城市長峰2-31-1", "elevator_or_1f": true, "slope": null, "braille_block": null, "wheelchair_toilet": true}}, {"type": "Feature", "geometry": {"type": "Point", "coordinates": [139.498738, 35.64730197]}, "properties": {"name": "大丸地区会館", "ward": "稲城市", "address": "稲城市大丸251", "elevator_or_1f": null, "slope": true, "braille_block": null, "wheelchair_toilet": null}}, {"type": "Feature", "geometry": {"type": "Point", "coordinates": [139.5205226, 35.63646877]}, "properties": {"name": "松葉集会所", "ward": "稲城市", "address": "稲城市矢野口1892", "elevator_or_1f": null, "slope": true, "braille_block": true, "wheelchair_toilet": null}}, {"type": "Feature", "geometry": {"type": "Point", "coordinates": [139.511088, 35.649703]}, "properties": {"name": "押立ふれあい会館", "ward": "稲城市", "address": "稲城市押立663", "elevator_or_1f": null, "slope": true, "braille_block": true, "wheelchair_toilet": null}}, {"type": "Feature", "geometry": {"type": "Point", "coordinates": [139.508734, 35.628979]}, "properties": {"name": "南山小学校", "ward": "稲城市", "address": "稲城市矢野口3635", "elevator_or_1f": true, "slope": true, "braille_block": true, "wheelchair_toilet": true}}, {"type": "Feature", "geometry": {"type": "Point", "coordinates": [139.3131375, 35.75450195]}, "properties": {"name": "羽村東小学校", "ward": "羽村市", "address": "羽村市羽東2-18-1", "elevator_or_1f": null, "slope": null, "braille_block": null, "wheelchair_toilet": null}}, {"type": "Feature", "geometry": {"type": "Point", "coordinates": [139.3000112, 35.76521839]}, "properties": {"name": "羽村西小学校", "ward": "羽村市", "address": "羽村市羽加美4-2-9", "elevator_or_1f": true, "slope": null, "braille_block": null, "wheelchair_toilet": null}}, {"type": "Feature", "geometry": {"type": "Point", "coordinates": [139.3174008, 35.76236417]}, "properties": {"name": "富士見小学校", "ward": "羽村市", "address": "羽村市五ノ神4-9-5", "elevator_or_1f": true, "slope": null, "braille_block": true, "wheelchair_toilet": null}}, {"type": "Feature", "geometry": {"type": "Point", "coordinates": [139.3124509, 35.77168699]}, "properties": {"name": "栄小学校", "ward": "羽村市", "address": "羽村市栄町2-17", "elevator_or_1f": true, "slope": null, "braille_block": true, "wheelchair_toilet": null}}, {"type": "Feature", "geometry": {"type": "Point", "coordinates": [139.3301525, 35.76805587]}, "properties": {"name": "松林小学校", "ward": "羽村市", "address": "羽村市羽4122-2", "elevator_or_1f": true, "slope": null, "braille_block": true, "wheelchair_toilet": null}}, {"type": "Feature", "geometry": {"type": "Point", "coordinates": [139.298688, 35.77357841]}, "properties": {"name": "小作台小学校", "ward": "羽村市", "address": "羽村市小作台4-13-1", "elevator_or_1f": true, "slope": null, "braille_block": true, "wheelchair_toilet": null}}, {"type": "Feature", "geometry": {"type": "Point", "coordinates": [139.3324966, 35.76099873]}, "properties": {"name": "武蔵野小学校", "ward": "羽村市", "address": "羽村市川崎693-1", "elevator_or_1f": true, "slope": null, "braille_block": true, "wheelchair_toilet": null}}, {"type": "Feature", "geometry": {"type": "Point", "coordinates": [139.3073777, 35.76182297]}, "properties": {"name": "羽村第一中学校", "ward": "羽村市", "address": "羽村市羽中3-6-33", "elevator_or_1f": true, "slope": null, "braille_block": true, "wheelchair_toilet": null}}, {"type": "Feature", "geometry": {"type": "Point", "coordinates": [139.3243392, 35.76488607]}, "properties": {"name": "羽村第二中学校", "ward": "羽村市", "address": "羽村市富士見平1-16", "elevator_or_1f": true, "slope": null, "braille_block": null, "wheelchair_toilet": null}}, {"type": "Feature", "geometry": {"type": "Point", "coordinates": [139.3341725, 35.76144672]}, "properties": {"name": "羽村第三中学校", "ward": "羽村市", "address": "羽村市川崎697-1", "elevator_or_1f": true, "slope": null, "braille_block": true, "wheelchair_toilet": null}}, {"type": "Feature", "geometry": {"type": "Point", "coordinates": [139.315651, 35.725196]}, "properties": {"name": "東部図書館エル ※会議室、エントランス部分", "ward": "あきる野市", "address": "あきる野市野辺39-27", "elevator_or_1f": true, "slope": true, "braille_block": true, "wheelchair_toilet": true}}, {"type": "Feature", "geometry": {"type": "Point", "coordinates": [139.3056244, 35.72440714]}, "properties": {"name": "東秋留小学校体育館", "ward": "あきる野市", "address": "あきる野市野辺1123", "elevator_or_1f": true, "slope": null, "braille_block": null, "wheelchair_toilet": null}}, {"type": "Feature", "geometry": {"type": "Point", "coordinates": [139.287104, 35.730153]}, "properties": {"name": "あきる野ルピア3･4Ｆ", "ward": "あきる野市", "address": "あきる野市秋川1-8", "elevator_or_1f": true, "slope": true, "braille_block": null, "wheelchair_toilet": true}}, {"type": "Feature", "geometry": {"type": "Point", "coordinates": [139.288281, 35.731028]}, "properties": {"name": "秋川キララホール ※ロビー、エントランス部分", "ward": "あきる野市", "address": "あきる野市秋川1-16-1", "elevator_or_1f": true, "slope": true, "braille_block": null, "wheelchair_toilet": true}}, {"type": "Feature", "geometry": {"type": "Point", "coordinates": [139.3053909, 35.7371097]}, "properties": {"name": "草花小学校体育館", "ward": "あきる野市", "address": "あきる野市草花3130", "elevator_or_1f": true, "slope": null, "braille_block": null, "wheelchair_toilet": null}}, {"type": "Feature", "geometry": {"type": "Point", "coordinates": [139.3003641, 35.74205401]}, "properties": {"name": "多西小学校体育館", "ward": "あきる野市", "address": "あきる野市草花2885", "elevator_or_1f": true, "slope": null, "braille_block": null, "wheelchair_toilet": null}}, {"type": "Feature", "geometry": {"type": "Point", "coordinates": [139.2967045, 35.74067707]}, "properties": {"name": "御堂中学校体育館", "ward": "あきる野市", "address": "あきる野市草花3322", "elevator_or_1f": true, "slope": null, "braille_block": null, "wheelchair_toilet": null}}, {"type": "Feature", "geometry": {"type": "Point", "coordinates": [139.2486611, 35.7282252]}, "properties": {"name": "増戸小学校体育館", "ward": "あきる野市", "address": "あきる野市伊奈1173", "elevator_or_1f": true, "slope": null, "braille_block": null, "wheelchair_toilet": null}}, {"type": "Feature", "geometry": {"type": "Point", "coordinates": [139.249752, 35.72824423]}, "properties": {"name": "増戸中学校体育館", "ward": "あきる野市", "address": "あきる野市伊奈1181", "elevator_or_1f": true, "slope": null, "braille_block": null, "wheelchair_toilet": null}}, {"type": "Feature", "geometry": {"type": "Point", "coordinates": [139.183363, 35.734101]}, "properties": {"name": "小宮ふるさと自然体験学校2・3F", "ward": "あきる野市", "address": "あきる野市乙津1984", "elevator_or_1f": null, "slope": null, "braille_block": null, "wheelchair_toilet": null}}, {"type": "Feature", "geometry": {"type": "Point", "coordinates": [139.183363, 35.734101]}, "properties": {"name": "小宮ふるさと自然体験学校体育館", "ward": "あきる野市", "address": "あきる野市乙津1984", "elevator_or_1f": true, "slope": null, "braille_block": null, "wheelchair_toilet": null}}, {"type": "Feature", "geometry": {"type": "Point", "coordinates": [139.3231269, 35.72389466]}, "properties": {"name": "屋城小学校体育館", "ward": "あきる野市", "address": "あきる野市二宮東1-12-1", "elevator_or_1f": true, "slope": null, "braille_block": null, "wheelchair_toilet": null}}, {"type": "Feature", "geometry": {"type": "Point", "coordinates": [139.3146416, 35.72348049]}, "properties": {"name": "前田小学校体育館", "ward": "あきる野市", "address": "あきる野市野辺92", "elevator_or_1f": true, "slope": null, "braille_block": null, "wheelchair_toilet": null}}, {"type": "Feature", "geometry": {"type": "Point", "coordinates": [139.3022424, 35.73030839]}, "properties": {"name": "秋川体育館", "ward": "あきる野市", "address": "あきる野市二宮683", "elevator_or_1f": true, "slope": true, "braille_block": true, "wheelchair_toilet": true}}, {"type": "Feature", "geometry": {"type": "Point", "coordinates": [139.302241, 35.730401]}, "properties": {"name": "中央公民館", "ward": "あきる野市", "address": "あきる野市二宮683", "elevator_or_1f": true, "slope": true, "braille_block": true, "wheelchair_toilet": true}}, {"type": "Feature", "geometry": {"type": "Point", "coordinates": [139.2934441, 35.73084909]}, "properties": {"name": "秋多中学校体育館", "ward": "あきる野市", "address": "あきる野市二宮334", "elevator_or_1f": true, "slope": null, "braille_block": null, "wheelchair_toilet": null}}, {"type": "Feature", "geometry": {"type": "Point", "coordinates": [139.3028813, 35.73229418]}, "properties": {"name": "東中学校体育館", "ward": "あきる野市", "address": "あきる野市平沢200", "elevator_or_1f": true, "slope": null, "braille_block": null, "wheelchair_toilet": null}}, {"type": "Feature", "geometry": {"type": "Point", "coordinates": [139.2926376, 35.72111717]}, "properties": {"name": "南秋留小学校体育館", "ward": "あきる野市", "address": "あきる野市雨間810", "elevator_or_1f": true, "slope": null, "braille_block": null, "wheelchair_toilet": null}}, {"type": "Feature", "geometry": {"type": "Point", "coordinates": [139.2777905, 35.72995378]}, "properties": {"name": "西中学校体育館", "ward": "あきる野市", "address": "あきる野市上代継190", "elevator_or_1f": true, "slope": null, "braille_block": null, "wheelchair_toilet": null}}, {"type": "Feature", "geometry": {"type": "Point", "coordinates": [139.2767429, 35.72349048]}, "properties": {"name": "西秋留小学校体育館", "ward": "あきる野市", "address": "あきる野市上代継292", "elevator_or_1f": true, "slope": null, "braille_block": null, "wheelchair_toilet": null}}, {"type": "Feature", "geometry": {"type": "Point", "coordinates": [139.2719234, 35.72026071]}, "properties": {"name": "一の谷小学校体育館", "ward": "あきる野市", "address": "あきる野市引田980", "elevator_or_1f": true, "slope": null, "braille_block": null, "wheelchair_toilet": null}}, {"type": "Feature", "geometry": {"type": "Point", "coordinates": [139.2554055, 35.72931526]}, "properties": {"name": "五日市ファインプラザ", "ward": "あきる野市", "address": "あきる野市伊奈859-3", "elevator_or_1f": true, "slope": true, "braille_block": true, "wheelchair_toilet": true}}, {"type": "Feature", "geometry": {"type": "Point", "coordinates": [139.2221542, 35.7317721]}, "properties": {"name": "五日市小学校体育館", "ward": "あきる野市", "address": "あきる野市五日市315", "elevator_or_1f": true, "slope": null, "braille_block": null, "wheelchair_toilet": null}}, {"type": "Feature", "geometry": {"type": "Point", "coordinates": [139.2213413, 35.72997328]}, "properties": {"name": "五日市中学校体育館", "ward": "あきる野市", "address": "あきる野市五日市400", "elevator_or_1f": true, "slope": null, "braille_block": null, "wheelchair_toilet": null}}, {"type": "Feature", "geometry": {"type": "Point", "coordinates": [139.219984, 35.729377]}, "properties": {"name": "五日市地域交流センター", "ward": "あきる野市", "address": "あきる野市五日市411", "elevator_or_1f": true, "slope": true, "braille_block": null, "wheelchair_toilet": true}}, {"type": "Feature", "geometry": {"type": "Point", "coordinates": [139.220135, 35.729803]}, "properties": {"name": "五日市会館", "ward": "あきる野市", "address": "あきる野市五日市412", "elevator_or_1f": true, "slope": true, "braille_block": null, "wheelchair_toilet": null}}, {"type": "Feature", "geometry": {"type": "Point", "coordinates": [139.203755, 35.7256243]}, "properties": {"name": "戸倉しろやまテラス体育館", "ward": "あきる野市", "address": "あきる野市戸倉325", "elevator_or_1f": true, "slope": null, "braille_block": null, "wheelchair_toilet": null}}, {"type": "Feature", "geometry": {"type": "Point", "coordinates": [139.17905, 35.722946]}, "properties": {"name": "ふるさと工房五日市", "ward": "あきる野市", "address": "あきる野市乙津671", "elevator_or_1f": true, "slope": null, "braille_block": null, "wheelchair_toilet": true}}, {"type": "Feature", "geometry": {"type": "Point", "coordinates": [139.5375584, 35.72890182]}, "properties": {"name": "市立田無小学校", "ward": "西東京市", "address": "西東京市田無町4-5-21", "elevator_or_1f": true, "slope": null, "braille_block": null, "wheelchair_toilet": true}}, {"type": "Feature", "geometry": {"type": "Point", "coordinates": [139.5548456, 35.73736533]}, "properties": {"name": "市立保谷小学校", "ward": "西東京市", "address": "西東京市保谷町1-3-35", "elevator_or_1f": true, "slope": null, "braille_block": null, "wheelchair_toilet": null}}, {"type": "Feature", "geometry": {"type": "Point", "coordinates": [139.5580648, 35.75021296]}, "properties": {"name": "市立保谷第一小学校", "ward": "西東京市", "address": "西東京市下保谷1-4-4", "elevator_or_1f": true, "slope": true, "braille_block": null, "wheelchair_toilet": true}}, {"type": "Feature", "geometry": {"type": "Point", "coordinates": [139.5504787, 35.72024814]}, "properties": {"name": "市立保谷第二小学校", "ward": "西東京市", "address": "西東京市柳沢4-2-11", "elevator_or_1f": true, "slope": null, "braille_block": null, "wheelchair_toilet": true}}, {"type": "Feature", "geometry": {"type": "Point", "coordinates": [139.5427375, 35.74070363]}, "properties": {"name": "市立谷戸小学校", "ward": "西東京市", "address": "西東京市緑町3-1-1", "elevator_or_1f": true, "slope": true, "braille_block": null, "wheelchair_toilet": true}}, {"type": "Feature", "geometry": {"type": "Point", "coordinates": [139.5590557, 35.72594172]}, "properties": {"name": "市立東伏見小学校", "ward": "西東京市", "address": "西東京市東伏見6-1-28", "elevator_or_1f": true, "slope": null, "braille_block": null, "wheelchair_toilet": null}}, {"type": "Feature", "geometry": {"type": "Point", "coordinates": [139.5380887, 35.74720877]}, "properties": {"name": "市立中原小学校", "ward": "西東京市", "address": "西東京市ひばりが丘3-2-42", "elevator_or_1f": true, "slope": true, "braille_block": null, "wheelchair_toilet": true}}, {"type": "Feature", "geometry": {"type": "Point", "coordinates": [139.5396755, 35.72227662]}, "properties": {"name": "市立向台小学校", "ward": "西東京市", "address": "西東京市向台町2-1-1", "elevator_or_1f": true, "slope": true, "braille_block": null, "wheelchair_toilet": true}}, {"type": "Feature", "geometry": {"type": "Point", "coordinates": [139.5628669, 35.73853541]}, "properties": {"name": "市立碧山小学校", "ward": "西東京市", "address": "西東京市中町5-11-4", "elevator_or_1f": true, "slope": null, "braille_block": null, "wheelchair_toilet": true}}, {"type": "Feature", "geometry": {"type": "Point", "coordinates": [139.5226217, 35.72914239]}, "properties": {"name": "市立芝久保小学校", "ward": "西東京市", "address": "西東京市芝久保町3-7-1", "elevator_or_1f": true, "slope": true, "braille_block": null, "wheelchair_toilet": null}}, {"type": "Feature", "geometry": {"type": "Point", "coordinates": [139.5530072, 35.75213861]}, "properties": {"name": "市立栄小学校", "ward": "西東京市", "address": "西東京市栄町2-10-9", "elevator_or_1f": true, "slope": null, "braille_block": null, "wheelchair_toilet": null}}, {"type": "Feature", "geometry": {"type": "Point", "coordinates": [139.5453533, 35.74163459]}, "properties": {"name": "市立谷戸第二小学校", "ward": "西東京市", "address": "西東京市谷戸町1-17-27", "elevator_or_1f": true, "slope": null, "braille_block": null, "wheelchair_toilet": null}}, {"type": "Feature", "geometry": {"type": "Point", "coordinates": [139.5641607, 35.74181307]}, "properties": {"name": "市立東小学校", "ward": "西東京市", "address": "西東京市東町6-2-33", "elevator_or_1f": true, "slope": null, "braille_block": null, "wheelchair_toilet": null}}, {"type": "Feature", "geometry": {"type": "Point", "coordinates": [139.5476359, 35.72223184]}, "properties": {"name": "市立柳沢小学校", "ward": "西東京市", "address": "西東京市南町2-12-37", "elevator_or_1f": true, "slope": true, "braille_block": null, "wheelchair_toilet": true}}, {"type": "Feature", "geometry": {"type": "Point", "coordinates": [139.5257798, 35.72065943]}, "properties": {"name": "市立上向台小学校", "ward": "西東京市", "address": "西東京市向台町6-7-28", "elevator_or_1f": true, "slope": null, "braille_block": null, "wheelchair_toilet": true}}, {"type": "Feature", "geometry": {"type": "Point", "coordinates": [139.5558517, 35.73271688]}, "properties": {"name": "市立本町小学校", "ward": "西東京市", "address": "西東京市保谷町1-14-23", "elevator_or_1f": true, "slope": null, "braille_block": null, "wheelchair_toilet": null}}, {"type": "Feature", "geometry": {"type": "Point", "coordinates": [139.5532914, 35.74591332]}, "properties": {"name": "市立住吉小学校", "ward": "西東京市", "address": "西東京市住吉町5-2-1", "elevator_or_1f": true, "slope": true, "braille_block": null, "wheelchair_toilet": true}}, {"type": "Feature", "geometry": {"type": "Point", "coordinates": [139.5259292, 35.73443988]}, "properties": {"name": "市立けやき小学校", "ward": "西東京市", "address": "西東京市芝久保町5-7-1", "elevator_or_1f": true, "slope": true, "braille_block": null, "wheelchair_toilet": true}}, {"type": "Feature", "geometry": {"type": "Point", "coordinates": [139.5317691, 35.72453615]}, "properties": {"name": "市立田無第一中学校", "ward": "西東京市", "address": "西東京市南町6-9-37", "elevator_or_1f": true, "slope": null, "braille_block": null, "wheelchair_toilet": true}}, {"type": "Feature", "geometry": {"type": "Point", "coordinates": [139.5564717, 35.73349481]}, "properties": {"name": "市立保谷中学校", "ward": "西東京市", "address": "西東京市保谷町1-17-4", "elevator_or_1f": true, "slope": true, "braille_block": true, "wheelchair_toilet": true}}, {"type": "Feature", "geometry": {"type": "Point", "coordinates": [139.5451094, 35.73846194]}, "properties": {"name": "市立田無第二中学校", "ward": "西東京市", "address": "西東京市北原町2-9-1", "elevator_or_1f": true, "slope": null, "braille_block": null, "wheelchair_toilet": true}}, {"type": "Feature", "geometry": {"type": "Point", "coordinates": [139.5487429, 35.74296053]}, "properties": {"name": "市立ひばりが丘中学校", "ward": "西東京市", "address": "西東京市住吉町1-14-28", "elevator_or_1f": true, "slope": null, "braille_block": null, "wheelchair_toilet": true}}, {"type": "Feature", "geometry": {"type": "Point", "coordinates": [139.5309458, 35.73476698]}, "properties": {"name": "市立田無第三中学校", "ward": "西東京市", "address": "西東京市西原町3-4-1", "elevator_or_1f": true, "slope": null, "braille_block": null, "wheelchair_toilet": true}}, {"type": "Feature", "geometry": {"type": "Point", "coordinates": [139.5562938, 35.75625624]}, "properties": {"name": "市立青嵐中学校", "ward": "西東京市", "address": "西東京市北町2-13-17", "elevator_or_1f": true, "slope": true, "braille_block": null, "wheelchair_toilet": true}}, {"type": "Feature", "geometry": {"type": "Point", "coordinates": [139.5525935, 35.72055616]}, "properties": {"name": "市立柳沢中学校", "ward": "西東京市", "address": "西東京市柳沢3-8-22", "elevator_or_1f": true, "slope": null, "braille_block": null, "wheelchair_toilet": true}}, {"type": "Feature", "geometry": {"type": "Point", "coordinates": [139.5408055, 35.71981093]}, "properties": {"name": "市立田無第四中学校", "ward": "西東京市", "address": "西東京市向台町2-14-9", "elevator_or_1f": null, "slope": null, "braille_block": null, "wheelchair_toilet": true}}, {"type": "Feature", "geometry": {"type": "Point", "coordinates": [139.5630427, 35.74296791]}, "properties": {"name": "市立明保中学校", "ward": "西東京市", "address": "西東京市東町1-1-24", "elevator_or_1f": true, "slope": null, "braille_block": null, "wheelchair_toilet": true}}, {"type": "Feature", "geometry": {"type": "Point", "coordinates": [139.5289925, 35.72018957]}, "properties": {"name": "都立田無高等学校", "ward": "西東京市", "address": "西東京市向台町5-4-34", "elevator_or_1f": true, "slope": null, "braille_block": null, "wheelchair_toilet": true}}, {"type": "Feature", "geometry": {"type": "Point", "coordinates": [139.5554942, 35.74585239]}, "properties": {"name": "都立保谷高等学校", "ward": "西東京市", "address": "西東京市住吉町5-8-23", "elevator_or_1f": true, "slope": true, "braille_block": null, "wheelchair_toilet": true}}, {"type": "Feature", "geometry": {"type": "Point", "coordinates": [139.5489348, 35.72007311]}, "properties": {"name": "都立田無工業高等学校", "ward": "西東京市", "address": "西東京市向台町1-9-1", "elevator_or_1f": true, "slope": true, "braille_block": null, "wheelchair_toilet": true}}, {"type": "Feature", "geometry": {"type": "Point", "coordinates": [139.5470661, 35.71826327]}, "properties": {"name": "学校法人武蔵野大学", "ward": "西東京市", "address": "西東京市新町1-1-20", "elevator_or_1f": true, "slope": true, "braille_block": null, "wheelchair_toilet": null}}, {"type": "Feature", "geometry": {"type": "Point", "coordinates": [139.5301747, 35.73822357]}, "properties": {"name": "学校法人日本文華学園 文華女子高等学校", "ward": "西東京市", "address": "西東京市西原町4-5-85", "elevator_or_1f": null, "slope": null, "braille_block": null, "wheelchair_toilet": null}}, {"type": "Feature", "geometry": {"type": "Point", "coordinates": [139.352424, 35.769239]}, "properties": {"name": "瑞穂第一小学校", "ward": "瑞穂町", "address": "瑞穂町箱根ケ崎2287", "elevator_or_1f": true, "slope": null, "braille_block": null, "wheelchair_toilet": null}}, {"type": "Feature", "geometry": {"type": "Point", "coordinates": [139.329097, 35.782054]}, "properties": {"name": "瑞穂第二小学校", "ward": "瑞穂町", "address": "瑞穂町長岡長谷部250", "elevator_or_1f": true, "slope": null, "braille_block": null, "wheelchair_toilet": null}}, {"type": "Feature", "geometry": {"type": "Point", "coordinates": [139.355084, 35.790659]}, "properties": {"name": "瑞穂第三小学校", "ward": "瑞穂町", "address": "瑞穂町二本木670", "elevator_or_1f": true, "slope": null, "braille_block": null, "wheelchair_toilet": null}}, {"type": "Feature", "geometry": {"type": "Point", "coordinates": [139.336542, 35.76837801]}, "properties": {"name": "瑞穂第四小学校", "ward": "瑞穂町", "address": "瑞穂町箱根ケ崎西松原2-1", "elevator_or_1f": true, "slope": null, "braille_block": null, "wheelchair_toilet": null}}, {"type": "Feature", "geometry": {"type": "Point", "coordinates": [139.363123, 35.77235]}, "properties": {"name": "瑞穂第五小学校", "ward": "瑞穂町", "address": "瑞穂町殿ケ谷1160", "elevator_or_1f": true, "slope": null, "braille_block": null, "wheelchair_toilet": null}}, {"type": "Feature", "geometry": {"type": "Point", "coordinates": [139.3591767, 35.77617873]}, "properties": {"name": "瑞穂中学校", "ward": "瑞穂町", "address": "瑞穂町石畑1961-1", "elevator_or_1f": true, "slope": null, "braille_block": null, "wheelchair_toilet": null}}, {"type": "Feature", "geometry": {"type": "Point", "coordinates": [139.3363645, 35.78178649]}, "properties": {"name": "瑞穂第二中学校", "ward": "瑞穂町", "address": "瑞穂町箱根ケ崎1172", "elevator_or_1f": true, "slope": null, "braille_block": null, "wheelchair_toilet": null}}, {"type": "Feature", "geometry": {"type": "Point", "coordinates": [139.3570591, 35.77273106]}, "properties": {"name": "中央体育館", "ward": "瑞穂町", "address": "瑞穂町石畑1989", "elevator_or_1f": null, "slope": null, "braille_block": null, "wheelchair_toilet": null}}, {"type": "Feature", "geometry": {"type": "Point", "coordinates": [139.3476587, 35.7754595]}, "properties": {"name": "瑞穂武道館", "ward": "瑞穂町", "address": "瑞穂町箱根ケ崎519", "elevator_or_1f": true, "slope": null, "braille_block": null, "wheelchair_toilet": null}}, {"type": "Feature", "geometry": {"type": "Point", "coordinates": [139.3563033, 35.76931943]}, "properties": {"name": "あすなろ児童館", "ward": "瑞穂町", "address": "瑞穂町石畑1837", "elevator_or_1f": true, "slope": null, "braille_block": null, "wheelchair_toilet": null}}, {"type": "Feature", "geometry": {"type": "Point", "coordinates": [139.339618, 35.761574]}, "properties": {"name": "武蔵野コミュニティセンター", "ward": "瑞穂町", "address": "瑞穂町むさし野1-5", "elevator_or_1f": true, "slope": null, "braille_block": true, "wheelchair_toilet": null}}, {"type": "Feature", "geometry": {"type": "Point", "coordinates": [139.355464, 35.790953]}, "properties": {"name": "元狭山コミュニティセンター", "ward": "瑞穂町", "address": "瑞穂町二本木673-1", "elevator_or_1f": true, "slope": null, "braille_block": true, "wheelchair_toilet": null}}, {"type": "Feature", "geometry": {"type": "Point", "coordinates": [139.33708, 35.78089]}, "properties": {"name": "長岡コミュニティセンター", "ward": "瑞穂町", "address": "瑞穂町箱根ケ崎1180", "elevator_or_1f": true, "slope": null, "braille_block": true, "wheelchair_toilet": null}}, {"type": "Feature", "geometry": {"type": "Point", "coordinates": [139.35629365, 35.76928982]}, "properties": {"name": "町民会館", "ward": "瑞穂町", "address": "西多摩郡瑞穂町石畑1875", "elevator_or_1f": true, "slope": null, "braille_block": true, "wheelchair_toilet": null}}, {"type": "Feature", "geometry": {"type": "Point", "coordinates": [139.2676609, 35.74118024]}, "properties": {"name": "日の出町立平井小学校", "ward": "日の出町", "address": "日の出町平井1218", "elevator_or_1f": null, "slope": null, "braille_block": null, "wheelchair_toilet": null}}, {"type": "Feature", "geometry": {"type": "Point", "coordinates": [139.2622396, 35.73656162]}, "properties": {"name": "日の出町立本宿小学校", "ward": "日の出町", "address": "日の出町平井1855", "elevator_or_1f": true, "slope": null, "braille_block": null, "wheelchair_toilet": null}}, {"type": "Feature", "geometry": {"type": "Point", "coordinates": [139.2565977, 35.74480254]}, "properties": {"name": "日の出町立平井中学校", "ward": "日の出町", "address": "日の出町平井2654", "elevator_or_1f": true, "slope": null, "braille_block": null, "wheelchair_toilet": null}}, {"type": "Feature", "geometry": {"type": "Point", "coordinates": [139.2350345, 35.74580285]}, "properties": {"name": "日の出町立大久野小学校", "ward": "日の出町", "address": "日の出町大久野1175", "elevator_or_1f": true, "slope": null, "braille_block": null, "wheelchair_toilet": null}}, {"type": "Feature", "geometry": {"type": "Point", "coordinates": [139.2297901, 35.74192115]}, "properties": {"name": "日の出町立大久野中学校", "ward": "日の出町", "address": "日の出町大久野1559", "elevator_or_1f": null, "slope": null, "braille_block": null, "wheelchair_toilet": null}}, {"type": "Feature", "geometry": {"type": "Point", "coordinates": [139.2282532, 35.74375391]}, "properties": {"name": "大久野老人福祉センター(高齢者優先)", "ward": "日の出町", "address": "日の出町大久野2120-1", "elevator_or_1f": true, "slope": null, "braille_block": null, "wheelchair_toilet": null}}, {"type": "Feature", "geometry": {"type": "Point", "coordinates": [139.274833, 35.74317]}, "properties": {"name": "平井・生涯青春ふれあい総合福祉センター(高齢者優先)", "ward": "日の出町", "address": "日の出町平井4118", "elevator_or_1f": true, "slope": null, "braille_block": null, "wheelchair_toilet": null}}, {"type": "Feature", "geometry": {"type": "Point", "coordinates": [139.2602008, 35.73577965]}, "properties": {"name": "本宿老人福祉センター(高齢者優先)", "ward": "日の出町", "address": "日の出町平井1982", "elevator_or_1f": true, "slope": null, "braille_block": null, "wheelchair_toilet": null}}, {"type": "Feature", "geometry": {"type": "Point", "coordinates": [139.241384, 35.750129]}, "properties": {"name": "大久野健康いきいきセンター(高齢者優先)", "ward": "日の出町", "address": "日の出町大久野696-1", "elevator_or_1f": true, "slope": null, "braille_block": null, "wheelchair_toilet": null}}, {"type": "Feature", "geometry": {"type": "Point", "coordinates": [139.2568308, 35.74149592]}, "properties": {"name": "ユートピアサンホーム(障がい者優先)", "ward": "日の出町", "address": "日の出町平井2738", "elevator_or_1f": true, "slope": null, "braille_block": null, "wheelchair_toilet": null}}, {"type": "Feature", "geometry": {"type": "Point", "coordinates": [139.2593106, 35.74246288]}, "properties": {"name": "ひのでグリーンプラザ", "ward": "日の出町", "address": "日の出町平井3231-1", "elevator_or_1f": true, "slope": null, "braille_block": null, "wheelchair_toilet": null}}, {"type": "Feature", "geometry": {"type": "Point", "coordinates": [139.206047, 35.770379]}, "properties": {"name": "肝要の里", "ward": "日の出町", "address": "日の出町大久野4089", "elevator_or_1f": true, "slope": null, "braille_block": null, "wheelchair_toilet": null}}, {"type": "Feature", "geometry": {"type": "Point", "coordinates": [139.235887, 35.745815]}, "properties": {"name": "やまびこホール", "ward": "日の出町", "address": "日の出町大久野1165-2", "elevator_or_1f": true, "slope": null, "braille_block": null, "wheelchair_toilet": null}}, {"type": "Feature", "geometry": {"type": "Point", "coordinates": [139.2567839, 35.74130194]}, "properties": {"name": "ユートピアひまわりホーム(障がい者優先)", "ward": "日の出町", "address": "日の出町平井2738-3", "elevator_or_1f": true, "slope": null, "braille_block": null, "wheelchair_toilet": null}}, {"type": "Feature", "geometry": {"type": "Point", "coordinates": [139.1440459, 35.73167004]}, "properties": {"name": "檜原小学校", "ward": "檜原村", "address": "檜原村600", "elevator_or_1f": null, "slope": null, "braille_block": null, "wheelchair_toilet": null}}, {"type": "Feature", "geometry": {"type": "Point", "coordinates": [139.1454548, 35.72992527]}, "properties": {"name": "檜原中学校", "ward": "檜原村", "address": "檜原村575", "elevator_or_1f": null, "slope": null, "braille_block": null, "wheelchair_toilet": null}}, {"type": "Feature", "geometry": {"type": "Point", "coordinates": [139.127657, 35.70222]}, "properties": {"name": "南郷コミュニティセンター", "ward": "檜原村", "address": "檜原村1085", "elevator_or_1f": null, "slope": null, "braille_block": null, "wheelchair_toilet": null}}, {"type": "Feature", "geometry": {"type": "Point", "coordinates": [139.0890973, 35.71314968]}, "properties": {"name": "人里コミュニティセンター", "ward": "檜原村", "address": "檜原村1685", "elevator_or_1f": true, "slope": null, "braille_block": null, "wheelchair_toilet": null}}, {"type": "Feature", "geometry": {"type": "Point", "coordinates": [139.0540962, 35.7241398]}, "properties": {"name": "数馬の湯", "ward": "檜原村", "address": "檜原村2430", "elevator_or_1f": true, "slope": null, "braille_block": null, "wheelchair_toilet": null}}, {"type": "Feature", "geometry": {"type": "Point", "coordinates": [139.1302466, 35.74370731]}, "properties": {"name": "郷土資料館", "ward": "檜原村", "address": "檜原村3221", "elevator_or_1f": true, "slope": null, "braille_block": null, "wheelchair_toilet": null}}, {"type": "Feature", "geometry": {"type": "Point", "coordinates": [139.1219346, 35.73635792]}, "properties": {"name": "小沢コミュニティセンター", "ward": "檜原村", "address": "檜原村3791", "elevator_or_1f": true, "slope": null, "braille_block": null, "wheelchair_toilet": null}}, {"type": "Feature", "geometry": {"type": "Point", "coordinates": [139.113022, 35.731342]}, "properties": {"name": "樋里コミュニティセンター", "ward": "檜原村", "address": "檜原村4331", "elevator_or_1f": true, "slope": null, "braille_block": null, "wheelchair_toilet": null}}, {"type": "Feature", "geometry": {"type": "Point", "coordinates": [139.0823408, 35.73936254]}, "properties": {"name": "藤倉ドーム", "ward": "檜原村", "address": "檜原村4797", "elevator_or_1f": true, "slope": null, "braille_block": null, "wheelchair_toilet": null}}, {"type": "Feature", "geometry": {"type": "Point", "coordinates": [139.1668079, 35.80804202]}, "properties": {"name": "梅沢ｺﾐｭﾆﾃｨｾﾝﾀー", "ward": "奥多摩町", "address": "奥多摩町梅沢106-ﾛ", "elevator_or_1f": null, "slope": null, "braille_block": null, "wheelchair_toilet": null}}, {"type": "Feature", "geometry": {"type": "Point", "coordinates": [139.1520508, 35.8162017]}, "properties": {"name": "小丹波ｺﾐｭﾆﾃｨｾﾝﾀー", "ward": "奥多摩町", "address": "奥多摩町小丹波501", "elevator_or_1f": null, "slope": null, "braille_block": null, "wheelchair_toilet": null}}, {"type": "Feature", "geometry": {"type": "Point", "coordinates": [139.1280969, 35.8150752]}, "properties": {"name": "棚沢ｺﾐｭﾆﾃｨｾﾝﾀー", "ward": "奥多摩町", "address": "奥多摩町棚沢409", "elevator_or_1f": null, "slope": null, "braille_block": null, "wheelchair_toilet": null}}, {"type": "Feature", "geometry": {"type": "Point", "coordinates": [139.0973348, 35.8087291]}, "properties": {"name": "福祉会館", "ward": "奥多摩町", "address": "奥多摩町氷川190-ﾛ", "elevator_or_1f": true, "slope": null, "braille_block": null, "wheelchair_toilet": null}}, {"type": "Feature", "geometry": {"type": "Point", "coordinates": [139.0969909, 35.80769221]}, "properties": {"name": "氷川ｺﾐｭﾆﾃｨｾﾝﾀー", "ward": "奥多摩町", "address": "奥多摩町氷川178-1", "elevator_or_1f": null, "slope": null, "braille_block": null, "wheelchair_toilet": null}}, {"type": "Feature", "geometry": {"type": "Point", "coordinates": [139.0922654, 35.80363154]}, "properties": {"name": "常磐生活改善ｾﾝﾀー", "ward": "奥多摩町", "address": "奥多摩町氷川954-1", "elevator_or_1f": null, "slope": null, "braille_block": null, "wheelchair_toilet": null}}, {"type": "Feature", "geometry": {"type": "Point", "coordinates": [139.074255, 35.82714841]}, "properties": {"name": "大沢生活改善ｾﾝﾀー", "ward": "奥多摩町", "address": "奥多摩町日原198-ﾛ", "elevator_or_1f": null, "slope": null, "braille_block": null, "wheelchair_toilet": null}}, {"type": "Feature", "geometry": {"type": "Point", "coordinates": [139.0433931, 35.84201291]}, "properties": {"name": "旧日原小学校", "ward": "奥多摩町", "address": "奥多摩町日原768-ﾛ", "elevator_or_1f": null, "slope": null, "braille_block": null, "wheelchair_toilet": null}}, {"type": "Feature", "geometry": {"type": "Point", "coordinates": [139.0139898, 35.7874843]}, "properties": {"name": "坂本ｺﾐｭﾆﾃｨｾﾝﾀー", "ward": "奥多摩町", "address": "奥多摩町留浦1252", "elevator_or_1f": null, "slope": null, "braille_block": null, "wheelchair_toilet": null}}, {"type": "Feature", "geometry": {"type": "Point", "coordinates": [138.995644, 35.79500696]}, "properties": {"name": "峰生活改善ｾﾝﾀー", "ward": "奥多摩町", "address": "奥多摩町留浦891", "elevator_or_1f": null, "slope": null, "braille_block": null, "wheelchair_toilet": null}}, {"type": "Feature", "geometry": {"type": "Point", "coordinates": [139.0044628, 35.80687485]}, "properties": {"name": "奥生活改善ｾﾝﾀー", "ward": "奥多摩町", "address": "奥多摩町留浦1977-8", "elevator_or_1f": null, "slope": null, "braille_block": null, "wheelchair_toilet": null}}, {"type": "Feature", "geometry": {"type": "Point", "coordinates": [139.1652308, 35.81283343]}, "properties": {"name": "川井生活館", "ward": "奥多摩町", "address": "奥多摩町川井156-4", "elevator_or_1f": null, "slope": null, "braille_block": null, "wheelchair_toilet": null}}, {"type": "Feature", "geometry": {"type": "Point", "coordinates": [139.162993, 35.816744]}, "properties": {"name": "沼沢集会所", "ward": "奥多摩町", "address": "奥多摩町川井290-24", "elevator_or_1f": null, "slope": null, "braille_block": null, "wheelchair_toilet": null}}, {"type": "Feature", "geometry": {"type": "Point", "coordinates": [139.1647233, 35.82775274]}, "properties": {"name": "大丹波会館", "ward": "奥多摩町", "address": "奥多摩町大丹波122", "elevator_or_1f": null, "slope": null, "braille_block": null, "wheelchair_toilet": null}}, {"type": "Feature", "geometry": {"type": "Point", "coordinates": [139.1562258, 35.80843269]}, "properties": {"name": "丹三郎生活館", "ward": "奥多摩町", "address": "奥多摩町丹三郎180", "elevator_or_1f": null, "slope": null, "braille_block": null, "wheelchair_toilet": null}}, {"type": "Feature", "geometry": {"type": "Point", "coordinates": [139.139696, 35.81368]}, "properties": {"name": "寸庭集会所", "ward": "奥多摩町", "address": "奥多摩町小丹波911", "elevator_or_1f": null, "slope": null, "braille_block": null, "wheelchair_toilet": null}}, {"type": "Feature", "geometry": {"type": "Point", "coordinates": [139.1516968, 35.81743156]}, "properties": {"name": "旧小丹波生活館", "ward": "奥多摩町", "address": "奥多摩町小丹波472-2", "elevator_or_1f": null, "slope": null, "braille_block": null, "wheelchair_toilet": null}}, {"type": "Feature", "geometry": {"type": "Point", "coordinates": [139.1460194, 35.81447474]}, "properties": {"name": "小丹波上集会所", "ward": "奥多摩町", "address": "奥多摩町小丹波279-6", "elevator_or_1f": null, "slope": null, "braille_block": null, "wheelchair_toilet": null}}, {"type": "Feature", "geometry": {"type": "Point", "coordinates": [139.150323, 35.81490481]}, "properties": {"name": "古里小学校", "ward": "奥多摩町", "address": "奥多摩町小丹波75", "elevator_or_1f": null, "slope": null, "braille_block": null, "wheelchair_toilet": null}}, {"type": "Feature", "geometry": {"type": "Point", "coordinates": [139.14988, 35.815303]}, "properties": {"name": "奥多摩文化会館", "ward": "奥多摩町", "address": "奥多摩町小丹波82", "elevator_or_1f": true, "slope": null, "braille_block": null, "wheelchair_toilet": null}}, {"type": "Feature", "geometry": {"type": "Point", "coordinates": [139.1588494, 35.81125444]}, "properties": {"name": "旧古里中学校", "ward": "奥多摩町", "address": "奥多摩町川井594", "elevator_or_1f": null, "slope": null, "braille_block": null, "wheelchair_toilet": null}}, {"type": "Feature", "geometry": {"type": "Point", "coordinates": [139.1139, 35.811839]}, "properties": {"name": "白丸生活館", "ward": "奥多摩町", "address": "奥多摩町白丸76-1", "elevator_or_1f": null, "slope": null, "braille_block": null, "wheelchair_toilet": null}}, {"type": "Feature", "geometry": {"type": "Point", "coordinates": [139.1115098, 35.80180926]}, "properties": {"name": "海沢自治会館", "ward": "奥多摩町", "address": "奥多摩町海沢779-4", "elevator_or_1f": null, "slope": null, "braille_block": null, "wheelchair_toilet": null}}, {"type": "Feature", "geometry": {"type": "Point", "coordinates": [139.0972657, 35.81043091]}, "properties": {"name": "氷川小学校", "ward": "奥多摩町", "address": "奥多摩町氷川278", "elevator_or_1f": null, "slope": null, "braille_block": null, "wheelchair_toilet": null}}, {"type": "Feature", "geometry": {"type": "Point", "coordinates": [139.1011417, 35.80370577]}, "properties": {"name": "奥多摩中学校", "ward": "奥多摩町", "address": "奥多摩町氷川760", "elevator_or_1f": null, "slope": null, "braille_block": null, "wheelchair_toilet": null}}, {"type": "Feature", "geometry": {"type": "Point", "coordinates": [139.0997907, 35.80478061]}, "properties": {"name": "長畑生活館", "ward": "奥多摩町", "address": "奥多摩町氷川737", "elevator_or_1f": null, "slope": null, "braille_block": null, "wheelchair_toilet": null}}, {"type": "Feature", "geometry": {"type": "Point", "coordinates": [139.0933853, 35.80539037]}, "properties": {"name": "南氷川生活館", "ward": "奥多摩町", "address": "奥多摩町氷川1371", "elevator_or_1f": null, "slope": null, "braille_block": null, "wheelchair_toilet": null}}, {"type": "Feature", "geometry": {"type": "Point", "coordinates": [139.094549, 35.811928]}, "properties": {"name": "栃久保自治会館", "ward": "奥多摩町", "address": "奥多摩町氷川1806-1", "elevator_or_1f": null, "slope": null, "braille_block": null, "wheelchair_toilet": null}}, {"type": "Feature", "geometry": {"type": "Point", "coordinates": [139.043904, 35.841534]}, "properties": {"name": "日原生活館", "ward": "奥多摩町", "address": "奥多摩町日原760", "elevator_or_1f": null, "slope": null, "braille_block": null, "wheelchair_toilet": null}}, {"type": "Feature", "geometry": {"type": "Point", "coordinates": [139.084785, 35.799674]}, "properties": {"name": "境生活館", "ward": "奥多摩町", "address": "奥多摩町境11-1", "elevator_or_1f": null, "slope": null, "braille_block": null, "wheelchair_toilet": null}}, {"type": "Feature", "geometry": {"type": "Point", "coordinates": [139.0778128, 35.79930765]}, "properties": {"name": "境集会所", "ward": "奥多摩町", "address": "奥多摩町境353", "elevator_or_1f": null, "slope": null, "braille_block": null, "wheelchair_toilet": null}}, {"type": "Feature", "geometry": {"type": "Point", "coordinates": [139.0571508, 35.79420068]}, "properties": {"name": "中山生活館", "ward": "奥多摩町", "address": "奥多摩町境871-1", "elevator_or_1f": null, "slope": null, "braille_block": null, "wheelchair_toilet": null}}, {"type": "Feature", "geometry": {"type": "Point", "coordinates": [139.0392897, 35.78437632]}, "properties": {"name": "原生活館", "ward": "奥多摩町", "address": "奥多摩町原268-2", "elevator_or_1f": null, "slope": null, "braille_block": null, "wheelchair_toilet": null}}, {"type": "Feature", "geometry": {"type": "Point", "coordinates": [139.004452, 35.77764316]}, "properties": {"name": "川野生活館", "ward": "奥多摩町", "address": "奥多摩町川野261-1", "elevator_or_1f": null, "slope": null, "braille_block": null, "wheelchair_toilet": null}}, {"type": "Feature", "geometry": {"type": "Point", "coordinates": [138.9902861, 35.77846869]}, "properties": {"name": "留浦生活館", "ward": "奥多摩町", "address": "奥多摩町留浦619-1", "elevator_or_1f": null, "slope": null, "braille_block": null, "wheelchair_toilet": null}}, {"type": "Feature", "geometry": {"type": "Point", "coordinates": [139.0144588, 35.7867094]}, "properties": {"name": "旧小河内小学校", "ward": "奥多摩町", "address": "奥多摩町留浦1237", "elevator_or_1f": null, "slope": null, "braille_block": null, "wheelchair_toilet": null}}, {"type": "Feature", "geometry": {"type": "Point", "coordinates": [139.0144657, 35.78697437]}, "properties": {"name": "旧小河内中学校", "ward": "奥多摩町", "address": "奥多摩町留浦1237", "elevator_or_1f": null, "slope": null, "braille_block": null, "wheelchair_toilet": null}}, {"type": "Feature", "geometry": {"type": "Point", "coordinates": [139.0040213, 35.79435726]}, "properties": {"name": "峰谷生活館", "ward": "奥多摩町", "address": "奥多摩町川野529-1", "elevator_or_1f": null, "slope": null, "braille_block": null, "wheelchair_toilet": null}}, {"type": "Feature", "geometry": {"type": "Point", "coordinates": [139.04827338, 35.79283531]}, "properties": {"name": "奥多摩水と緑のふれあい館3Dシアター", "ward": "奥多摩町", "address": "奥多摩町原5", "elevator_or_1f": true, "slope": true, "braille_block": null, "wheelchair_toilet": true}}, {"type": "Feature", "geometry": {"type": "Point", "coordinates": [139.391382, 34.785459]}, "properties": {"name": "岡田コミュニティーセンター", "ward": "大島町", "address": "大島町岡田字助田", "elevator_or_1f": true, "slope": null, "braille_block": null, "wheelchair_toilet": null}}, {"type": "Feature", "geometry": {"type": "Point", "coordinates": [139.35987, 34.765471]}, "properties": {"name": "大島高校", "ward": "大島町", "address": "大島町元町字八重の水", "elevator_or_1f": true, "slope": null, "braille_block": null, "wheelchair_toilet": null}}, {"type": "Feature", "geometry": {"type": "Point", "coordinates": [139.4327493, 34.68184619]}, "properties": {"name": "大島海洋国際高校", "ward": "大島町", "address": "大島町差木地字下原", "elevator_or_1f": true, "slope": null, "braille_block": null, "wheelchair_toilet": null}}, {"type": "Feature", "geometry": {"type": "Point", "coordinates": [139.435088, 34.68297913]}, "properties": {"name": "ｸﾀﾞｯﾁ老人福祉会館", "ward": "大島町", "address": "大島町差木地字下原", "elevator_or_1f": true, "slope": null, "braille_block": null, "wheelchair_toilet": null}}, {"type": "Feature", "geometry": {"type": "Point", "coordinates": [139.440866, 34.686776]}, "properties": {"name": "波浮港老人福祉館", "ward": "大島町", "address": "大島町波浮港6", "elevator_or_1f": true, "slope": null, "braille_block": null, "wheelchair_toilet": null}}, {"type": "Feature", "geometry": {"type": "Point", "coordinates": [139.355385, 34.750256]}, "properties": {"name": "開発総合センター1階、2階", "ward": "大島町", "address": "大島町元町1-1-14", "elevator_or_1f": true, "slope": null, "braille_block": null, "wheelchair_toilet": null}}, {"type": "Feature", "geometry": {"type": "Point", "coordinates": [139.382507, 34.783028]}, "properties": {"name": "けんこうセンター", "ward": "大島町", "address": "大島町岡田字沢立111-1", "elevator_or_1f": true, "slope": null, "braille_block": null, "wheelchair_toilet": null}}, {"type": "Feature", "geometry": {"type": "Point", "coordinates": [139.4229414, 34.77875516]}, "properties": {"name": "旧泉津小学校体育館", "ward": "大島町", "address": "大島町泉津字不重", "elevator_or_1f": true, "slope": null, "braille_block": null, "wheelchair_toilet": null}}, {"type": "Feature", "geometry": {"type": "Point", "coordinates": [139.4127646, 34.7832479]}, "properties": {"name": "泉津公民館", "ward": "大島町", "address": "大島町泉津字川之原", "elevator_or_1f": true, "slope": null, "braille_block": null, "wheelchair_toilet": null}}, {"type": "Feature", "geometry": {"type": "Point", "coordinates": [139.3822876, 34.78389453]}, "properties": {"name": "さくら小学校体育館", "ward": "大島町", "address": "大島町岡田字長坂", "elevator_or_1f": true, "slope": null, "braille_block": null, "wheelchair_toilet": null}}, {"type": "Feature", "geometry": {"type": "Point", "coordinates": [139.3815426, 34.78497639]}, "properties": {"name": "第二中学校体育館", "ward": "大島町", "address": "大島町岡田字長坂", "elevator_or_1f": true, "slope": null, "braille_block": null, "wheelchair_toilet": null}}, {"type": "Feature", "geometry": {"type": "Point", "coordinates": [139.3613176, 34.77811363]}, "properties": {"name": "旧北の山小学校体育館", "ward": "大島町", "address": "大島町元町字佐吾右衛門野地", "elevator_or_1f": true, "slope": null, "braille_block": null, "wheelchair_toilet": null}}, {"type": "Feature", "geometry": {"type": "Point", "coordinates": [139.3617416, 34.7775837]}, "properties": {"name": "北の山公民館", "ward": "大島町", "address": "大島町元町字佐吾右衛門野地", "elevator_or_1f": true, "slope": null, "braille_block": null, "wheelchair_toilet": null}}, {"type": "Feature", "geometry": {"type": "Point", "coordinates": [139.3608208, 34.74916384]}, "properties": {"name": "つばき小学校体育館", "ward": "大島町", "address": "大島町元町字家の上", "elevator_or_1f": true, "slope": null, "braille_block": null, "wheelchair_toilet": null}}, {"type": "Feature", "geometry": {"type": "Point", "coordinates": [139.3602795, 34.75784486]}, "properties": {"name": "第一中学校体育館", "ward": "大島町", "address": "大島町元町字小清水", "elevator_or_1f": true, "slope": null, "braille_block": null, "wheelchair_toilet": null}}, {"type": "Feature", "geometry": {"type": "Point", "coordinates": [139.3565537, 34.73328549]}, "properties": {"name": "旧野増小学校体育館", "ward": "大島町", "address": "大島町野増字大宮", "elevator_or_1f": true, "slope": null, "braille_block": null, "wheelchair_toilet": null}}, {"type": "Feature", "geometry": {"type": "Point", "coordinates": [139.3861046, 34.69615239]}, "properties": {"name": "間伏文化会館", "ward": "大島町", "address": "大島町野増字間伏", "elevator_or_1f": true, "slope": null, "braille_block": null, "wheelchair_toilet": null}}, {"type": "Feature", "geometry": {"type": "Point", "coordinates": [139.3537231, 34.72892591]}, "properties": {"name": "野増公民館", "ward": "大島町", "address": "大島町野増5", "elevator_or_1f": true, "slope": null, "braille_block": null, "wheelchair_toilet": null}}, {"type": "Feature", "geometry": {"type": "Point", "coordinates": [139.414691, 34.684008]}, "properties": {"name": "旧差木地小学校体育館", "ward": "大島町", "address": "大島町差木地1", "elevator_or_1f": true, "slope": null, "braille_block": null, "wheelchair_toilet": null}}, {"type": "Feature", "geometry": {"type": "Point", "coordinates": [139.414609, 34.683798]}, "properties": {"name": "差木地公民館", "ward": "大島町", "address": "大島町差木地1", "elevator_or_1f": true, "slope": null, "braille_block": null, "wheelchair_toilet": null}}, {"type": "Feature", "geometry": {"type": "Point", "coordinates": [139.433712, 34.68670068]}, "properties": {"name": "第三中学校体育館", "ward": "大島町", "address": "大島町差木地字沖の根", "elevator_or_1f": true, "slope": null, "braille_block": null, "wheelchair_toilet": null}}, {"type": "Feature", "geometry": {"type": "Point", "coordinates": [139.434443, 34.68594]}, "properties": {"name": "つつじ小学校多目的室", "ward": "大島町", "address": "大島町差木地字沖の根", "elevator_or_1f": true, "slope": null, "braille_block": null, "wheelchair_toilet": null}}, {"type": "Feature", "geometry": {"type": "Point", "coordinates": [139.4397414, 34.69040142]}, "properties": {"name": "旧波浮小学校体育館", "ward": "大島町", "address": "大島町波浮港17", "elevator_or_1f": true, "slope": null, "braille_block": null, "wheelchair_toilet": null}}, {"type": "Feature", "geometry": {"type": "Point", "coordinates": [139.355918, 34.732641]}, "properties": {"name": "野増地域防災コミュニティセンター", "ward": "大島町", "address": "大島町野増169-1", "elevator_or_1f": null, "slope": null, "braille_block": null, "wheelchair_toilet": null}}, {"type": "Feature", "geometry": {"type": "Point", "coordinates": [139.392216, 34.695309]}, "properties": {"name": "間伏地域防災コミュニティセンター", "ward": "大島町", "address": "大島町野増字間伏フッコミ375-1", "elevator_or_1f": true, "slope": null, "braille_block": null, "wheelchair_toilet": null}}, {"type": "Feature", "geometry": {"type": "Point", "coordinates": [139.381485, 34.784848]}, "properties": {"name": "第二中学校校舎2、3階", "ward": "大島町", "address": "大島町岡田字長坂", "elevator_or_1f": null, "slope": null, "braille_block": null, "wheelchair_toilet": null}}, {"type": "Feature", "geometry": {"type": "Point", "coordinates": [139.278015, 34.529991]}, "properties": {"name": "地域交流会館", "ward": "利島村", "address": "利島村863", "elevator_or_1f": null, "slope": null, "braille_block": null, "wheelchair_toilet": null}}, {"type": "Feature", "geometry": {"type": "Point", "coordinates": [139.2803239, 34.5292062]}, "properties": {"name": "利島中学校体育館", "ward": "利島村", "address": "利島村13", "elevator_or_1f": null, "slope": null, "braille_block": null, "wheelchair_toilet": null}}, {"type": "Feature", "geometry": {"type": "Point", "coordinates": [139.2805859, 34.52828431]}, "properties": {"name": "勤労福祉会館", "ward": "利島村", "address": "利島村1351", "elevator_or_1f": null, "slope": null, "braille_block": null, "wheelchair_toilet": null}}, {"type": "Feature", "geometry": {"type": "Point", "coordinates": [139.2565798, 34.36975027]}, "properties": {"name": "新島保育園", "ward": "新島村", "address": "新島村本村4-11-4", "elevator_or_1f": true, "slope": null, "braille_block": null, "wheelchair_toilet": null}}, {"type": "Feature", "geometry": {"type": "Point", "coordinates": [139.2583517, 34.3690444]}, "properties": {"name": "新島高校", "ward": "新島村", "address": "新島村本村4-10-1", "elevator_or_1f": true, "slope": null, "braille_block": null, "wheelchair_toilet": null}}, {"type": "Feature", "geometry": {"type": "Point", "coordinates": [139.25679, 34.371029]}, "properties": {"name": "新島高等学校格技棟", "ward": "新島村", "address": "新島村本村4-10-1", "elevator_or_1f": true, "slope": null, "braille_block": null, "wheelchair_toilet": null}}, {"type": "Feature", "geometry": {"type": "Point", "coordinates": [139.2578034, 34.37852533]}, "properties": {"name": "新島小学校", "ward": "新島村", "address": "新島村本村2-1-1", "elevator_or_1f": null, "slope": null, "braille_block": null, "wheelchair_toilet": null}}, {"type": "Feature", "geometry": {"type": "Point", "coordinates": [139.258577, 34.368445]}, "properties": {"name": "新島中学校", "ward": "新島村", "address": "新島村本村4-10-12", "elevator_or_1f": true, "slope": null, "braille_block": null, "wheelchair_toilet": null}}, {"type": "Feature", "geometry": {"type": "Point", "coordinates": [139.2550828, 34.37266491]}, "properties": {"name": "勤労福祉会館", "ward": "新島村", "address": "新島村本村5-6-1", "elevator_or_1f": true, "slope": null, "braille_block": null, "wheelchair_toilet": null}}, {"type": "Feature", "geometry": {"type": "Point", "coordinates": [139.2562386, 34.3766645]}, "properties": {"name": "老人福祉センター（青葉会館）", "ward": "新島村", "address": "新島村本村1-8-2", "elevator_or_1f": null, "slope": null, "braille_block": null, "wheelchair_toilet": null}}, {"type": "Feature", "geometry": {"type": "Point", "coordinates": [139.2571135, 34.37707347]}, "properties": {"name": "住民センター", "ward": "新島村", "address": "新島村本村1-1-1", "elevator_or_1f": null, "slope": null, "braille_block": null, "wheelchair_toilet": null}}, {"type": "Feature", "geometry": {"type": "Point", "coordinates": [139.259705, 34.37261]}, "properties": {"name": "さわやか健康センター", "ward": "新島村", "address": "新島村本村3-12-8", "elevator_or_1f": true, "slope": null, "braille_block": null, "wheelchair_toilet": null}}, {"type": "Feature", "geometry": {"type": "Point", "coordinates": [139.2837905, 34.42317705]}, "properties": {"name": "若郷会館", "ward": "新島村", "address": "新島村若郷1-4", "elevator_or_1f": null, "slope": null, "braille_block": null, "wheelchair_toilet": null}}, {"type": "Feature", "geometry": {"type": "Point", "coordinates": [139.2164698, 34.32717296]}, "properties": {"name": "式根島小学校", "ward": "新島村", "address": "新島村式根島244", "elevator_or_1f": null, "slope": null, "braille_block": null, "wheelchair_toilet": null}}, {"type": "Feature", "geometry": {"type": "Point", "coordinates": [139.2172497, 34.32826286]}, "properties": {"name": "式根島中学校", "ward": "新島村", "address": "新島村式根島166", "elevator_or_1f": null, "slope": null, "braille_block": null, "wheelchair_toilet": null}}, {"type": "Feature", "geometry": {"type": "Point", "coordinates": [139.2161939, 34.32513318]}, "properties": {"name": "福祉センター", "ward": "新島村", "address": "新島村式根島255-1", "elevator_or_1f": null, "slope": null, "braille_block": null, "wheelchair_toilet": null}}, {"type": "Feature", "geometry": {"type": "Point", "coordinates": [139.216241, 34.326814]}, "properties": {"name": "開発総合センター", "ward": "新島村", "address": "新島村式根島253", "elevator_or_1f": null, "slope": null, "braille_block": null, "wheelchair_toilet": null}}, {"type": "Feature", "geometry": {"type": "Point", "coordinates": [139.27971143, 34.414197]}, "properties": {"name": "若郷防災コミュニティセンター", "ward": "新島村", "address": "新島村若郷字野原淡井道南4-2", "elevator_or_1f": null, "slope": true, "braille_block": null, "wheelchair_toilet": true}}, {"type": "Feature", "geometry": {"type": "Point", "coordinates": [139.1343383, 34.20256365]}, "properties": {"name": "都立神津高等学校", "ward": "神津島村", "address": "神津島村1620", "elevator_or_1f": null, "slope": null, "braille_block": null, "wheelchair_toilet": null}}, {"type": "Feature", "geometry": {"type": "Point", "coordinates": [139.1350341, 34.20565633]}, "properties": {"name": "はまゆう保育園", "ward": "神津島村", "address": "神津島村902", "elevator_or_1f": null, "slope": null, "braille_block": null, "wheelchair_toilet": null}}, {"type": "Feature", "geometry": {"type": "Point", "coordinates": [139.1345551, 34.2058003]}, "properties": {"name": "生きがい健康センター", "ward": "神津島村", "address": "神津島村903", "elevator_or_1f": true, "slope": null, "braille_block": true, "wheelchair_toilet": null}}, {"type": "Feature", "geometry": {"type": "Point", "coordinates": [139.1386268, 34.20576641]}, "properties": {"name": "神津小学校", "ward": "神津島村", "address": "神津島村807", "elevator_or_1f": null, "slope": null, "braille_block": null, "wheelchair_toilet": null}}, {"type": "Feature", "geometry": {"type": "Point", "coordinates": [139.1352853, 34.20092086]}, "properties": {"name": "神津中学校", "ward": "神津島村", "address": "神津島村1741", "elevator_or_1f": null, "slope": null, "braille_block": null, "wheelchair_toilet": null}}, {"type": "Feature", "geometry": {"type": "Point", "coordinates": [139.1344094, 34.2003769]}, "properties": {"name": "開発総合センター", "ward": "神津島村", "address": "神津島村1761", "elevator_or_1f": null, "slope": null, "braille_block": null, "wheelchair_toilet": null}}, {"type": "Feature", "geometry": {"type": "Point", "coordinates": [139.5089571, 34.11780559]}, "properties": {"name": "三宅村立みやけ保育園", "ward": "三宅村", "address": "三宅村伊豆770-3", "elevator_or_1f": true, "slope": true, "braille_block": null, "wheelchair_toilet": true}}, {"type": "Feature", "geometry": {"type": "Point", "coordinates": [139.4907593, 34.09961713]}, "properties": {"name": "三宅村ｺﾐｭﾆﾃｨーｾﾝﾀー", "ward": "三宅村", "address": "三宅村伊ヶ谷330", "elevator_or_1f": true, "slope": true, "braille_block": null, "wheelchair_toilet": true}}, {"type": "Feature", "geometry": {"type": "Point", "coordinates": [139.547139, 34.058696]}, "properties": {"name": "三宅村ﾚｸﾘｴーｼｮﾝｾﾝﾀー", "ward": "三宅村", "address": "三宅村坪田3034", "elevator_or_1f": null, "slope": null, "braille_block": null, "wheelchair_toilet": null}}, {"type": "Feature", "geometry": {"type": "Point", "coordinates": [139.522576, 34.120176]}, "properties": {"name": "三宅村神着老人福祉館", "ward": "三宅村", "address": "三宅村神着197", "elevator_or_1f": true, "slope": true, "braille_block": null, "wheelchair_toilet": null}}, {"type": "Feature", "geometry": {"type": "Point", "coordinates": [139.5037735, 34.11962826]}, "properties": {"name": "三宅村立三宅小学校", "ward": "三宅村", "address": "三宅村伊豆468", "elevator_or_1f": null, "slope": true, "braille_block": null, "wheelchair_toilet": true}}, {"type": "Feature", "geometry": {"type": "Point", "coordinates": [139.5046133, 34.12085314]}, "properties": {"name": "三宅村立三宅中学校", "ward": "三宅村", "address": "三宅村伊豆470", "elevator_or_1f": null, "slope": true, "braille_block": null, "wheelchair_toilet": true}}, {"type": "Feature", "geometry": {"type": "Point", "coordinates": [139.500412, 34.113132]}, "properties": {"name": "三宅村伊豆老人福祉館", "ward": "三宅村", "address": "三宅村伊豆1054", "elevator_or_1f": null, "slope": true, "braille_block": null, "wheelchair_toilet": null}}, {"type": "Feature", "geometry": {"type": "Point", "coordinates": [139.505906, 34.120298]}, "properties": {"name": "三宅村活動火山対策避難施設", "ward": "三宅村", "address": "三宅村伊豆480-1", "elevator_or_1f": null, "slope": true, "braille_block": null, "wheelchair_toilet": true}}, {"type": "Feature", "geometry": {"type": "Point", "coordinates": [139.479166, 34.075946]}, "properties": {"name": "三宅島郷土資料館", "ward": "三宅村", "address": "三宅村阿古497", "elevator_or_1f": null, "slope": true, "braille_block": null, "wheelchair_toilet": null}}, {"type": "Feature", "geometry": {"type": "Point", "coordinates": [139.545089, 34.059838]}, "properties": {"name": "三宅村文化会館", "ward": "三宅村", "address": "三宅村坪田3050", "elevator_or_1f": true, "slope": true, "braille_block": true, "wheelchair_toilet": true}}, {"type": "Feature", "geometry": {"type": "Point", "coordinates": [139.5380569, 34.05844588]}, "properties": {"name": "東京都立三宅高等学校", "ward": "三宅村", "address": "三宅村坪田4586", "elevator_or_1f": null, "slope": null, "braille_block": null, "wheelchair_toilet": null}}, {"type": "Feature", "geometry": {"type": "Point", "coordinates": [139.479166, 34.075946]}, "properties": {"name": "三宅村阿古体育館", "ward": "三宅村", "address": "三宅村阿古497", "elevator_or_1f": true, "slope": true, "braille_block": null, "wheelchair_toilet": null}}, {"type": "Feature", "geometry": {"type": "Point", "coordinates": [139.483242, 34.069869]}, "properties": {"name": "三宅村阿古福祉会館", "ward": "三宅村", "address": "三宅村阿古1906", "elevator_or_1f": null, "slope": null, "braille_block": null, "wheelchair_toilet": null}}, {"type": "Feature", "geometry": {"type": "Point", "coordinates": [139.479166, 34.075946]}, "properties": {"name": "三宅村役場臨時庁舎", "ward": "三宅村", "address": "三宅村阿古497", "elevator_or_1f": null, "slope": true, "braille_block": null, "wheelchair_toilet": true}}, {"type": "Feature", "geometry": {"type": "Point", "coordinates": [139.595974, 33.89668615]}, "properties": {"name": "御蔵島小中学校", "ward": "御蔵島村", "address": "御蔵島村字入かねが沢", "elevator_or_1f": true, "slope": null, "braille_block": true, "wheelchair_toilet": null}}, {"type": "Feature", "geometry": {"type": "Point", "coordinates": [139.801394, 33.124931]}, "properties": {"name": "むつみ第2保育園", "ward": "八丈町", "address": "八丈町三根505-1", "elevator_or_1f": true, "slope": null, "braille_block": null, "wheelchair_toilet": null}}, {"type": "Feature", "geometry": {"type": "Point", "coordinates": [139.792365, 33.113804]}, "properties": {"name": "コミュニティセンター", "ward": "八丈町", "address": "八丈町三根26", "elevator_or_1f": true, "slope": null, "braille_block": null, "wheelchair_toilet": null}}, {"type": "Feature", "geometry": {"type": "Point", "coordinates": [139.7799564, 33.10722701]}, "properties": {"name": "八丈高校", "ward": "八丈町", "address": "八丈町大賀郷3020", "elevator_or_1f": true, "slope": null, "braille_block": null, "wheelchair_toilet": true}}, {"type": "Feature", "geometry": {"type": "Point", "coordinates": [139.789059, 33.112756]}, "properties": {"name": "多目的ホール「おじゃれ」", "ward": "八丈町", "address": "八丈町大賀郷2551-2", "elevator_or_1f": true, "slope": null, "braille_block": null, "wheelchair_toilet": true}}, {"type": "Feature", "geometry": {"type": "Point", "coordinates": [139.851239, 33.082163]}, "properties": {"name": "末吉多目的交流施設", "ward": "八丈町", "address": "八丈町末吉2648", "elevator_or_1f": true, "slope": null, "braille_block": null, "wheelchair_toilet": true}}, {"type": "Feature", "geometry": {"type": "Point", "coordinates": [139.8023181, 33.11885731]}, "properties": {"name": "三根公民館", "ward": "八丈町", "address": "八丈町三根347", "elevator_or_1f": true, "slope": null, "braille_block": null, "wheelchair_toilet": null}}, {"type": "Feature", "geometry": {"type": "Point", "coordinates": [139.8007772, 33.11885727]}, "properties": {"name": "三根小学校", "ward": "八丈町", "address": "八丈町三根341", "elevator_or_1f": null, "slope": null, "braille_block": null, "wheelchair_toilet": null}}, {"type": "Feature", "geometry": {"type": "Point", "coordinates": [139.795108, 33.124663]}, "properties": {"name": "富士中学校", "ward": "八丈町", "address": "八丈町三根4655", "elevator_or_1f": null, "slope": null, "braille_block": null, "wheelchair_toilet": null}}, {"type": "Feature", "geometry": {"type": "Point", "coordinates": [139.8031711, 33.11645259]}, "properties": {"name": "むつみ保育園", "ward": "八丈町", "address": "八丈町三根1763", "elevator_or_1f": true, "slope": null, "braille_block": null, "wheelchair_toilet": null}}, {"type": "Feature", "geometry": {"type": "Point", "coordinates": [139.7838621, 33.10672016]}, "properties": {"name": "大賀郷公民館", "ward": "八丈町", "address": "八丈町大賀郷3060", "elevator_or_1f": null, "slope": null, "braille_block": null, "wheelchair_toilet": null}}, {"type": "Feature", "geometry": {"type": "Point", "coordinates": [139.7881248, 33.1045355]}, "properties": {"name": "大賀郷小学校", "ward": "八丈町", "address": "八丈町大賀郷15", "elevator_or_1f": true, "slope": null, "braille_block": null, "wheelchair_toilet": true}}, {"type": "Feature", "geometry": {"type": "Point", "coordinates": [139.7813863, 33.10634414]}, "properties": {"name": "大賀郷中学校", "ward": "八丈町", "address": "八丈町大賀郷3073", "elevator_or_1f": null, "slope": null, "braille_block": null, "wheelchair_toilet": null}}, {"type": "Feature", "geometry": {"type": "Point", "coordinates": [139.785484, 33.10566131]}, "properties": {"name": "若草保育園", "ward": "八丈町", "address": "八丈町大賀郷71", "elevator_or_1f": true, "slope": null, "braille_block": null, "wheelchair_toilet": null}}, {"type": "Feature", "geometry": {"type": "Point", "coordinates": [139.796132, 33.071638]}, "properties": {"name": "樫立公民館", "ward": "八丈町", "address": "八丈町樫立2027", "elevator_or_1f": null, "slope": null, "braille_block": null, "wheelchair_toilet": null}}, {"type": "Feature", "geometry": {"type": "Point", "coordinates": [139.797772, 33.071944]}, "properties": {"name": "樫立屋内運動場", "ward": "八丈町", "address": "八丈町樫立2035", "elevator_or_1f": true, "slope": null, "braille_block": null, "wheelchair_toilet": null}}, {"type": "Feature", "geometry": {"type": "Point", "coordinates": [139.8135971, 33.06616131]}, "properties": {"name": "中之郷公民館", "ward": "八丈町", "address": "八丈町中之郷2613", "elevator_or_1f": null, "slope": null, "braille_block": null, "wheelchair_toilet": null}}, {"type": "Feature", "geometry": {"type": "Point", "coordinates": [139.8057976, 33.06918578]}, "properties": {"name": "三原小学校", "ward": "八丈町", "address": "八丈町中之郷2474", "elevator_or_1f": null, "slope": null, "braille_block": null, "wheelchair_toilet": null}}, {"type": "Feature", "geometry": {"type": "Point", "coordinates": [139.8054826, 33.06940575]}, "properties": {"name": "三原中学校", "ward": "八丈町", "address": "八丈町中之郷2474", "elevator_or_1f": null, "slope": null, "braille_block": null, "wheelchair_toilet": null}}, {"type": "Feature", "geometry": {"type": "Point", "coordinates": [139.813551, 33.066968]}, "properties": {"name": "あおぞら保育園", "ward": "八丈町", "address": "八丈町中之郷2612-1", "elevator_or_1f": true, "slope": null, "braille_block": null, "wheelchair_toilet": true}}, {"type": "Feature", "geometry": {"type": "Point", "coordinates": [139.813551, 33.066968]}, "properties": {"name": "中之郷屋内運動場", "ward": "八丈町", "address": "八丈町中之郷2612", "elevator_or_1f": true, "slope": null, "braille_block": null, "wheelchair_toilet": null}}, {"type": "Feature", "geometry": {"type": "Point", "coordinates": [139.8523533, 33.08213855]}, "properties": {"name": "末吉公民館", "ward": "八丈町", "address": "八丈町末吉633", "elevator_or_1f": null, "slope": null, "braille_block": null, "wheelchair_toilet": null}}, {"type": "Feature", "geometry": {"type": "Point", "coordinates": [139.851103, 33.082179]}, "properties": {"name": "末吉屋内運動場（体育館）", "ward": "八丈町", "address": "八丈町末吉2648", "elevator_or_1f": true, "slope": null, "braille_block": null, "wheelchair_toilet": null}}, {"type": "Feature", "geometry": {"type": "Point", "coordinates": [139.762542, 32.466655]}, "properties": {"name": "村立青ヶ島小中学校", "ward": "青ヶ島村", "address": "青ヶ島村無番地", "elevator_or_1f": true, "slope": null, "braille_block": null, "wheelchair_toilet": null}}, {"type": "Feature", "geometry": {"type": "Point", "coordinates": [139.762542, 32.466655]}, "properties": {"name": "村立青ヶ島小中学校体育館", "ward": "青ヶ島村", "address": "青ヶ島村無番地", "elevator_or_1f": true, "slope": null, "braille_block": null, "wheelchair_toilet": null}}, {"type": "Feature", "geometry": {"type": "Point", "coordinates": [139.7636261, 32.46574089]}, "properties": {"name": "青ヶ島村老人福祉館", "ward": "青ヶ島村", "address": "青ヶ島村無番地", "elevator_or_1f": true, "slope": null, "braille_block": null, "wheelchair_toilet": null}}, {"type": "Feature", "geometry": {"type": "Point", "coordinates": [139.763286, 32.46617]}, "properties": {"name": "おじゃれセンター", "ward": "青ヶ島村", "address": "青ヶ島村無番地", "elevator_or_1f": true, "slope": null, "braille_block": null, "wheelchair_toilet": null}}, {"type": "Feature", "geometry": {"type": "Point", "coordinates": [142.1922259, 27.09706456]}, "properties": {"name": "小笠原小中学校体育館", "ward": "小笠原村", "address": "小笠原村父島字宮之浜道", "elevator_or_1f": true, "slope": null, "braille_block": null, "wheelchair_toilet": null}}, {"type": "Feature", "geometry": {"type": "Point", "coordinates": [142.2029048, 27.07106432]}, "properties": {"name": "扇浦交流センター", "ward": "小笠原村", "address": "小笠原村父島字扇浦", "elevator_or_1f": true, "slope": null, "braille_block": null, "wheelchair_toilet": null}}, {"type": "Feature", "geometry": {"type": "Point", "coordinates": [142.158992, 26.641756]}, "properties": {"name": "母島支所", "ward": "小笠原村", "address": "小笠原村母島字元地", "elevator_or_1f": true, "slope": null, "braille_block": null, "wheelchair_toilet": null}}, {"type": "Feature", "geometry": {"type": "Point", "coordinates": [142.1992413, 27.10047439]}, "properties": {"name": "小笠原高等学校", "ward": "小笠原村", "address": "小笠原村父島字清瀬", "elevator_or_1f": true, "slope": null, "braille_block": null, "wheelchair_toilet": null}}, {"type": "Feature", "geometry": {"type": "Point", "coordinates": [142.207774, 27.098758]}, "properties": {"name": "奥村交流センター", "ward": "小笠原村", "address": "小笠原村父島字奥村", "elevator_or_1f": true, "slope": null, "braille_block": true, "wheelchair_toilet": null}}, {"type": "Feature", "geometry": {"type": "Point", "coordinates": [142.1600182, 26.6419607]}, "properties": {"name": "母島小中学校体育館", "ward": "小笠原村", "address": "小笠原村母島字元地", "elevator_or_1f": true, "slope": null, "braille_block": null, "wheelchair_toilet": null}}]}