{"type": "FeatureCollection", "features": [{"type": "Feature", "properties": {"muni": "世田谷区", "name": "東急ウェリナケア尾山台", "address": "玉堤1-24-15", "category": "福祉避難所", "source": "世田谷区 防災情報（福祉避難所）", "updated": null}, "geometry": {"type": "Point", "coordinates": [139.64867424552, 35.5969843877264]}}, {"type": "Feature", "properties": {"muni": "世田谷区", "name": "ガーデンテラス尾山台", "address": "玉堤1-17-18", "category": "福祉避難所", "source": "世田谷区 防災情報（福祉避難所）", "updated": null}, "geometry": {"type": "Point", "coordinates": [139.653610444631, 35.5988338259472]}}, {"type": "Feature", "properties": {"muni": "世田谷区", "name": "岡本福祉作業ホーム玉堤分場", "address": "玉堤２－３－１地下１階", "category": "福祉避難所", "source": "世田谷区 防災情報（福祉避難所）", "updated": null}, "geometry": {"type": "Point", "coordinates": [139.648838593507, 35.5984666029466]}}, {"type": "Feature", "properties": {"muni": "世田谷区", "name": "玉川福祉作業所", "address": "玉川１－７－２", "category": "福祉避難所", "source": "世田谷区 防災情報（福祉避難所）", "updated": null}, "geometry": {"type": "Point", "coordinates": [139.678239131251, 35.5951430713482]}}, {"type": "Feature", "properties": {"muni": "世田谷区", "name": "特別養護老人ホーム　博水の郷", "address": "鎌田３－16－６", "category": "福祉避難所", "source": "世田谷区 防災情報（福祉避難所）", "updated": null}, "geometry": {"type": "Point", "coordinates": [139.615888206457, 35.6197723004371]}}, {"type": "Feature", "properties": {"muni": "世田谷区", "name": "グランクレール世田谷中町ケアレジデンス", "address": "中町5-9-9", "category": "福祉避難所", "source": "世田谷区 防災情報（福祉避難所）", "updated": null}, "geometry": {"type": "Point", "coordinates": [139.644067755881, 35.6212603567257]}}, {"type": "Feature", "properties": {"muni": "世田谷区", "name": "特別養護老人ホーム　ラペ二子玉川", "address": "瀬田4-5-5", "category": "福祉避難所", "source": "世田谷区 防災情報（福祉避難所）", "updated": null}, "geometry": {"type": "Point", "coordinates": [139.624401436346, 35.6194900891916]}}, {"type": "Feature", "properties": {"muni": "世田谷区", "name": "グループホームやまぼうし", "address": "玉川四丁目１３番７号シティコート二子玉川７号棟１０１", "category": "福祉避難所", "source": "世田谷区 防災情報（福祉避難所）", "updated": null}, "geometry": {"type": "Point", "coordinates": [139.624512714435, 35.6171959111919]}}, {"type": "Feature", "properties": {"muni": "世田谷区", "name": "九品仏生活実習所中町分場", "address": "中町２－25－17", "category": "福祉避難所", "source": "世田谷区 防災情報（福祉避難所）", "updated": null}, "geometry": {"type": "Point", "coordinates": [139.643982685721, 35.6132328948676]}}, {"type": "Feature", "properties": {"muni": "世田谷区", "name": "玉川聖学院中学校・高等学校", "address": "奥沢７－１１－２２", "category": "福祉避難所", "source": "世田谷区 防災情報（福祉避難所）", "updated": null}, "geometry": {"type": "Point", "coordinates": [139.663589778451, 35.6067287199418]}}, {"type": "Feature", "properties": {"muni": "世田谷区", "name": "アライブ世田谷中町", "address": "中町３－５－23", "category": "福祉避難所", "source": "世田谷区 防災情報（福祉避難所）", "updated": null}, "geometry": {"type": "Point", "coordinates": [139.647725268505, 35.6159004039233]}}, {"type": "Feature", "properties": {"muni": "世田谷区", "name": "高齢者在宅サービスセンター　デイホーム等々力", "address": "等々力５－19－11", "category": "福祉避難所", "source": "世田谷区 防災情報（福祉避難所）", "updated": null}, "geometry": {"type": "Point", "coordinates": [139.654493011264, 35.6101498254533]}}, {"type": "Feature", "properties": {"muni": "世田谷区", "name": "特別養護老人ホーム　等々力共愛ホームズ", "address": "等々力１－24－11", "category": "福祉避難所", "source": "世田谷区 防災情報（福祉避難所）", "updated": null}, "geometry": {"type": "Point", "coordinates": [139.64842351366, 35.6038892235818]}}, {"type": "Feature", "properties": {"muni": "世田谷区", "name": "ウェルケアガーデン深沢", "address": "深沢1丁目32番18号", "category": "福祉避難所", "source": "世田谷区 防災情報（福祉避難所）", "updated": null}, "geometry": {"type": "Point", "coordinates": [139.664942386907, 35.6194920062172]}}, {"type": "Feature", "properties": {"muni": "世田谷区", "name": "特別養護老人ホーム　等々力の家", "address": "等々力８－26－16", "category": "福祉避難所", "source": "世田谷区 防災情報（福祉避難所）", "updated": null}, "geometry": {"type": "Point", "coordinates": [139.651987756663, 35.617325126043]}}, {"type": "Feature", "properties": {"muni": "世田谷区", "name": "深沢共愛ホームズ", "address": "深沢1-32-21", "category": "福祉避難所", "source": "世田谷区 防災情報（福祉避難所）", "updated": null}, "geometry": {"type": "Point", "coordinates": [139.665569352349, 35.6195225362372]}}, {"type": "Feature", "properties": {"muni": "世田谷区", "name": "トラストガーデン等々力", "address": "等々力7-22-12", "category": "福祉避難所", "source": "世田谷区 防災情報（福祉避難所）", "updated": null}, "geometry": {"type": "Point", "coordinates": [139.655657397498, 35.6149955679639]}}, {"type": "Feature", "properties": {"muni": "世田谷区", "name": "社会就労センター　パイ焼き窯", "address": "等々力２－36－13", "category": "福祉避難所", "source": "世田谷区 防災情報（福祉避難所）", "updated": null}, "geometry": {"type": "Point", "coordinates": [139.64706349608, 35.6056625806744]}}, {"type": "Feature", "properties": {"muni": "世田谷区", "name": "九品仏生活実習所", "address": "奥沢７－39－13", "category": "福祉避難所", "source": "世田谷区 防災情報（福祉避難所）", "updated": null}, "geometry": {"type": "Point", "coordinates": [139.658727103002, 35.6079977678482]}}, {"type": "Feature", "properties": {"muni": "世田谷区", "name": "玉川福祉作業所等々力分場", "address": "等々力２－13－４", "category": "福祉避難所", "source": "世田谷区 防災情報（福祉避難所）", "updated": null}, "geometry": {"type": "Point", "coordinates": [139.649980692215, 35.605941345064]}}, {"type": "Feature", "properties": {"muni": "世田谷区", "name": "奥沢福祉園", "address": "奥沢６－29－２", "category": "福祉避難所", "source": "世田谷区 防災情報（福祉避難所）", "updated": null}, "geometry": {"type": "Point", "coordinates": [139.665049369932, 35.6052559261422]}}, {"type": "Feature", "properties": {"muni": "世田谷区", "name": "特別養護老人ホーム　ハートハウス成城", "address": "成城3-2-9", "category": "福祉避難所", "source": "世田谷区 防災情報（福祉避難所）", "updated": null}, "geometry": {"type": "Point", "coordinates": [139.599621476225, 35.6348052146787]}}, {"type": "Feature", "properties": {"muni": "世田谷区", "name": "特別養護老人ホーム　喜多見ホーム", "address": "喜多見７－20－26", "category": "福祉避難所", "source": "世田谷区 防災情報（福祉避難所）", "updated": null}, "geometry": {"type": "Point", "coordinates": [139.595892850974, 35.6322922766819]}}, {"type": "Feature", "properties": {"muni": "世田谷区", "name": "砧工房分場キタミ・クリーンファーム", "address": "喜多見７－３－１", "category": "福祉避難所", "source": "世田谷区 防災情報（福祉避難所）", "updated": null}, "geometry": {"type": "Point", "coordinates": [139.596453307289, 35.6297421229704]}}, {"type": "Feature", "properties": {"muni": "世田谷区", "name": "目黒星美学園中学高等学校", "address": "大蔵２－８－１", "category": "福祉避難所", "source": "世田谷区 防災情報（福祉避難所）", "updated": null}, "geometry": {"type": "Point", "coordinates": [139.614292488852, 35.6328833771736]}}, {"type": "Feature", "properties": {"muni": "世田谷区", "name": "特別養護老人ホーム　砧ホーム", "address": "砧３－９－11", "category": "福祉避難所", "source": "世田谷区 防災情報（福祉避難所）", "updated": null}, "geometry": {"type": "Point", "coordinates": [139.61315480749, 35.6356242826635]}}, {"type": "Feature", "properties": {"muni": "世田谷区", "name": "養護老人ホーム　友愛ホーム", "address": "砧３－９－11", "category": "福祉避難所", "source": "世田谷区 防災情報（福祉避難所）", "updated": null}, "geometry": {"type": "Point", "coordinates": [139.61315480749, 35.6356242826635]}}, {"type": "Feature", "properties": {"muni": "世田谷区", "name": "グループホーム花みず木", "address": "岡本3-19-9", "category": "福祉避難所", "source": "世田谷区 防災情報（福祉避難所）", "updated": null}, "geometry": {"type": "Point", "coordinates": [139.614695649865, 35.6279988247651]}}, {"type": "Feature", "properties": {"muni": "世田谷区", "name": "岡本福祉作業ホーム", "address": "岡本２－33－24", "category": "福祉避難所", "source": "世田谷区 防災情報（福祉避難所）", "updated": null}, "geometry": {"type": "Point", "coordinates": [139.6171662815, 35.6236065413136]}}, {"type": "Feature", "properties": {"muni": "世田谷区", "name": "友愛デイサービスセンター", "address": "砧３－９－11", "category": "福祉避難所", "source": "世田谷区 防災情報（福祉避難所）", "updated": null}, "geometry": {"type": "Point", "coordinates": [139.61315480749, 35.6356242826635]}}, {"type": "Feature", "properties": {"muni": "世田谷区", "name": "コーポ友愛", "address": "砧３－９－11", "category": "福祉避難所", "source": "世田谷区 防災情報（福祉避難所）", "updated": null}, "geometry": {"type": "Point", "coordinates": [139.61315480749, 35.6356242826635]}}, {"type": "Feature", "properties": {"muni": "世田谷区", "name": "友愛園", "address": "砧３－９－11", "category": "福祉避難所", "source": "世田谷区 防災情報（福祉避難所）", "updated": null}, "geometry": {"type": "Point", "coordinates": [139.61315480749, 35.6356242826635]}}, {"type": "Feature", "properties": {"muni": "世田谷区", "name": "世田谷更生館", "address": "砧３－９－11", "category": "福祉避難所", "source": "世田谷区 防災情報（福祉避難所）", "updated": null}, "geometry": {"type": "Point", "coordinates": [139.61315480749, 35.6356242826635]}}, {"type": "Feature", "properties": {"muni": "世田谷区", "name": "泉の家", "address": "岡本２－33－23", "category": "福祉避難所", "source": "世田谷区 防災情報（福祉避難所）", "updated": null}, "geometry": {"type": "Point", "coordinates": [139.616866078288, 35.6236590033532]}}, {"type": "Feature", "properties": {"muni": "世田谷区", "name": "ガーデンテラス砧公園", "address": "大蔵1-6-18", "category": "福祉避難所", "source": "世田谷区 防災情報（福祉避難所）", "updated": null}, "geometry": {"type": "Point", "coordinates": [139.619820768862, 35.6342902563119]}}, {"type": "Feature", "properties": {"muni": "世田谷区", "name": "グランクレール馬事公苑", "address": "上用賀１－22－23", "category": "福祉避難所", "source": "世田谷区 防災情報（福祉避難所）", "updated": null}, "geometry": {"type": "Point", "coordinates": [139.634489249366, 35.6347204408692]}}, {"type": "Feature", "properties": {"muni": "世田谷区", "name": "ニチイホーム用賀", "address": "玉川台2-17-11", "category": "福祉避難所", "source": "世田谷区 防災情報（福祉避難所）", "updated": null}, "geometry": {"type": "Point", "coordinates": [139.629348292467, 35.6242903862045]}}, {"type": "Feature", "properties": {"muni": "世田谷区", "name": "トラストガーデン用賀の杜", "address": "用賀１－３－１", "category": "福祉避難所", "source": "世田谷区 防災情報（福祉避難所）", "updated": null}, "geometry": {"type": "Point", "coordinates": [139.641681190806, 35.6229928203702]}}, {"type": "Feature", "properties": {"muni": "世田谷区", "name": "特別養護老人ホーム　馬事公苑", "address": "上用賀4-１５-１２", "category": "福祉避難所", "source": "世田谷区 防災情報（福祉避難所）", "updated": null}, "geometry": {"type": "Point", "coordinates": [139.631059421289, 35.6356201636604]}}, {"type": "Feature", "properties": {"muni": "世田谷区", "name": "ウェルケアガーデン馬事公苑", "address": "上用賀2-2-15", "category": "福祉避難所", "source": "世田谷区 防災情報（福祉避難所）", "updated": null}, "geometry": {"type": "Point", "coordinates": [139.633419140198, 35.6390587985483]}}, {"type": "Feature", "properties": {"muni": "世田谷区", "name": "ウェルケアヒルズ馬事公苑", "address": "上用賀4-1-8", "category": "福祉避難所", "source": "世田谷区 防災情報（福祉避難所）", "updated": null}, "geometry": {"type": "Point", "coordinates": [139.631152764177, 35.6343318020133]}}, {"type": "Feature", "properties": {"muni": "世田谷区", "name": "さわやかはーとあーす世田谷", "address": "上用賀4－16－11", "category": "福祉避難所", "source": "世田谷区 防災情報（福祉避難所）", "updated": null}, "geometry": {"type": "Point", "coordinates": [139.630349776157, 35.635886408468]}}, {"type": "Feature", "properties": {"muni": "世田谷区", "name": "用賀福祉作業所", "address": "用賀４－７－１", "category": "福祉避難所", "source": "世田谷区 防災情報（福祉避難所）", "updated": null}, "geometry": {"type": "Point", "coordinates": [139.630600937072, 35.6270227755622]}}, {"type": "Feature", "properties": {"muni": "世田谷区", "name": "リアンレーヴ世田谷", "address": "上用賀1-26-20", "category": "福祉避難所", "source": "世田谷区 防災情報（福祉避難所）", "updated": null}, "geometry": {"type": "Point", "coordinates": [139.632731080647, 35.633992097626]}}, {"type": "Feature", "properties": {"muni": "世田谷区", "name": "日本体育大学", "address": "深沢７－１－１", "category": "福祉避難所", "source": "世田谷区 防災情報（福祉避難所）", "updated": null}, "geometry": {"type": "Point", "coordinates": [139.650318676197, 35.6212947119441]}}, {"type": "Feature", "properties": {"muni": "世田谷区", "name": "トラストガーデン桜新町", "address": "弦巻２－11－1", "category": "福祉避難所", "source": "世田谷区 防災情報（福祉避難所）", "updated": null}, "geometry": {"type": "Point", "coordinates": [139.653658180921, 35.6354300154122]}}, {"type": "Feature", "properties": {"muni": "世田谷区", "name": "チャームプレミア深沢", "address": "深沢7-４-１", "category": "福祉避難所", "source": "世田谷区 防災情報（福祉避難所）", "updated": null}, "geometry": {"type": "Point", "coordinates": [139.647780980154, 35.6243261342482]}}, {"type": "Feature", "properties": {"muni": "世田谷区", "name": "特別養護老人ホーム　さくらほうむ", "address": "弦巻3－3－17", "category": "福祉避難所", "source": "世田谷区 防災情報（福祉避難所）", "updated": null}, "geometry": {"type": "Point", "coordinates": [139.648176913044, 35.6355598962479]}}, {"type": "Feature", "properties": {"muni": "世田谷区", "name": "駒沢生活実習所", "address": "弦巻２－１－５", "category": "福祉避難所", "source": "世田谷区 防災情報（福祉避難所）", "updated": null}, "geometry": {"type": "Point", "coordinates": [139.655777678551, 35.6344389388607]}}, {"type": "Feature", "properties": {"muni": "世田谷区", "name": "アライブ世田谷下馬", "address": "下馬６－29－22", "category": "福祉避難所", "source": "世田谷区 防災情報（福祉避難所）", "updated": null}, "geometry": {"type": "Point", "coordinates": [139.68053879953, 35.6307797641037]}}, {"type": "Feature", "properties": {"muni": "世田谷区", "name": "特別養護老人ホーム　ときわぎ世田谷", "address": "下馬２－３－１０", "category": "福祉避難所", "source": "世田谷区 防災情報（福祉避難所）", "updated": null}, "geometry": {"type": "Point", "coordinates": [139.677547073849, 35.6382337517463]}}, {"type": "Feature", "properties": {"muni": "世田谷区", "name": "サピエンス祖師谷", "address": "上祖師谷4-20-13", "category": "福祉避難所", "source": "世田谷区 防災情報（福祉避難所）", "updated": null}, "geometry": {"type": "Point", "coordinates": [139.59595039807, 35.6562147890422]}}, {"type": "Feature", "properties": {"muni": "世田谷区", "name": "特別養護老人ホーム　成城アルテンハイム", "address": "成城６－13－17", "category": "福祉避難所", "source": "世田谷区 防災情報（福祉避難所）", "updated": null}, "geometry": {"type": "Point", "coordinates": [139.600046950737, 35.6418922957097]}}, {"type": "Feature", "properties": {"muni": "世田谷区", "name": "特別養護老人ホーム　エリザベート成城", "address": "成城8-27-24", "category": "福祉避難所", "source": "世田谷区 防災情報（福祉避難所）", "updated": null}, "geometry": {"type": "Point", "coordinates": [139.59441070274, 35.6480229448869]}}, {"type": "Feature", "properties": {"muni": "世田谷区", "name": "ニチイホーム成城", "address": "上祖師谷４－２４－１５", "category": "福祉避難所", "source": "世田谷区 防災情報（福祉避難所）", "updated": null}, "geometry": {"type": "Point", "coordinates": [139.5948484644, 35.6537781831478]}}, {"type": "Feature", "properties": {"muni": "世田谷区", "name": "グランクレール成城", "address": "成城８－20－１", "category": "福祉避難所", "source": "世田谷区 防災情報（福祉避難所）", "updated": null}, "geometry": {"type": "Point", "coordinates": [139.595724648147, 35.6483854629169]}}, {"type": "Feature", "properties": {"muni": "世田谷区", "name": "イタール成城", "address": "成城8－27－11", "category": "福祉避難所", "source": "世田谷区 防災情報（福祉避難所）", "updated": null}, "geometry": {"type": "Point", "coordinates": [139.594116055018, 35.6483988640593]}}, {"type": "Feature", "properties": {"muni": "世田谷区", "name": "特別養護老人ホーム　第２有隣ホーム", "address": "船橋２－15－38", "category": "福祉避難所", "source": "世田谷区 防災情報（福祉避難所）", "updated": null}, "geometry": {"type": "Point", "coordinates": [139.618946525282, 35.6510310337542]}}, {"type": "Feature", "properties": {"muni": "世田谷区", "name": "特別養護老人ホーム　有隣ホーム", "address": "船橋２－15－38", "category": "福祉避難所", "source": "世田谷区 防災情報（福祉避難所）", "updated": null}, "geometry": {"type": "Point", "coordinates": [139.618946525282, 35.6510310337542]}}, {"type": "Feature", "properties": {"muni": "世田谷区", "name": "砧工房", "address": "砧４－32－14", "category": "福祉避難所", "source": "世田谷区 防災情報（福祉避難所）", "updated": null}, "geometry": {"type": "Point", "coordinates": [139.61450629866, 35.6435161284523]}}, {"type": "Feature", "properties": {"muni": "世田谷区", "name": "おおらか学園（子どもの生活研究所含む）", "address": "船橋１－30－９", "category": "福祉避難所", "source": "世田谷区 防災情報（福祉避難所）", "updated": null}, "geometry": {"type": "Point", "coordinates": [139.62092930647, 35.6480206206583]}}, {"type": "Feature", "properties": {"muni": "世田谷区", "name": "わくわく祖師谷", "address": "祖師谷３－21－１", "category": "福祉避難所", "source": "世田谷区 防災情報（福祉避難所）", "updated": null}, "geometry": {"type": "Point", "coordinates": [139.60468743986, 35.6428376326059]}}, {"type": "Feature", "properties": {"muni": "世田谷区", "name": "千歳台福祉園", "address": "千歳台３－31－９", "category": "福祉避難所", "source": "世田谷区 防災情報（福祉避難所）", "updated": null}, "geometry": {"type": "Point", "coordinates": [139.611650329588, 35.6536427164742]}}, {"type": "Feature", "properties": {"muni": "世田谷区", "name": "東京農業大学", "address": "桜丘１－１－１", "category": "福祉避難所", "source": "世田谷区 防災情報（福祉避難所）", "updated": null}, "geometry": {"type": "Point", "coordinates": [139.632461653294, 35.6415020082735]}}, {"type": "Feature", "properties": {"muni": "世田谷区", "name": "グランダ世田谷上町", "address": "桜3-32-10", "category": "福祉避難所", "source": "世田谷区 防災情報（福祉避難所）", "updated": null}, "geometry": {"type": "Point", "coordinates": [139.636462443123, 35.6411148925867]}}, {"type": "Feature", "properties": {"muni": "世田谷区", "name": "ニチイホーム千歳船橋", "address": "船橋３－１９－１４", "category": "福祉避難所", "source": "世田谷区 防災情報（福祉避難所）", "updated": null}, "geometry": {"type": "Point", "coordinates": [139.624180877377, 35.6536041962959]}}, {"type": "Feature", "properties": {"muni": "世田谷区", "name": "ほほえみ経堂", "address": "経堂３－6－24", "category": "福祉避難所", "source": "世田谷区 防災情報（福祉避難所）", "updated": null}, "geometry": {"type": "Point", "coordinates": [139.63199852255, 35.649828230793]}}, {"type": "Feature", "properties": {"muni": "世田谷区", "name": "にこにこみやさか", "address": "宮坂2－26－17", "category": "福祉避難所", "source": "世田谷区 防災情報（福祉避難所）", "updated": null}, "geometry": {"type": "Point", "coordinates": [139.644743271868, 35.6536391415799]}}, {"type": "Feature", "properties": {"muni": "世田谷区", "name": "介護老人保健施設　梅ヶ丘", "address": "松原６-３７-１", "category": "福祉避難所", "source": "世田谷区 防災情報（福祉避難所）", "updated": null}, "geometry": {"type": "Point", "coordinates": [139.650726714608, 35.6571559700086]}}, {"type": "Feature", "properties": {"muni": "世田谷区", "name": "白梅福祉作業所", "address": "松原６－43－17", "category": "福祉避難所", "source": "世田谷区 防災情報（福祉避難所）", "updated": null}, "geometry": {"type": "Point", "coordinates": [139.649336809928, 35.6562253491518]}}, {"type": "Feature", "properties": {"muni": "世田谷区", "name": "Factory藍", "address": "若林５－２－９", "category": "福祉避難所", "source": "世田谷区 防災情報（福祉避難所）", "updated": null}, "geometry": {"type": "Point", "coordinates": [139.660433943862, 35.6469799841896]}}, {"type": "Feature", "properties": {"muni": "世田谷区", "name": "すまいる梅丘", "address": "梅丘１－36－2-101", "category": "福祉避難所", "source": "世田谷区 防災情報（福祉避難所）", "updated": null}, "geometry": {"type": "Point", "coordinates": [139.651079218259, 35.6561988842053]}}, {"type": "Feature", "properties": {"muni": "世田谷区", "name": "東京リハビリテーションセンター世田谷障害者支援施設梅丘", "address": "松原６－３７－１", "category": "福祉避難所", "source": "世田谷区 防災情報（福祉避難所）", "updated": null}, "geometry": {"type": "Point", "coordinates": [139.650726714608, 35.6571559700086]}}, {"type": "Feature", "properties": {"muni": "世田谷区", "name": "昭和女子大学", "address": "太子堂１－７－57", "category": "福祉避難所", "source": "世田谷区 防災情報（福祉避難所）", "updated": null}, "geometry": {"type": "Point", "coordinates": [139.676114068495, 35.6433623463887]}}, {"type": "Feature", "properties": {"muni": "世田谷区", "name": "特別養護老人ホーム　フレンズホーム", "address": "下馬２－21－11", "category": "福祉避難所", "source": "世田谷区 防災情報（福祉避難所）", "updated": null}, "geometry": {"type": "Point", "coordinates": [139.675890710965, 35.6401369289916]}}, {"type": "Feature", "properties": {"muni": "世田谷区", "name": "メディカルホームグランダ三軒茶屋", "address": "太子堂2-37-2", "category": "福祉避難所", "source": "世田谷区 防災情報（福祉避難所）", "updated": null}, "geometry": {"type": "Point", "coordinates": [139.672610124118, 35.6483442239891]}}, {"type": "Feature", "properties": {"muni": "世田谷区", "name": "特別養護老人ホーム　下馬の家", "address": "下馬2-25-8", "category": "福祉避難所", "source": "世田谷区 防災情報（福祉避難所）", "updated": null}, "geometry": {"type": "Point", "coordinates": [139.678245436834, 35.641736682613]}}, {"type": "Feature", "properties": {"muni": "世田谷区", "name": "三宿つくしんぼホーム", "address": "三宿２－30－７", "category": "福祉避難所", "source": "世田谷区 防災情報（福祉避難所）", "updated": null}, "geometry": {"type": "Point", "coordinates": [139.672703264777, 35.6508586448602]}}, {"type": "Feature", "properties": {"muni": "世田谷区", "name": "あけぼの学園", "address": "三宿２－30－９", "category": "福祉避難所", "source": "世田谷区 防災情報（福祉避難所）", "updated": null}, "geometry": {"type": "Point", "coordinates": [139.672926867448, 35.6509286191749]}}, {"type": "Feature", "properties": {"muni": "世田谷区", "name": "世田谷福祉作業所", "address": "下馬２－31－34－101", "category": "福祉避難所", "source": "世田谷区 防災情報（福祉避難所）", "updated": null}, "geometry": {"type": "Point", "coordinates": [139.678652173613, 35.6426282164059]}}, {"type": "Feature", "properties": {"muni": "世田谷区", "name": "都立青鳥特別支援学校", "address": "池尻１－１－４", "category": "福祉避難所", "source": "世田谷区 防災情報（福祉避難所）", "updated": null}, "geometry": {"type": "Point", "coordinates": [139.684819820735, 35.6416691621602]}}, {"type": "Feature", "properties": {"muni": "世田谷区", "name": "下馬福祉工房", "address": "下馬２－20－14 ２階", "category": "福祉避難所", "source": "世田谷区 防災情報（福祉避難所）", "updated": null}, "geometry": {"type": "Point", "coordinates": [139.675452849236, 35.6406640218897]}}, {"type": "Feature", "properties": {"muni": "世田谷区", "name": "ケアセンター　ふらっと", "address": "下馬２－20－14 １階", "category": "福祉避難所", "source": "世田谷区 防災情報（福祉避難所）", "updated": null}, "geometry": {"type": "Point", "coordinates": [139.675452849236, 35.6406640218897]}}, {"type": "Feature", "properties": {"muni": "世田谷区", "name": "佼成学園女子中学高等学校", "address": "給田２－１－１", "category": "福祉避難所", "source": "世田谷区 防災情報（福祉避難所）", "updated": null}, "geometry": {"type": "Point", "coordinates": [139.597090533293, 35.6652028127199]}}, {"type": "Feature", "properties": {"muni": "世田谷区", "name": "特別養護老人ホーム　千歳敬心苑", "address": "給田５－９－５", "category": "福祉避難所", "source": "世田谷区 防災情報（福祉避難所）", "updated": null}, "geometry": {"type": "Point", "coordinates": [139.585831544254, 35.6722037711248]}}, {"type": "Feature", "properties": {"muni": "世田谷区", "name": "特別養護老人ホーム　東京敬寿園", "address": "上祖師谷７－１－1", "category": "福祉避難所", "source": "世田谷区 防災情報（福祉避難所）", "updated": null}, "geometry": {"type": "Point", "coordinates": [139.594779107815, 35.6580865190611]}}, {"type": "Feature", "properties": {"muni": "世田谷区", "name": "ツクイ・サンシャイン成城", "address": "上祖師谷６－29－19", "category": "福祉避難所", "source": "世田谷区 防災情報（福祉避難所）", "updated": null}, "geometry": {"type": "Point", "coordinates": [139.59636164321, 35.6612018125292]}}, {"type": "Feature", "properties": {"muni": "世田谷区", "name": "特別養護老人ホーム　せたがや給田乃杜", "address": "給田５－３－５", "category": "福祉避難所", "source": "世田谷区 防災情報（福祉避難所）", "updated": null}, "geometry": {"type": "Point", "coordinates": [139.588297531304, 35.6730808906083]}}, {"type": "Feature", "properties": {"muni": "世田谷区", "name": "リハビリホームまどか上祖師谷", "address": "上祖師谷6-7-15", "category": "福祉避難所", "source": "世田谷区 防災情報（福祉避難所）", "updated": null}, "geometry": {"type": "Point", "coordinates": [139.596401441674, 35.6583851917429]}}, {"type": "Feature", "properties": {"muni": "世田谷区", "name": "給田福祉園", "address": "給田５－２－７", "category": "福祉避難所", "source": "世田谷区 防災情報（福祉避難所）", "updated": null}, "geometry": {"type": "Point", "coordinates": [139.588102716864, 35.6723069378808]}}, {"type": "Feature", "properties": {"muni": "世田谷区", "name": "特別養護老人ホーム　世田谷希望丘ホーム", "address": "船橋6-25-25", "category": "福祉避難所", "source": "世田谷区 防災情報（福祉避難所）", "updated": null}, "geometry": {"type": "Point", "coordinates": [139.621510733051, 35.6592708819489]}}, {"type": "Feature", "properties": {"muni": "世田谷区", "name": "ゆうらいふ世田谷", "address": "粕谷2-8-5", "category": "福祉避難所", "source": "世田谷区 防災情報（福祉避難所）", "updated": null}, "geometry": {"type": "Point", "coordinates": [139.608651638355, 35.6644221766696]}}, {"type": "Feature", "properties": {"muni": "世田谷区", "name": "特別養護老人ホーム  芦花ホーム", "address": "粕谷２－23－１", "category": "福祉避難所", "source": "世田谷区 防災情報（福祉避難所）", "updated": null}, "geometry": {"type": "Point", "coordinates": [139.609634813024, 35.6658397019671]}}, {"type": "Feature", "properties": {"muni": "世田谷区", "name": "ニチイホーム八幡山", "address": "八幡山1-19-18", "category": "福祉避難所", "source": "世田谷区 防災情報（福祉避難所）", "updated": null}, "geometry": {"type": "Point", "coordinates": [139.621033656094, 35.6630474250323]}}, {"type": "Feature", "properties": {"muni": "世田谷区", "name": "特別養護老人ホーム　寿満ホームかみきたざわ", "address": "上北沢1-32-11", "category": "福祉避難所", "source": "世田谷区 防災情報（福祉避難所）", "updated": null}, "geometry": {"type": "Point", "coordinates": [139.623322448859, 35.6641018077058]}}, {"type": "Feature", "properties": {"muni": "世田谷区", "name": "コイノニアかみきた", "address": "上北沢1－32－14", "category": "福祉避難所", "source": "世田谷区 防災情報（福祉避難所）", "updated": null}, "geometry": {"type": "Point", "coordinates": [139.623103728485, 35.6641944477016]}}, {"type": "Feature", "properties": {"muni": "世田谷区", "name": "特別養護老人ホーム　上北沢ホーム", "address": "上北沢１－28－17", "category": "福祉避難所", "source": "世田谷区 防災情報（福祉避難所）", "updated": null}, "geometry": {"type": "Point", "coordinates": [139.626291440449, 35.6635049221994]}}, {"type": "Feature", "properties": {"muni": "世田谷区", "name": "障害者就労支援センターすきっぷ", "address": "船橋５－33－１", "category": "福祉避難所", "source": "世田谷区 防災情報（福祉避難所）", "updated": null}, "geometry": {"type": "Point", "coordinates": [139.625322496052, 35.6573920334107]}}, {"type": "Feature", "properties": {"muni": "世田谷区", "name": "桜上水福祉園", "address": "桜上水２－13－16", "category": "福祉避難所", "source": "世田谷区 防災情報（福祉避難所）", "updated": null}, "geometry": {"type": "Point", "coordinates": [139.628695025872, 35.6584759440904]}}, {"type": "Feature", "properties": {"muni": "世田谷区", "name": "日本女子体育大学附属二階堂高等学校", "address": "松原２－17－22", "category": "福祉避難所", "source": "世田谷区 防災情報（福祉避難所）", "updated": null}, "geometry": {"type": "Point", "coordinates": [139.648287900045, 35.6664364817785]}}, {"type": "Feature", "properties": {"muni": "世田谷区", "name": "アライブ世田谷代田", "address": "代田２－26－８", "category": "福祉避難所", "source": "世田谷区 防災情報（福祉避難所）", "updated": null}, "geometry": {"type": "Point", "coordinates": [139.664083738923, 35.6575195366574]}}, {"type": "Feature", "properties": {"muni": "世田谷区", "name": "都立光明学園", "address": "松原６－38－27", "category": "福祉避難所", "source": "世田谷区 防災情報（福祉避難所）", "updated": null}, "geometry": {"type": "Point", "coordinates": [139.651717658903, 35.6574804307578]}}, {"type": "Feature", "properties": {"muni": "世田谷区", "name": "まもりやま工房", "address": "代田6－21－5", "category": "福祉避難所", "source": "世田谷区 防災情報（福祉避難所）", "updated": null}, "geometry": {"type": "Point", "coordinates": [139.661708009973, 35.6654456471447]}}, {"type": "Feature", "properties": {"muni": "世田谷区", "name": "特別養護老人ホーム　きたざわ苑", "address": "北沢５－24－18", "category": "福祉避難所", "source": "世田谷区 防災情報（福祉避難所）", "updated": null}, "geometry": {"type": "Point", "coordinates": [139.671347362137, 35.669986774888]}}, {"type": "Feature", "properties": {"muni": "世田谷区", "name": "日本女子体育大学", "address": "北烏山８－19－１", "category": "福祉避難所", "source": "世田谷区 防災情報（福祉避難所）", "updated": null}, "geometry": {"type": "Point", "coordinates": [139.59018831677, 35.6772531998292]}}, {"type": "Feature", "properties": {"muni": "世田谷区", "name": "特別養護老人ホーム　フォーライフ桃郷", "address": "北烏山７－８－11", "category": "福祉避難所", "source": "世田谷区 防災情報（福祉避難所）", "updated": null}, "geometry": {"type": "Point", "coordinates": [139.592264264804, 35.6771556095041]}}, {"type": "Feature", "properties": {"muni": "世田谷区", "name": "特別養護老人ホーム　久我山園", "address": "北烏山２－14－14", "category": "福祉避難所", "source": "世田谷区 防災情報（福祉避難所）", "updated": null}, "geometry": {"type": "Point", "coordinates": [139.598364115518, 35.6813225315638]}}, {"type": "Feature", "properties": {"muni": "世田谷区", "name": "都立久我山青光学園", "address": "北烏山４－37－１", "category": "福祉避難所", "source": "世田谷区 防災情報（福祉避難所）", "updated": null}, "geometry": {"type": "Point", "coordinates": [139.59630694288, 35.6818362456965]}}, {"type": "Feature", "properties": {"muni": "世田谷区", "name": "ガーデンテラス久我山", "address": "北烏山2-2-19", "category": "福祉避難所", "source": "世田谷区 防災情報（福祉避難所）", "updated": null}, "geometry": {"type": "Point", "coordinates": [139.602681349752, 35.6805173036166]}}, {"type": "Feature", "properties": {"muni": "世田谷区", "name": "烏山福祉作業所", "address": "北烏山１－29－15", "category": "福祉避難所", "source": "世田谷区 防災情報（福祉避難所）", "updated": null}, "geometry": {"type": "Point", "coordinates": [139.608360916567, 35.6755261674443]}}, {"type": "Feature", "properties": {"muni": "港区", "name": "障害保健福祉センター", "address": "東京都港区芝一丁目8番23号", "category": "福祉避難所", "source": "港区 区民避難場所・福祉避難所情報", "updated": null}, "geometry": {"type": "Point", "coordinates": [139.755573, 35.651557]}}, {"type": "Feature", "properties": {"muni": "港区", "name": "新橋はつらつ太陽", "address": "東京都港区新橋六丁目19番2号", "category": "福祉避難所", "source": "港区 区民避難場所・福祉避難所情報", "updated": null}, "geometry": {"type": "Point", "coordinates": [139.754003, 35.661205]}}, {"type": "Feature", "properties": {"muni": "港区", "name": "特別養護老人ホーム白金の森", "address": "東京都港区白金台五丁目20番5号", "category": "福祉避難所", "source": "港区 区民避難場所・福祉避難所情報", "updated": null}, "geometry": {"type": "Point", "coordinates": [139.722072, 35.63709]}}, {"type": "Feature", "properties": {"muni": "港区", "name": "特別養護老人ホーム港南の郷", "address": "東京都港区港南三丁目3番23号", "category": "福祉避難所", "source": "港区 区民避難場所・福祉避難所情報", "updated": null}, "geometry": {"type": "Point", "coordinates": [139.749263, 35.633266]}}, {"type": "Feature", "properties": {"muni": "港区", "name": "特別養護老人ホームサン・サン赤坂", "address": "東京都港区赤坂六丁目6番14号", "category": "福祉避難所", "source": "港区 区民避難場所・福祉避難所情報", "updated": null}, "geometry": {"type": "Point", "coordinates": [139.737559, 35.669761]}}, {"type": "Feature", "properties": {"muni": "港区", "name": "特別養護老人ホーム麻布慶福苑", "address": "東京都港区南麻布五丁目1番20号", "category": "福祉避難所", "source": "港区 区民避難場所・福祉避難所情報", "updated": null}, "geometry": {"type": "Point", "coordinates": [139.721819, 35.653668]}}, {"type": "Feature", "properties": {"muni": "港区", "name": "特別養護老人ホームベル", "address": "東京都港区西麻布四丁目7番2号", "category": "福祉避難所", "source": "港区 区民避難場所・福祉避難所情報", "updated": null}, "geometry": {"type": "Point", "coordinates": [139.722306, 35.656127]}}, {"type": "Feature", "properties": {"muni": "港区", "name": "特別養護老人ホーム新橋さくらの園", "address": "東京都港区新橋六丁目19番2号", "category": "福祉避難所", "source": "港区 区民避難場所・福祉避難所情報", "updated": null}, "geometry": {"type": "Point", "coordinates": [139.753707, 35.661201]}}, {"type": "Feature", "properties": {"muni": "港区", "name": "特別養護老人ホームありすの杜きのこ南麻布", "address": "東京都港区南麻布四丁目6番1号", "category": "福祉避難所", "source": "港区 区民避難場所・福祉避難所情報", "updated": null}, "geometry": {"type": "Point", "coordinates": [139.72666, 35.650765]}}, {"type": "Feature", "properties": {"muni": "港区", "name": "特別養護老人ホーム洛和ヴィラ南麻布", "address": "東京都港区南麻布四丁目6番1号", "category": "福祉避難所", "source": "港区 区民避難場所・福祉避難所情報", "updated": null}, "geometry": {"type": "Point", "coordinates": [139.72673, 35.650244]}}, {"type": "Feature", "properties": {"muni": "港区", "name": "老人保健施設ルネサンス麻布", "address": "東京都港区南麻布二丁目10番21号", "category": "福祉避難所", "source": "港区 区民避難場所・福祉避難所情報", "updated": null}, "geometry": {"type": "Point", "coordinates": [139.735179, 35.647927]}}, {"type": "Feature", "properties": {"muni": "港区", "name": "老人保健施設新橋ばらの園", "address": "東京都港区新橋六丁目19番2号", "category": "福祉避難所", "source": "港区 区民避難場所・福祉避難所情報", "updated": null}, "geometry": {"type": "Point", "coordinates": [139.753838, 35.661181]}}, {"type": "Feature", "properties": {"muni": "港区", "name": "老人保健施設洛和ヴィラサラサ", "address": "東京都港区南麻布四丁目6番1号", "category": "福祉避難所", "source": "港区 区民避難場所・福祉避難所情報", "updated": null}, "geometry": {"type": "Point", "coordinates": [139.726778, 35.650309]}}, {"type": "Feature", "properties": {"muni": "港区", "name": "高齢者在宅サービスセンター白金の森", "address": "東京都港区白金台五丁目20番5号", "category": "福祉避難所", "source": "港区 区民避難場所・福祉避難所情報", "updated": null}, "geometry": {"type": "Point", "coordinates": [139.722065, 35.637094]}}, {"type": "Feature", "properties": {"muni": "港区", "name": "高齢者在宅サービスセンター港南の郷", "address": "東京都港区港南三丁目3番23号", "category": "福祉避難所", "source": "港区 区民避難場所・福祉避難所情報", "updated": null}, "geometry": {"type": "Point", "coordinates": [139.749097, 35.633218]}}, {"type": "Feature", "properties": {"muni": "港区", "name": "高齢者在宅サービスセンターサン・サン赤坂", "address": "東京都港区赤坂六丁目6番14号", "category": "福祉避難所", "source": "港区 区民避難場所・福祉避難所情報", "updated": null}, "geometry": {"type": "Point", "coordinates": [139.737515, 35.669778]}}, {"type": "Feature", "properties": {"muni": "港区", "name": "南麻布高齢者在宅サービスセンター", "address": "東京都港区南麻布一丁目5番26号", "category": "福祉避難所", "source": "港区 区民避難場所・福祉避難所情報", "updated": null}, "geometry": {"type": "Point", "coordinates": [139.735194, 35.651364]}}, {"type": "Feature", "properties": {"muni": "港区", "name": "台場高齢者在宅サービスセンター", "address": "東京都港区台場一丁目5番5号", "category": "福祉避難所", "source": "港区 区民避難場所・福祉避難所情報", "updated": null}, "geometry": {"type": "Point", "coordinates": [139.778018, 35.630595]}}, {"type": "Feature", "properties": {"muni": "港区", "name": "北青山高齢者在宅サービスセンター", "address": "東京都港区北青山一丁目6番1号", "category": "福祉避難所", "source": "港区 区民避難場所・福祉避難所情報", "updated": null}, "geometry": {"type": "Point", "coordinates": [139.721794, 35.673546]}}, {"type": "Feature", "properties": {"muni": "港区", "name": "芝高齢者在宅サービスセンター", "address": "東京都港区芝三丁目24番5号", "category": "福祉避難所", "source": "港区 区民避難場所・福祉避難所情報", "updated": null}, "geometry": {"type": "Point", "coordinates": [139.748125, 35.651384]}}, {"type": "Feature", "properties": {"muni": "港区", "name": "虎ノ門高齢者在宅サービスセンター", "address": "東京都港区虎ノ門一丁目21番10号", "category": "福祉避難所", "source": "港区 区民避難場所・福祉避難所情報", "updated": null}, "geometry": {"type": "Point", "coordinates": [139.748728, 35.667853]}}, {"type": "Feature", "properties": {"muni": "港区", "name": "特別養護老人ホーム南麻布シニアガーデンアリス\t\t\t\t\t", "address": "東京都港区南麻布四丁目6番13号", "category": "福祉避難所", "source": "港区 区民避難場所・福祉避難所情報", "updated": null}, "geometry": {"type": "Point", "coordinates": [139.727203, 35.650591]}}, {"type": "Feature", "properties": {"muni": "港区", "name": "区立障害者支援施設　港区立障害者支援ホーム南麻布\t\t", "address": "東京都港区南麻布四丁目6番13号", "category": "福祉避難所", "source": "港区 区民避難場所・福祉避難所情報", "updated": null}, "geometry": {"type": "Point", "coordinates": [139.727203, 35.650591]}}, {"type": "Feature", "properties": {"muni": "港区", "name": "児童発達支援センター", "address": "東京都港区南麻布四丁目6番13号", "category": "福祉避難所", "source": "港区 区民避難場所・福祉避難所情報", "updated": null}, "geometry": {"type": "Point", "coordinates": [139.727203, 35.650591]}}, {"type": "Feature", "properties": {"muni": "品川区", "name": "南大井シルバーセンター", "address": "", "category": "二次避難所（福祉避難所）", "source": "品川区 二次避難所", "updated": null}, "geometry": {"type": "Point", "coordinates": [139.7342376, 35.5916187]}}, {"type": "Feature", "properties": {"muni": "品川区", "name": "春光福祉会　特別養護老人ホーム「ロイヤルサニー」", "address": "", "category": "二次避難所（福祉避難所）", "source": "品川区 二次避難所", "updated": null}, "geometry": {"type": "Point", "coordinates": [139.7224704, 35.5999621]}}, {"type": "Feature", "properties": {"muni": "品川区", "name": "さくら会老人保健施設「ケアセンター南大井」", "address": "", "category": "二次避難所（福祉避難所）", "source": "品川区 二次避難所", "updated": null}, "geometry": {"type": "Point", "coordinates": [139.733675, 35.5945343]}}, {"type": "Feature", "properties": {"muni": "品川区", "name": "西大井シルバーセンター", "address": "", "category": "二次避難所（福祉避難所）", "source": "品川区 二次避難所", "updated": null}, "geometry": {"type": "Point", "coordinates": [139.7230698, 35.6008976]}}, {"type": "Feature", "properties": {"muni": "品川区", "name": "八潮児童センター", "address": "", "category": "二次避難所（福祉避難所）", "source": "品川区 二次避難所", "updated": null}, "geometry": {"type": "Point", "coordinates": [139.7516327, 35.5998066]}}, {"type": "Feature", "properties": {"muni": "品川区", "name": "高齢者住宅八潮わかくさ荘", "address": "", "category": "二次避難所（福祉避難所）", "source": "品川区 二次避難所", "updated": null}, "geometry": {"type": "Point", "coordinates": [139.7509539, 35.5998699]}}, {"type": "Feature", "properties": {"muni": "品川区", "name": "心身障害者福祉会館", "address": "", "category": "二次避難所（福祉避難所）", "source": "品川区 二次避難所", "updated": null}, "geometry": {"type": "Point", "coordinates": [139.7006163, 35.6048875]}}, {"type": "Feature", "properties": {"muni": "品川区", "name": "旗の台シルバーセンター", "address": "", "category": "二次避難所（福祉避難所）", "source": "品川区 二次避難所", "updated": null}, "geometry": {"type": "Point", "coordinates": [139.7046896, 35.6025803]}}, {"type": "Feature", "properties": {"muni": "品川区", "name": "関ヶ原シルバーセンター", "address": "", "category": "二次避難所（福祉避難所）", "source": "品川区 二次避難所", "updated": null}, "geometry": {"type": "Point", "coordinates": [139.7364935, 35.6018677]}}, {"type": "Feature", "properties": {"muni": "品川区", "name": "品川児童学園", "address": "", "category": "二次避難所（福祉避難所）", "source": "品川区 二次避難所", "updated": null}, "geometry": {"type": "Point", "coordinates": [139.7446282, 35.6073495]}}, {"type": "Feature", "properties": {"muni": "品川区", "name": "品川総合福祉センター", "address": "", "category": "二次避難所（福祉避難所）", "source": "品川区 二次避難所", "updated": null}, "geometry": {"type": "Point", "coordinates": [139.7522717, 35.6052496]}}, {"type": "Feature", "properties": {"muni": "品川区", "name": "中延シルバーセンター", "address": "", "category": "二次避難所（福祉避難所）", "source": "品川区 二次避難所", "updated": null}, "geometry": {"type": "Point", "coordinates": [139.7118185, 35.6125932]}}, {"type": "Feature", "properties": {"muni": "品川区", "name": "特別養護老人ホーム「成幸ホーム」", "address": "", "category": "二次避難所（福祉避難所）", "source": "品川区 二次避難所", "updated": null}, "geometry": {"type": "Point", "coordinates": [139.7115887, 35.6122655]}}, {"type": "Feature", "properties": {"muni": "品川区", "name": "ゆたかシルバーセンター", "address": "", "category": "二次避難所（福祉避難所）", "source": "品川区 二次避難所", "updated": null}, "geometry": {"type": "Point", "coordinates": [139.7194903, 35.6081669]}}, {"type": "Feature", "properties": {"muni": "品川区", "name": "南品川シルバーセンター", "address": "", "category": "二次避難所（福祉避難所）", "source": "品川区 二次避難所", "updated": null}, "geometry": {"type": "Point", "coordinates": [139.7395401, 35.6100801]}}, {"type": "Feature", "properties": {"muni": "品川区", "name": "都立品川特別支援学校", "address": "", "category": "二次避難所（福祉避難所）", "source": "品川区 二次避難所", "updated": null}, "geometry": {"type": "Point", "coordinates": [139.7378227, 35.6097666]}}, {"type": "Feature", "properties": {"muni": "品川区", "name": "東品川シルバーセンター", "address": "", "category": "二次避難所（福祉避難所）", "source": "品川区 二次避難所", "updated": null}, "geometry": {"type": "Point", "coordinates": [139.7503745, 35.6126645]}}, {"type": "Feature", "properties": {"muni": "品川区", "name": "小山シルバーセンター", "address": "", "category": "二次避難所（福祉避難所）", "source": "品川区 二次避難所", "updated": null}, "geometry": {"type": "Point", "coordinates": [139.7014478, 35.6147042]}}, {"type": "Feature", "properties": {"muni": "品川区", "name": "平塚シルバーセンター", "address": "", "category": "二次避難所（福祉避難所）", "source": "品川区 二次避難所", "updated": null}, "geometry": {"type": "Point", "coordinates": [139.7139996, 35.6169969]}}, {"type": "Feature", "properties": {"muni": "品川区", "name": "大崎シルバーセンター", "address": "", "category": "二次避難所（福祉避難所）", "source": "品川区 二次避難所", "updated": null}, "geometry": {"type": "Point", "coordinates": [139.7256112, 35.6168885]}}, {"type": "Feature", "properties": {"muni": "品川区", "name": "北品川シルバーセンター", "address": "", "category": "二次避難所（福祉避難所）", "source": "品川区 二次避難所", "updated": null}, "geometry": {"type": "Point", "coordinates": [139.7418432, 35.6206822]}}, {"type": "Feature", "properties": {"muni": "品川区", "name": "福栄会", "address": "", "category": "二次避難所（福祉避難所）", "source": "品川区 二次避難所", "updated": null}, "geometry": {"type": "Point", "coordinates": [139.7467953, 35.617101]}}, {"type": "Feature", "properties": {"muni": "品川区", "name": "西五反田シルバーセンター", "address": "", "category": "二次避難所（福祉避難所）", "source": "品川区 二次避難所", "updated": null}, "geometry": {"type": "Point", "coordinates": [139.7170725, 35.6266424]}}, {"type": "Feature", "properties": {"muni": "品川区", "name": "五反田保育園", "address": "", "category": "二次避難所（福祉避難所）", "source": "品川区 二次避難所", "updated": null}, "geometry": {"type": "Point", "coordinates": [139.7294771, 35.6216342]}}, {"type": "Feature", "properties": {"muni": "品川区", "name": "上大崎シルバーセンター", "address": "", "category": "二次避難所（福祉避難所）", "source": "品川区 二次避難所", "updated": null}, "geometry": {"type": "Point", "coordinates": [139.7222261, 35.6347299]}}, {"type": "Feature", "properties": {"muni": "清瀬市", "name": "特別養護老人ホーム 救世軍恵泉ホーム", "address": "東京都清瀬市竹丘1-17-61", "category": "福祉避難所", "source": "清瀬市 福祉避難所一覧", "updated": "2025-12-01"}, "geometry": {"type": "Point", "coordinates": [139.508107, 35.769635]}}, {"type": "Feature", "properties": {"muni": "清瀬市", "name": "特別養護老人ホーム 上宮園", "address": "東京都清瀬市竹丘3-3-31", "category": "福祉避難所", "source": "清瀬市 福祉避難所一覧", "updated": "2025-12-01"}, "geometry": {"type": "Point", "coordinates": [139.502455, 35.767543]}}, {"type": "Feature", "properties": {"muni": "清瀬市", "name": "特別養護老人ホーム 信愛の園", "address": "東京都清瀬市梅園2-3-15", "category": "福祉避難所", "source": "清瀬市 福祉避難所一覧", "updated": "2025-12-01"}, "geometry": {"type": "Point", "coordinates": [139.503522, 35.772751]}}, {"type": "Feature", "properties": {"muni": "清瀬市", "name": "特別養護老人ホーム 清雅苑", "address": "東京都清瀬市中里5-91-2", "category": "福祉避難所", "source": "清瀬市 福祉避難所一覧", "updated": "2025-12-01"}, "geometry": {"type": "Point", "coordinates": [139.531891, 35.789366]}}, {"type": "Feature", "properties": {"muni": "清瀬市", "name": "清瀬どんぐりの家", "address": "東京都清瀬市野塩4-230-1", "category": "福祉避難所", "source": "清瀬市 福祉避難所一覧", "updated": "2025-12-01"}, "geometry": {"type": "Point", "coordinates": [139.500036, 35.774754]}}, {"type": "Feature", "properties": {"muni": "清瀬市", "name": "工房わかば", "address": "東京都清瀬市野塩4-59-8", "category": "福祉避難所", "source": "清瀬市 福祉避難所一覧", "updated": "2025-12-01"}, "geometry": {"type": "Point", "coordinates": [139.506768, 35.775592]}}, {"type": "Feature", "properties": {"muni": "清瀬市", "name": "清瀬療護園", "address": "東京都清瀬市竹丘3-1-72", "category": "福祉避難所", "source": "清瀬市 福祉避難所一覧", "updated": "2025-12-01"}, "geometry": {"type": "Point", "coordinates": [139.503219, 35.765507]}}, {"type": "Feature", "properties": {"muni": "清瀬市", "name": "介護老人保健施設 たけおか", "address": "東京都清瀬市竹丘2-3-21", "category": "福祉避難所", "source": "清瀬市 福祉避難所一覧", "updated": "2025-12-01"}, "geometry": {"type": "Point", "coordinates": [139.50899, 35.76518]}}, {"type": "Feature", "properties": {"muni": "清瀬市", "name": "介護老人保健施設 ラビアンローゼ", "address": "東京都清瀬市下清戸3-385", "category": "福祉避難所", "source": "清瀬市 福祉避難所一覧", "updated": "2025-12-01"}, "geometry": {"type": "Point", "coordinates": [139.538971, 35.784884]}}, {"type": "Feature", "properties": {"muni": "清瀬市", "name": "介護老人保健施設 きよせ認知症ケアセンター", "address": "東京都清瀬市中清戸5-27", "category": "福祉避難所", "source": "清瀬市 福祉避難所一覧", "updated": "2025-12-01"}, "geometry": {"type": "Point", "coordinates": [139.536959, 35.77695]}}, {"type": "Feature", "properties": {"muni": "清瀬市", "name": "清瀬市障害者福祉センター", "address": "東京都清瀬市上清戸1-16-62", "category": "福祉避難所", "source": "清瀬市 福祉避難所一覧", "updated": "2025-12-01"}, "geometry": {"type": "Point", "coordinates": [139.527679, 35.773273]}}, {"type": "Feature", "properties": {"muni": "清瀬市", "name": "清瀬市子どもの発達支援・交流センターとことこ", "address": "東京都清瀬市竹丘1-15-8", "category": "福祉避難所", "source": "清瀬市 福祉避難所一覧", "updated": "2025-12-01"}, "geometry": {"type": "Point", "coordinates": [139.511079, 35.768108]}}, {"type": "Feature", "properties": {"muni": "清瀬市", "name": "ヒューマンライフケア清瀬", "address": "東京都清瀬市元町1-8-25", "category": "福祉避難所", "source": "清瀬市 福祉避難所一覧", "updated": "2025-12-01"}, "geometry": {"type": "Point", "coordinates": [139.519828, 35.77412]}}, {"type": "Feature", "properties": {"muni": "清瀬市", "name": "ツクイ秋津", "address": "東京都清瀬市野塩1-303-2", "category": "福祉避難所", "source": "清瀬市 福祉避難所一覧", "updated": "2025-12-01"}, "geometry": {"type": "Point", "coordinates": [139.497067, 35.779016]}}, {"type": "Feature", "properties": {"muni": "清瀬市", "name": "グループホーム清瀬", "address": "東京都清瀬市中清戸5-132-1", "category": "福祉避難所", "source": "清瀬市 福祉避難所一覧", "updated": "2025-12-01"}, "geometry": {"type": "Point", "coordinates": [139.532555, 35.779676]}}, {"type": "Feature", "properties": {"muni": "清瀬市", "name": "グループホームさくらの苑", "address": "東京都清瀬市中清戸5-27-3", "category": "福祉避難所", "source": "清瀬市 福祉避難所一覧", "updated": "2025-12-01"}, "geometry": {"type": "Point", "coordinates": [139.532564, 35.779659]}}, {"type": "Feature", "properties": {"muni": "清瀬市", "name": "しんあい清戸の里", "address": "東京都清瀬市下清戸1-305-1", "category": "福祉避難所", "source": "清瀬市 福祉避難所一覧", "updated": "2025-12-01"}, "geometry": {"type": "Point", "coordinates": [139.536013, 35.780341]}}, {"type": "Feature", "properties": {"muni": "清瀬市", "name": "ホームステーションらいふ清瀬", "address": "東京都清瀬市松山1-4-16", "category": "福祉避難所", "source": "清瀬市 福祉避難所一覧", "updated": "2025-12-01"}, "geometry": {"type": "Point", "coordinates": [139.5207, 35.770683]}}, {"type": "Feature", "properties": {"muni": "清瀬市", "name": "みどりの樹清瀬", "address": "東京都清瀬市下清戸4-709-17", "category": "福祉避難所", "source": "清瀬市 福祉避難所一覧", "updated": "2025-12-01"}, "geometry": {"type": "Point", "coordinates": [139.539276, 35.786527]}}, {"type": "Feature", "properties": {"muni": "清瀬市", "name": "平成あおば上宮園", "address": "東京都東村山市青葉町1-7-75", "category": "福祉避難所", "source": "清瀬市 福祉避難所一覧", "updated": "2025-12-01"}, "geometry": {"type": "Point", "coordinates": [139.49255, 35.75954]}}, {"type": "Feature", "properties": {"muni": "清瀬市", "name": "介護医療院シャロン", "address": "東京都清瀬市竹丘1－17－9療養棟２F", "category": "福祉避難所", "source": "清瀬市 福祉避難所一覧", "updated": "2025-12-01"}, "geometry": {"type": "Point", "coordinates": [139.50671, 35.77017]}}, {"type": "Feature", "properties": {"muni": "清瀬市", "name": "清瀬喜望園", "address": "東京都清瀬市竹丘３丁目１－７２", "category": "福祉避難所", "source": "清瀬市 福祉避難所一覧", "updated": "2025-12-01"}, "geometry": {"type": "Point", "coordinates": [139.50404, 35.76408]}}, {"type": "Feature", "properties": {"muni": "足立区", "name": "足立区総合ボランティアセンター", "address": "日ノ出町27-3-102", "category": "福祉避難所（第二次避難所）", "source": "足立区 福祉避難所（第二次避難所）＋GSIジオコーディング", "updated": "2026-05-01"}, "geometry": {"type": "Point", "coordinates": [139.808121, 35.752003]}}, {"type": "Feature", "properties": {"muni": "足立区", "name": "綾瀬福祉園", "address": "東綾瀬1-26-2", "category": "福祉避難所（第二次避難所）", "source": "足立区 福祉避難所（第二次避難所）＋GSIジオコーディング", "updated": "2026-05-01"}, "geometry": {"type": "Point", "coordinates": [139.830856, 35.765862]}}, {"type": "Feature", "properties": {"muni": "足立区", "name": "障がい福祉センターあしすと", "address": "梅島3-31-19", "category": "福祉避難所（第二次避難所）", "source": "足立区 福祉避難所（第二次避難所）＋GSIジオコーディング", "updated": "2026-05-01"}, "geometry": {"type": "Point", "coordinates": [139.792984, 35.777699]}}, {"type": "Feature", "properties": {"muni": "足立区", "name": "足立あかしあ園", "address": "青井4-30-5", "category": "福祉避難所（第二次避難所）", "source": "足立区 福祉避難所（第二次避難所）＋GSIジオコーディング", "updated": "2026-05-01"}, "geometry": {"type": "Point", "coordinates": [139.819611, 35.776695]}}, {"type": "Feature", "properties": {"muni": "足立区", "name": "綾瀬あかしあ園", "address": "綾瀬7-2-5", "category": "福祉避難所（第二次避難所）", "source": "足立区 福祉避難所（第二次避難所）＋GSIジオコーディング", "updated": "2026-05-01"}, "geometry": {"type": "Point", "coordinates": [139.824051, 35.774723]}}, {"type": "Feature", "properties": {"muni": "足立区", "name": "東六月町ひまわり作業所", "address": "東六月町5-20", "category": "福祉避難所（第二次避難所）", "source": "足立区 福祉避難所（第二次避難所）＋GSIジオコーディング", "updated": "2026-05-01"}, "geometry": {"type": "Point", "coordinates": [139.804337, 35.788784]}}, {"type": "Feature", "properties": {"muni": "足立区", "name": "西伊興ひまわり園", "address": "西伊興2-1-8", "category": "福祉避難所（第二次避難所）", "source": "足立区 福祉避難所（第二次避難所）＋GSIジオコーディング", "updated": "2026-05-01"}, "geometry": {"type": "Point", "coordinates": [139.778503, 35.79327]}}, {"type": "Feature", "properties": {"muni": "足立区", "name": "西新井ひまわり工房", "address": "西新井2-11-4", "category": "福祉避難所（第二次避難所）", "source": "足立区 福祉避難所（第二次避難所）＋GSIジオコーディング", "updated": "2026-05-01"}, "geometry": {"type": "Point", "coordinates": [139.783081, 35.783058]}}, {"type": "Feature", "properties": {"muni": "足立区", "name": "梅田ひまわり工房", "address": "梅田5-27-11", "category": "福祉避難所（第二次避難所）", "source": "足立区 福祉避難所（第二次避難所）＋GSIジオコーディング", "updated": "2026-05-01"}, "geometry": {"type": "Point", "coordinates": [139.79454, 35.771328]}}, {"type": "Feature", "properties": {"muni": "足立区", "name": "谷在家障がい福祉施設", "address": "谷在家3-13-1", "category": "福祉避難所（第二次避難所）", "source": "足立区 福祉避難所（第二次避難所）＋GSIジオコーディング", "updated": "2026-05-01"}, "geometry": {"type": "Point", "coordinates": [139.765839, 35.787785]}}, {"type": "Feature", "properties": {"muni": "足立区", "name": "神明障がい福祉施設", "address": "神明南2-6-18", "category": "福祉避難所（第二次避難所）", "source": "足立区 福祉避難所（第二次避難所）＋GSIジオコーディング", "updated": "2026-05-01"}, "geometry": {"type": "Point", "coordinates": [139.83345, 35.787872]}}, {"type": "Feature", "properties": {"muni": "足立区", "name": "特別養護老人ホームさの", "address": "佐野2-30-12", "category": "福祉避難所（第二次避難所）", "source": "足立区 福祉避難所（第二次避難所）＋GSIジオコーディング", "updated": "2026-05-01"}, "geometry": {"type": "Point", "coordinates": [139.836502, 35.788597]}}, {"type": "Feature", "properties": {"muni": "足立区", "name": "特別養護老人ホーム扇", "address": "扇1-52-23", "category": "福祉避難所（第二次避難所）", "source": "足立区 福祉避難所（第二次避難所）＋GSIジオコーディング", "updated": "2026-05-01"}, "geometry": {"type": "Point", "coordinates": [139.774521, 35.766769]}}, {"type": "Feature", "properties": {"muni": "足立区", "name": "特別養護老人ホーム六月", "address": "六月1-6-1", "category": "福祉避難所（第二次避難所）", "source": "足立区 福祉避難所（第二次避難所）＋GSIジオコーディング", "updated": "2026-05-01"}, "geometry": {"type": "Point", "coordinates": [139.800369, 35.785553]}}, {"type": "Feature", "properties": {"muni": "足立区", "name": "日の出デイサービスセンター", "address": "日ノ出町27-3-101", "category": "福祉避難所（第二次避難所）", "source": "足立区 福祉避難所（第二次避難所）＋GSIジオコーディング", "updated": "2026-05-01"}, "geometry": {"type": "Point", "coordinates": [139.808121, 35.752003]}}, {"type": "Feature", "properties": {"muni": "足立区", "name": "竹の塚障がい福祉館(センター1F)", "address": "竹の塚2-25-17", "category": "福祉避難所（第二次避難所）", "source": "足立区 福祉避難所（第二次避難所）＋GSIジオコーディング", "updated": "2026-05-01"}, "geometry": {"type": "Point", "coordinates": [139.794678, 35.792858]}}, {"type": "Feature", "properties": {"muni": "足立区", "name": "竹の塚地域学習センター", "address": "竹の塚2-25-17", "category": "福祉避難所（第二次避難所）", "source": "足立区 福祉避難所（第二次避難所）＋GSIジオコーディング", "updated": "2026-05-01"}, "geometry": {"type": "Point", "coordinates": [139.794678, 35.792858]}}, {"type": "Feature", "properties": {"muni": "足立区", "name": "中央本町地域学習センター", "address": "中央本町3-15-1", "category": "福祉避難所（第二次避難所）", "source": "足立区 福祉避難所（第二次避難所）＋GSIジオコーディング", "updated": "2026-05-01"}, "geometry": {"type": "Point", "coordinates": [139.809586, 35.77248]}}, {"type": "Feature", "properties": {"muni": "足立区", "name": "東和地域学習センター", "address": "東和3-12-9", "category": "福祉避難所（第二次避難所）", "source": "足立区 福祉避難所（第二次避難所）＋GSIジオコーディング", "updated": "2026-05-01"}, "geometry": {"type": "Point", "coordinates": [139.839294, 35.771023]}}, {"type": "Feature", "properties": {"muni": "足立区", "name": "佐野地域学習センター", "address": "佐野2-43-5", "category": "福祉避難所（第二次避難所）", "source": "足立区 福祉避難所（第二次避難所）＋GSIジオコーディング", "updated": "2026-05-01"}, "geometry": {"type": "Point", "coordinates": [139.840012, 35.788284]}}, {"type": "Feature", "properties": {"muni": "足立区", "name": "舎人地域学習センター", "address": "舎人1-3-26", "category": "福祉避難所（第二次避難所）", "source": "足立区 福祉避難所（第二次避難所）＋GSIジオコーディング", "updated": "2026-05-01"}, "geometry": {"type": "Point", "coordinates": [139.773453, 35.806156]}}, {"type": "Feature", "properties": {"muni": "足立区", "name": "保塚地域学習センター", "address": "保塚町7-16", "category": "福祉避難所（第二次避難所）", "source": "足立区 福祉避難所（第二次避難所）＋GSIジオコーディング", "updated": "2026-05-01"}, "geometry": {"type": "Point", "coordinates": [139.816452, 35.786789]}}, {"type": "Feature", "properties": {"muni": "足立区", "name": "江北地域学習センター", "address": "江北3-39-4", "category": "福祉避難所（第二次避難所）", "source": "足立区 福祉避難所（第二次避難所）＋GSIジオコーディング", "updated": "2026-05-01"}, "geometry": {"type": "Point", "coordinates": [139.760666, 35.775822]}}, {"type": "Feature", "properties": {"muni": "足立区", "name": "興本地域学習センター", "address": "興野1-18-38", "category": "福祉避難所（第二次避難所）", "source": "足立区 福祉避難所（第二次避難所）＋GSIジオコーディング", "updated": "2026-05-01"}, "geometry": {"type": "Point", "coordinates": [139.7827, 35.768414]}}, {"type": "Feature", "properties": {"muni": "足立区", "name": "伊興地域学習センター", "address": "伊興2-4-22", "category": "福祉避難所（第二次避難所）", "source": "足立区 福祉避難所（第二次避難所）＋GSIジオコーディング", "updated": "2026-05-01"}, "geometry": {"type": "Point", "coordinates": [139.781265, 35.791256]}}, {"type": "Feature", "properties": {"muni": "足立区", "name": "鹿浜地域学習センター", "address": "鹿浜6-8-1", "category": "福祉避難所（第二次避難所）", "source": "足立区 福祉避難所（第二次避難所）＋GSIジオコーディング", "updated": "2026-05-01"}, "geometry": {"type": "Point", "coordinates": [139.758743, 35.783966]}}, {"type": "Feature", "properties": {"muni": "足立区", "name": "梅田地域学習センター", "address": "梅田7-33-1", "category": "福祉避難所（第二次避難所）", "source": "足立区 福祉避難所（第二次避難所）＋GSIジオコーディング", "updated": "2026-05-01"}, "geometry": {"type": "Point", "coordinates": [139.798492, 35.770351]}}, {"type": "Feature", "properties": {"muni": "足立区", "name": "花畑地域学習センター", "address": "花畑4-16-8", "category": "福祉避難所（第二次避難所）", "source": "足立区 福祉避難所（第二次避難所）＋GSIジオコーディング", "updated": "2026-05-01"}, "geometry": {"type": "Point", "coordinates": [139.807175, 35.803093]}}, {"type": "Feature", "properties": {"muni": "足立区", "name": "総合スポーツセンター", "address": "東保木間2-27-1", "category": "福祉避難所（第二次避難所）", "source": "足立区 福祉避難所（第二次避難所）＋GSIジオコーディング", "updated": "2026-05-01"}, "geometry": {"type": "Point", "coordinates": [139.813675, 35.791882]}}, {"type": "Feature", "properties": {"muni": "足立区", "name": "江南中学校（一部）", "address": "宮城1-8-4", "category": "福祉避難所（第二次避難所）", "source": "足立区 福祉避難所（第二次避難所）＋GSIジオコーディング", "updated": "2026-05-01"}, "geometry": {"type": "Point", "coordinates": [139.754395, 35.757504]}}, {"type": "Feature", "properties": {"muni": "足立区", "name": "特別養護老人ホーム千住桜花苑", "address": "千住元町18-19", "category": "福祉避難所（第二次避難所）", "source": "足立区 福祉避難所（第二次避難所）＋GSIジオコーディング", "updated": "2026-05-01"}, "geometry": {"type": "Point", "coordinates": [139.793625, 35.755692]}}, {"type": "Feature", "properties": {"muni": "足立区", "name": "足立こども支援センターげんき", "address": "梅島3-28-8", "category": "福祉避難所（第二次避難所）", "source": "足立区 福祉避難所（第二次避難所）＋GSIジオコーディング", "updated": "2026-05-01"}, "geometry": {"type": "Point", "coordinates": [139.792709, 35.775742]}}, {"type": "Feature", "properties": {"muni": "足立区", "name": "特別養護老人ホーム足立新生苑", "address": "花畑4-39-10", "category": "福祉避難所（第二次避難所）", "source": "足立区 福祉避難所（第二次避難所）＋GSIジオコーディング", "updated": "2026-05-01"}, "geometry": {"type": "Point", "coordinates": [139.809738, 35.806515]}}, {"type": "Feature", "properties": {"muni": "足立区", "name": "特別養護老人ホームプレミア扇", "address": "扇1-3-5", "category": "福祉避難所（第二次避難所）", "source": "足立区 福祉避難所（第二次避難所）＋GSIジオコーディング", "updated": "2026-05-01"}, "geometry": {"type": "Point", "coordinates": [139.776199, 35.759766]}}, {"type": "Feature", "properties": {"muni": "足立区", "name": "特別養護老人ホーム中央本町杉の子園", "address": "中央本町4-14-20", "category": "福祉避難所（第二次避難所）", "source": "足立区 福祉避難所（第二次避難所）＋GSIジオコーディング", "updated": "2026-05-01"}, "geometry": {"type": "Point", "coordinates": [139.808807, 35.776428]}}, {"type": "Feature", "properties": {"muni": "足立区", "name": "特別養護老人ホームハピネスあだち", "address": "江北3-14-1", "category": "福祉避難所（第二次避難所）", "source": "足立区 福祉避難所（第二次避難所）＋GSIジオコーディング", "updated": "2026-05-01"}, "geometry": {"type": "Point", "coordinates": [139.763199, 35.774181]}}, {"type": "Feature", "properties": {"muni": "足立区", "name": "特別養護老人ホームはるかぜ", "address": "東保木間1-19-5", "category": "福祉避難所（第二次避難所）", "source": "足立区 福祉避難所（第二次避難所）＋GSIジオコーディング", "updated": "2026-05-01"}, "geometry": {"type": "Point", "coordinates": [139.815842, 35.78894]}}, {"type": "Feature", "properties": {"muni": "足立区", "name": "特別養護老人ホームイーストピア東和", "address": "東和4-7-23", "category": "福祉避難所（第二次避難所）", "source": "足立区 福祉避難所（第二次避難所）＋GSIジオコーディング", "updated": "2026-05-01"}, "geometry": {"type": "Point", "coordinates": [139.843887, 35.772362]}}, {"type": "Feature", "properties": {"muni": "足立区", "name": "特別養護老人ホームウエルガーデン伊興園", "address": "伊興3-7-4", "category": "福祉避難所（第二次避難所）", "source": "足立区 福祉避難所（第二次避難所）＋GSIジオコーディング", "updated": "2026-05-01"}, "geometry": {"type": "Point", "coordinates": [139.783585, 35.791805]}}, {"type": "Feature", "properties": {"muni": "足立区", "name": "介護老人保健施設足立老人ケアセンター", "address": "保木間5-23-20", "category": "福祉避難所（第二次避難所）", "source": "足立区 福祉避難所（第二次避難所）＋GSIジオコーディング", "updated": "2026-05-01"}, "geometry": {"type": "Point", "coordinates": [139.804672, 35.804691]}}, {"type": "Feature", "properties": {"muni": "足立区", "name": "介護老人保健施設しらさぎ", "address": "梅田8-12-10", "category": "福祉避難所（第二次避難所）", "source": "足立区 福祉避難所（第二次避難所）＋GSIジオコーディング", "updated": "2026-05-01"}, "geometry": {"type": "Point", "coordinates": [139.794495, 35.771954]}}, {"type": "Feature", "properties": {"muni": "足立区", "name": "介護老人保健施設レーベンハウス", "address": "西新井本町2-23-1", "category": "福祉避難所（第二次避難所）", "source": "足立区 福祉避難所（第二次避難所）＋GSIジオコーディング", "updated": "2026-05-01"}, "geometry": {"type": "Point", "coordinates": [139.77298, 35.774811]}}, {"type": "Feature", "properties": {"muni": "足立区", "name": "成仁介護老人保健施設", "address": "大谷田2-18-12", "category": "福祉避難所（第二次避難所）", "source": "足立区 福祉避難所（第二次避難所）＋GSIジオコーディング", "updated": "2026-05-01"}, "geometry": {"type": "Point", "coordinates": [139.843948, 35.783569]}}, {"type": "Feature", "properties": {"muni": "足立区", "name": "介護老人保健施設いずみ", "address": "西新井5-35-2", "category": "福祉避難所（第二次避難所）", "source": "足立区 福祉避難所（第二次避難所）＋GSIジオコーディング", "updated": "2026-05-01"}, "geometry": {"type": "Point", "coordinates": [139.775772, 35.785374]}}, {"type": "Feature", "properties": {"muni": "足立区", "name": "介護老人保健施設むくげのいえ", "address": "西新井本町1-25-36", "category": "福祉避難所（第二次避難所）", "source": "足立区 福祉避難所（第二次避難所）＋GSIジオコーディング", "updated": "2026-05-01"}, "geometry": {"type": "Point", "coordinates": [139.779709, 35.774845]}}, {"type": "Feature", "properties": {"muni": "足立区", "name": "介護老人保健施設ホスピア東和", "address": "東和4-7-8", "category": "福祉避難所（第二次避難所）", "source": "足立区 福祉避難所（第二次避難所）＋GSIジオコーディング", "updated": "2026-05-01"}, "geometry": {"type": "Point", "coordinates": [139.843155, 35.772991]}}, {"type": "Feature", "properties": {"muni": "足立区", "name": "うめだ・あけぼの学園", "address": "梅田7-12-15", "category": "福祉避難所（第二次避難所）", "source": "足立区 福祉避難所（第二次避難所）＋GSIジオコーディング", "updated": "2026-05-01"}, "geometry": {"type": "Point", "coordinates": [139.801117, 35.769283]}}, {"type": "Feature", "properties": {"muni": "足立区", "name": "特別養護老人ホーム奉優の家", "address": "佐野1-29-3", "category": "福祉避難所（第二次避難所）", "source": "足立区 福祉避難所（第二次避難所）＋GSIジオコーディング", "updated": "2026-05-01"}, "geometry": {"type": "Point", "coordinates": [139.841309, 35.789078]}}, {"type": "Feature", "properties": {"muni": "足立区", "name": "特別養護老人ホームケアホーム足立", "address": "入谷1-8-15", "category": "福祉避難所（第二次避難所）", "source": "足立区 福祉避難所（第二次避難所）＋GSIジオコーディング", "updated": "2026-05-01"}, "geometry": {"type": "Point", "coordinates": [139.769928, 35.803822]}}, {"type": "Feature", "properties": {"muni": "足立区", "name": "特別養護老人ホーム古千谷苑", "address": "古千谷本町1-3-19", "category": "福祉避難所（第二次避難所）", "source": "足立区 福祉避難所（第二次避難所）＋GSIジオコーディング", "updated": "2026-05-01"}, "geometry": {"type": "Point", "coordinates": [139.77713, 35.803524]}}, {"type": "Feature", "properties": {"muni": "足立区", "name": "特別養護老人ホームピオーネ西新井", "address": "西新井1-33-15", "category": "福祉避難所（第二次避難所）", "source": "足立区 福祉避難所（第二次避難所）＋GSIジオコーディング", "updated": "2026-05-01"}, "geometry": {"type": "Point", "coordinates": [139.782486, 35.781422]}}, {"type": "Feature", "properties": {"muni": "足立区", "name": "特別養護老人ホーム足立万葉苑", "address": "六月2-11-20", "category": "福祉避難所（第二次避難所）", "source": "足立区 福祉避難所（第二次避難所）＋GSIジオコーディング", "updated": "2026-05-01"}, "geometry": {"type": "Point", "coordinates": [139.793991, 35.784679]}}, {"type": "Feature", "properties": {"muni": "足立区", "name": "介護老人保健施設イルアカーサ", "address": "六木4-9-10", "category": "福祉避難所（第二次避難所）", "source": "足立区 福祉避難所（第二次避難所）＋GSIジオコーディング", "updated": "2026-05-01"}, "geometry": {"type": "Point", "coordinates": [139.838852, 35.797585]}}, {"type": "Feature", "properties": {"muni": "足立区", "name": "特別養護老人ホームル・ソラリオン綾瀬", "address": "東綾瀬3-9-1", "category": "福祉避難所（第二次避難所）", "source": "足立区 福祉避難所（第二次避難所）＋GSIジオコーディング", "updated": "2026-05-01"}, "geometry": {"type": "Point", "coordinates": [139.834213, 35.769588]}}, {"type": "Feature", "properties": {"muni": "足立区", "name": "特別養護老人ホームル・ソラリオン西新井", "address": "西新井3-14-3", "category": "福祉避難所（第二次避難所）", "source": "足立区 福祉避難所（第二次避難所）＋GSIジオコーディング", "updated": "2026-05-01"}, "geometry": {"type": "Point", "coordinates": [139.781204, 35.788406]}}, {"type": "Feature", "properties": {"muni": "足立区", "name": "特別養護老人ホーム紫磨園", "address": "入谷3-3-6", "category": "福祉避難所（第二次避難所）", "source": "足立区 福祉避難所（第二次避難所）＋GSIジオコーディング", "updated": "2026-05-01"}, "geometry": {"type": "Point", "coordinates": [139.762039, 35.810413]}}, {"type": "Feature", "properties": {"muni": "足立区", "name": "特別養護老人ホーム足立翔裕園", "address": "入谷9-15-18", "category": "福祉避難所（第二次避難所）", "source": "足立区 福祉避難所（第二次避難所）＋GSIジオコーディング", "updated": "2026-05-01"}, "geometry": {"type": "Point", "coordinates": [139.75563, 35.808254]}}, {"type": "Feature", "properties": {"muni": "足立区", "name": "特別養護老人ホーム竹の塚翔裕園", "address": "竹の塚7-19-14", "category": "福祉避難所（第二次避難所）", "source": "足立区 福祉避難所（第二次避難所）＋GSIジオコーディング", "updated": "2026-05-01"}, "geometry": {"type": "Point", "coordinates": [139.796585, 35.801342]}}, {"type": "Feature", "properties": {"muni": "足立区", "name": "特別養護老人ホームさくら", "address": "皿沼2-8-8", "category": "福祉避難所（第二次避難所）", "source": "足立区 福祉避難所（第二次避難所）＋GSIジオコーディング", "updated": "2026-05-01"}, "geometry": {"type": "Point", "coordinates": [139.767792, 35.790546]}}, {"type": "Feature", "properties": {"muni": "足立区", "name": "舎人あかしあ園", "address": "古千谷本町2-25-11", "category": "福祉避難所（第二次避難所）", "source": "足立区 福祉避難所（第二次避難所）＋GSIジオコーディング", "updated": "2026-05-01"}, "geometry": {"type": "Point", "coordinates": [139.771988, 35.804996]}}, {"type": "Feature", "properties": {"muni": "足立区", "name": "特別養護老人ホーム花畑あすか苑", "address": "花畑4-20-1", "category": "福祉避難所（第二次避難所）", "source": "足立区 福祉避難所（第二次避難所）＋GSIジオコーディング", "updated": "2026-05-01"}, "geometry": {"type": "Point", "coordinates": [139.807541, 35.803799]}}, {"type": "Feature", "properties": {"muni": "足立区", "name": "特別養護老人ホームレスペート千住", "address": "千住桜木2-11-8", "category": "福祉避難所（第二次避難所）", "source": "足立区 福祉避難所（第二次避難所）＋GSIジオコーディング", "updated": "2026-05-01"}, "geometry": {"type": "Point", "coordinates": [139.788757, 35.7547]}}, {"type": "Feature", "properties": {"muni": "足立区", "name": "綾瀬なないろ園", "address": "綾瀬7-14-12", "category": "福祉避難所（第二次避難所）", "source": "足立区 福祉避難所（第二次避難所）＋GSIジオコーディング", "updated": "2026-05-01"}, "geometry": {"type": "Point", "coordinates": [139.827469, 35.773212]}}, {"type": "Feature", "properties": {"muni": "足立区", "name": "竹の塚福祉園・竹の塚ひまわり園", "address": "竹の塚7-19-7", "category": "福祉避難所（第二次避難所）", "source": "足立区 福祉避難所（第二次避難所）＋GSIジオコーディング", "updated": "2026-05-01"}, "geometry": {"type": "Point", "coordinates": [139.79541, 35.801071]}}, {"type": "Feature", "properties": {"muni": "足立区", "name": "ＦＬＡＰ－ＹＡＲＤ", "address": "扇1-44-15", "category": "福祉避難所（第二次避難所）", "source": "足立区 福祉避難所（第二次避難所）＋GSIジオコーディング", "updated": "2026-05-01"}, "geometry": {"type": "Point", "coordinates": [139.777039, 35.766693]}}, {"type": "Feature", "properties": {"muni": "足立区", "name": "東京都立花畑学園", "address": "南花畑5-24-49", "category": "福祉避難所（第二次避難所）", "source": "足立区 福祉避難所（第二次避難所）＋GSIジオコーディング", "updated": "2026-05-01"}, "geometry": {"type": "Point", "coordinates": [139.814041, 35.796707]}}, {"type": "Feature", "properties": {"muni": "足立区", "name": "江北ひまわり園", "address": "江北1-26-22", "category": "福祉避難所（第二次避難所）", "source": "足立区 福祉避難所（第二次避難所）＋GSIジオコーディング", "updated": "2026-05-01"}, "geometry": {"type": "Point", "coordinates": [139.767563, 35.769691]}}, {"type": "Feature", "properties": {"muni": "足立区", "name": "東京都立足立特別支援学校", "address": "花畑7-23-15", "category": "福祉避難所（第二次避難所）", "source": "足立区 福祉避難所（第二次避難所）＋GSIジオコーディング", "updated": "2026-05-01"}, "geometry": {"type": "Point", "coordinates": [139.819717, 35.811119]}}, {"type": "Feature", "properties": {"muni": "足立区", "name": "特別養護老人ホームケアホーム花畑", "address": "花畑8-7-6", "category": "福祉避難所（第二次避難所）", "source": "足立区 福祉避難所（第二次避難所）＋GSIジオコーディング", "updated": "2026-05-01"}, "geometry": {"type": "Point", "coordinates": [139.822388, 35.813046]}}, {"type": "Feature", "properties": {"muni": "足立区", "name": "花畑あかしあ園", "address": "花畑3-16-4", "category": "福祉避難所（第二次避難所）", "source": "足立区 福祉避難所（第二次避難所）＋GSIジオコーディング", "updated": "2026-05-01"}, "geometry": {"type": "Point", "coordinates": [139.810516, 35.802818]}}, {"type": "Feature", "properties": {"muni": "足立区", "name": "特別養護老人ホーム花ざかり", "address": "中央本町2-24-11", "category": "福祉避難所（第二次避難所）", "source": "足立区 福祉避難所（第二次避難所）＋GSIジオコーディング", "updated": "2026-05-01"}, "geometry": {"type": "Point", "coordinates": [139.808533, 35.768044]}}, {"type": "Feature", "properties": {"muni": "足立区", "name": "ハーモニー竹の塚第３", "address": "東六月町11-5", "category": "福祉避難所（第二次避難所）", "source": "足立区 福祉避難所（第二次避難所）＋GSIジオコーディング", "updated": "2026-05-01"}, "geometry": {"type": "Point", "coordinates": [139.80748, 35.787949]}}, {"type": "Feature", "properties": {"muni": "足立区", "name": "陽光", "address": "東伊興1-6-12", "category": "福祉避難所（第二次避難所）", "source": "足立区 福祉避難所（第二次避難所）＋GSIジオコーディング", "updated": "2026-05-01"}, "geometry": {"type": "Point", "coordinates": [139.783356, 35.803093]}}, {"type": "Feature", "properties": {"muni": "足立区", "name": "特別養護老人ホームグレイスホーム", "address": "西新井本町4‐13‐16", "category": "福祉避難所（第二次避難所）", "source": "足立区 福祉避難所（第二次避難所）＋GSIジオコーディング", "updated": "2026-05-01"}, "geometry": {"type": "Point", "coordinates": [139.778671, 35.7733]}}, {"type": "Feature", "properties": {"muni": "足立区", "name": "特別養護老人ホームタムスさくらの杜花畑", "address": "花畑3-15-5", "category": "福祉避難所（第二次避難所）", "source": "足立区 福祉避難所（第二次避難所）＋GSIジオコーディング", "updated": "2026-05-01"}, "geometry": {"type": "Point", "coordinates": [139.811646, 35.802742]}}, {"type": "Feature", "properties": {"muni": "足立区", "name": "特別養護老人ホームピオーネ足立", "address": "平野1-7-7", "category": "福祉避難所（第二次避難所）", "source": "足立区 福祉避難所（第二次避難所）＋GSIジオコーディング", "updated": "2026-05-01"}, "geometry": {"type": "Point", "coordinates": [139.805038, 35.780674]}}, {"type": "Feature", "properties": {"muni": "足立区", "name": "特別養護老人ホームロイヤル足立", "address": "舎人3-1-19", "category": "福祉避難所（第二次避難所）", "source": "足立区 福祉避難所（第二次避難所）＋GSIジオコーディング", "updated": "2026-05-01"}, "geometry": {"type": "Point", "coordinates": [139.774506, 35.810703]}}, {"type": "Feature", "properties": {"muni": "足立区", "name": "東京みらい児童発達支援センター", "address": "足立1-13-26", "category": "福祉避難所（第二次避難所）", "source": "足立区 福祉避難所（第二次避難所）＋GSIジオコーディング", "updated": "2026-05-01"}, "geometry": {"type": "Point", "coordinates": [139.805267, 35.763676]}}, {"type": "Feature", "properties": {"muni": "足立区", "name": "特別養護老人ホームはなはた三清荘", "address": "花畑3-1-2", "category": "福祉避難所（第二次避難所）", "source": "足立区 福祉避難所（第二次避難所）＋GSIジオコーディング", "updated": "2026-05-01"}, "geometry": {"type": "Point", "coordinates": [139.810181, 35.801205]}}, {"type": "Feature", "properties": {"muni": "足立区", "name": "竹の塚保健センター", "address": "西竹の塚1-11-2", "category": "福祉避難所（第二次避難所）", "source": "足立区 福祉避難所（第二次避難所）＋GSIジオコーディング", "updated": "2026-05-01"}, "geometry": {"type": "Point", "coordinates": [139.789124, 35.792786]}}, {"type": "Feature", "properties": {"muni": "足立区", "name": "すこやかプラザあだち", "address": "江北5-14-5", "category": "福祉避難所（第二次避難所）", "source": "足立区 福祉避難所（第二次避難所）＋GSIジオコーディング", "updated": "2026-05-01"}, "geometry": {"type": "Point", "coordinates": [139.76535, 35.776733]}}, {"type": "Feature", "properties": {"muni": "足立区", "name": "新田地域学習センター", "address": "新田2-2-2", "category": "福祉避難所（第二次避難所）", "source": "足立区 福祉避難所（第二次避難所）＋GSIジオコーディング", "updated": "2026-05-01"}, "geometry": {"type": "Point", "coordinates": [139.738235, 35.771782]}}, {"type": "Feature", "properties": {"muni": "足立区", "name": "千住スポーツ公園管理棟", "address": "千住緑町2-1-1", "category": "福祉避難所（第二次避難所）", "source": "足立区 福祉避難所（第二次避難所）＋GSIジオコーディング", "updated": "2026-05-01"}, "geometry": {"type": "Point", "coordinates": [139.795074, 35.744453]}}, {"type": "Feature", "properties": {"muni": "足立区", "name": "介護老人保健施設千寿の郷", "address": "柳原2-33-6", "category": "福祉避難所（第二次避難所）", "source": "足立区 福祉避難所（第二次避難所）＋GSIジオコーディング", "updated": "2026-05-01"}, "geometry": {"type": "Point", "coordinates": [139.81456, 35.747818]}}, {"type": "Feature", "properties": {"muni": "足立区", "name": "東京電機大学東京千住キャンパス", "address": "千住旭町5", "category": "福祉避難所（第二次避難所）", "source": "足立区 福祉避難所（第二次避難所）＋GSIジオコーディング", "updated": "2026-05-01"}, "geometry": {"type": "Point", "coordinates": [139.806381, 35.748764]}}, {"type": "Feature", "properties": {"muni": "足立区", "name": "特別養護老人ホーム新田楽生苑", "address": "新田1-21-20", "category": "福祉避難所（第二次避難所）", "source": "足立区 福祉避難所（第二次避難所）＋GSIジオコーディング", "updated": "2026-05-01"}, "geometry": {"type": "Point", "coordinates": [139.739761, 35.777294]}}, {"type": "Feature", "properties": {"muni": "千代田区", "name": "ジロール麹町", "address": "千代田区麹町2-14-3", "category": "福祉避難所", "source": "千代田区防災ポータルサイト 避難所一覧・福祉避難所一覧 リアルタイムJSON (https://bosai.city.chiyoda.lg.jp/apps/get_json.php?file=renkei_9_fukushihinanzyo.js , 掲載元HTML: https://bosai.city.chiyoda.lg.jp/hinan/hinanjyo-ichiran.html)", "license": null, "updated": "2025/07/22 15:11"}, "geometry": {"type": "Point", "coordinates": [139.74116206, 35.68569007]}}, {"type": "Feature", "properties": {"muni": "千代田区", "name": "いきいきプラザ一番町", "address": "千代田区一番町12", "category": "福祉避難所", "source": "千代田区防災ポータルサイト 避難所一覧・福祉避難所一覧 リアルタイムJSON (https://bosai.city.chiyoda.lg.jp/apps/get_json.php?file=renkei_9_fukushihinanzyo.js , 掲載元HTML: https://bosai.city.chiyoda.lg.jp/hinan/hinanjyo-ichiran.html)", "license": null, "updated": "2025/07/22 15:11"}, "geometry": {"type": "Point", "coordinates": [139.73940707, 35.68703239]}}, {"type": "Feature", "properties": {"muni": "千代田区", "name": "THE BANCHO", "address": "千代田区二番町7-6", "category": "福祉避難所", "source": "千代田区防災ポータルサイト 避難所一覧・福祉避難所一覧 リアルタイムJSON (https://bosai.city.chiyoda.lg.jp/apps/get_json.php?file=renkei_9_fukushihinanzyo.js , 掲載元HTML: https://bosai.city.chiyoda.lg.jp/hinan/hinanjyo-ichiran.html)", "license": null, "updated": "2025/07/22 15:11"}, "geometry": {"type": "Point", "coordinates": [139.73546147, 35.68530898]}}, {"type": "Feature", "properties": {"muni": "千代田区", "name": "高齢者総合サポートセンターかがやきプラザ", "address": "千代田区九段南1-6-10", "category": "福祉避難所", "source": "千代田区防災ポータルサイト 避難所一覧・福祉避難所一覧 リアルタイムJSON (https://bosai.city.chiyoda.lg.jp/apps/get_json.php?file=renkei_9_fukushihinanzyo.js , 掲載元HTML: https://bosai.city.chiyoda.lg.jp/hinan/hinanjyo-ichiran.html)", "license": null, "updated": "2025/07/22 15:11"}, "geometry": {"type": "Point", "coordinates": [139.75207786, 35.69408378]}}, {"type": "Feature", "properties": {"muni": "千代田区", "name": "障害者福祉センターえみふる", "address": "千代田区神田駿河台2-5-21", "category": "福祉避難所", "source": "千代田区防災ポータルサイト 避難所一覧・福祉避難所一覧 リアルタイムJSON (https://bosai.city.chiyoda.lg.jp/apps/get_json.php?file=renkei_9_fukushihinanzyo.js , 掲載元HTML: https://bosai.city.chiyoda.lg.jp/hinan/hinanjyo-ichiran.html)", "license": null, "updated": "2025/07/22 15:11"}, "geometry": {"type": "Point", "coordinates": [139.7608915, 35.70049005]}}, {"type": "Feature", "properties": {"muni": "千代田区", "name": "かんだ連雀", "address": "千代田区神田淡路町2-8-1", "category": "福祉避難所", "source": "千代田区防災ポータルサイト 避難所一覧・福祉避難所一覧 リアルタイムJSON (https://bosai.city.chiyoda.lg.jp/apps/get_json.php?file=renkei_9_fukushihinanzyo.js , 掲載元HTML: https://bosai.city.chiyoda.lg.jp/hinan/hinanjyo-ichiran.html)", "license": null, "updated": "2025/07/22 15:11"}, "geometry": {"type": "Point", "coordinates": [139.76824209, 35.69662916]}}, {"type": "Feature", "properties": {"muni": "台東区", "name": "特別養護老人ホーム台東", "address": "東京都台東区台東1-25-5", "category": "二次避難所（福祉避難所）", "source": "台東区地域防災計画（令和6年度修正）第2部 第9編 避難対策 P.311「二次避難所（福祉避難所）指定施設（社会福祉施設等）」表（PDF: https://www.city.taito.lg.jp/bosai/houshin/bosaikaigi/chikibou_r6.files/r6chiikibou03.pdf 掲載元: https://www.city.taito.lg.jp/bosai/houshin/bosaikaigi/chikibou_r6.html） / 運営主体: 社会福祉法人 健修会", "license": null, "updated": "令和6年8月26日（地域防災計画修正時点）"}, "geometry": {"type": "Point", "coordinates": [139.777618, 35.701527]}}, {"type": "Feature", "properties": {"muni": "台東区", "name": "特別養護老人ホーム浅草", "address": "東京都台東区浅草4-26-2", "category": "二次避難所（福祉避難所）", "source": "台東区地域防災計画（令和6年度修正）第2部 第9編 避難対策 P.311「二次避難所（福祉避難所）指定施設（社会福祉施設等）」表（PDF: https://www.city.taito.lg.jp/bosai/houshin/bosaikaigi/chikibou_r6.files/r6chiikibou03.pdf 掲載元: https://www.city.taito.lg.jp/bosai/houshin/bosaikaigi/chikibou_r6.html） / 運営主体: 社会福祉法人 フレスコ会", "license": null, "updated": "令和6年8月26日（地域防災計画修正時点）"}, "geometry": {"type": "Point", "coordinates": [139.793381, 35.71899]}}, {"type": "Feature", "properties": {"muni": "台東区", "name": "特別養護老人ホーム谷中", "address": "東京都台東区谷中2-17-20", "category": "二次避難所（福祉避難所）", "source": "台東区地域防災計画（令和6年度修正）第2部 第9編 避難対策 P.311「二次避難所（福祉避難所）指定施設（社会福祉施設等）」表（PDF: https://www.city.taito.lg.jp/bosai/houshin/bosaikaigi/chikibou_r6.files/r6chiikibou03.pdf 掲載元: https://www.city.taito.lg.jp/bosai/houshin/bosaikaigi/chikibou_r6.html） / 運営主体: 社会福祉法人 台東区社会福祉事業団", "license": null, "updated": "令和6年8月26日（地域防災計画修正時点）"}, "geometry": {"type": "Point", "coordinates": [139.764664, 35.723804]}}, {"type": "Feature", "properties": {"muni": "台東区", "name": "特別養護老人ホーム三ノ輪", "address": "東京都台東区三ノ輪1-27-11", "category": "二次避難所（福祉避難所）", "source": "台東区地域防災計画（令和6年度修正）第2部 第9編 避難対策 P.311「二次避難所（福祉避難所）指定施設（社会福祉施設等）」表（PDF: https://www.city.taito.lg.jp/bosai/houshin/bosaikaigi/chikibou_r6.files/r6chiikibou03.pdf 掲載元: https://www.city.taito.lg.jp/bosai/houshin/bosaikaigi/chikibou_r6.html） / 運営主体: 社会福祉法人 台東区社会福祉事業団", "license": null, "updated": "令和6年8月26日（地域防災計画修正時点）"}, "geometry": {"type": "Point", "coordinates": [139.792282, 35.729492]}}, {"type": "Feature", "properties": {"muni": "台東区", "name": "特別養護老人ホーム蔵前", "address": "東京都台東区蔵前2-11-7", "category": "二次避難所（福祉避難所）", "source": "台東区地域防災計画（令和6年度修正）第2部 第9編 避難対策 P.311「二次避難所（福祉避難所）指定施設（社会福祉施設等）」表（PDF: https://www.city.taito.lg.jp/bosai/houshin/bosaikaigi/chikibou_r6.files/r6chiikibou03.pdf 掲載元: https://www.city.taito.lg.jp/bosai/houshin/bosaikaigi/chikibou_r6.html） / 運営主体: 社会福祉法人 東京援護協会", "license": null, "updated": "令和6年8月26日（地域防災計画修正時点）"}, "geometry": {"type": "Point", "coordinates": [139.793137, 35.703724]}}, {"type": "Feature", "properties": {"muni": "台東区", "name": "ケアハウス松が谷", "address": "東京都台東区松が谷4-4-3", "category": "二次避難所（福祉避難所）", "source": "台東区地域防災計画（令和6年度修正）第2部 第9編 避難対策 P.311「二次避難所（福祉避難所）指定施設（社会福祉施設等）」表（PDF: https://www.city.taito.lg.jp/bosai/houshin/bosaikaigi/chikibou_r6.files/r6chiikibou03.pdf 掲載元: https://www.city.taito.lg.jp/bosai/houshin/bosaikaigi/chikibou_r6.html） / 運営主体: 社会福祉法人 東京援護協会", "license": null, "updated": "令和6年8月26日（地域防災計画修正時点）"}, "geometry": {"type": "Point", "coordinates": [139.787476, 35.717503]}}, {"type": "Feature", "properties": {"muni": "台東区", "name": "特別養護老人ホーム千束", "address": "東京都台東区千束3-28-13", "category": "二次避難所（福祉避難所）", "source": "台東区地域防災計画（令和6年度修正）第2部 第9編 避難対策 P.311「二次避難所（福祉避難所）指定施設（社会福祉施設等）」表（PDF: https://www.city.taito.lg.jp/bosai/houshin/bosaikaigi/chikibou_r6.files/r6chiikibou03.pdf 掲載元: https://www.city.taito.lg.jp/bosai/houshin/bosaikaigi/chikibou_r6.html） / 運営主体: 社会福祉法人 台東区社会福祉事業団", "license": null, "updated": "令和6年8月26日（地域防災計画修正時点）"}, "geometry": {"type": "Point", "coordinates": [139.793854, 35.72327]}}, {"type": "Feature", "properties": {"muni": "台東区", "name": "特別養護老人ホーム浅草ほうらい", "address": "東京都台東区清川2-14-7", "category": "二次避難所（福祉避難所）", "source": "台東区地域防災計画（令和6年度修正）第2部 第9編 避難対策 P.311「二次避難所（福祉避難所）指定施設（社会福祉施設等）」表（PDF: https://www.city.taito.lg.jp/bosai/houshin/bosaikaigi/chikibou_r6.files/r6chiikibou03.pdf 掲載元: https://www.city.taito.lg.jp/bosai/houshin/bosaikaigi/chikibou_r6.html） / 運営主体: 社会福祉法人 清峰会", "license": null, "updated": "令和6年8月26日（地域防災計画修正時点）"}, "geometry": {"type": "Point", "coordinates": [139.800964, 35.727024]}}, {"type": "Feature", "properties": {"muni": "台東区", "name": "老人保健施設千束", "address": "東京都台東区千束3-20-5", "category": "二次避難所（福祉避難所）", "source": "台東区地域防災計画（令和6年度修正）第2部 第9編 避難対策 P.311「二次避難所（福祉避難所）指定施設（社会福祉施設等）」表（PDF: https://www.city.taito.lg.jp/bosai/houshin/bosaikaigi/chikibou_r6.files/r6chiikibou03.pdf 掲載元: https://www.city.taito.lg.jp/bosai/houshin/bosaikaigi/chikibou_r6.html） / 運営主体: 公益社団法人 地域医療振興協会", "license": null, "updated": "令和6年8月26日（地域防災計画修正時点）"}, "geometry": {"type": "Point", "coordinates": [139.792999, 35.722477]}}, {"type": "Feature", "properties": {"muni": "台東区", "name": "松が谷福祉会館", "address": "東京都台東区松が谷1-4-12", "category": "二次避難所（福祉避難所）", "source": "台東区地域防災計画（令和6年度修正）第2部 第9編 避難対策 P.311「二次避難所（福祉避難所）指定施設（社会福祉施設等）」表（PDF: https://www.city.taito.lg.jp/bosai/houshin/bosaikaigi/chikibou_r6.files/r6chiikibou03.pdf 掲載元: https://www.city.taito.lg.jp/bosai/houshin/bosaikaigi/chikibou_r6.html） / 運営主体: 台東区", "license": null, "updated": "令和6年8月26日（地域防災計画修正時点）"}, "geometry": {"type": "Point", "coordinates": [139.785522, 35.711449]}}, {"type": "Feature", "properties": {"muni": "台東区", "name": "特別養護老人ホームフレスコ浅草", "address": "東京都台東区浅草5-33-7", "category": "二次避難所（福祉避難所）", "source": "台東区地域防災計画（令和6年度修正）第2部 第9編 避難対策 P.311「二次避難所（福祉避難所）指定施設（社会福祉施設等）」表（PDF: https://www.city.taito.lg.jp/bosai/houshin/bosaikaigi/chikibou_r6.files/r6chiikibou03.pdf 掲載元: https://www.city.taito.lg.jp/bosai/houshin/bosaikaigi/chikibou_r6.html） / 運営主体: 社会福祉法人 フレスコ会", "license": null, "updated": "令和6年8月26日（地域防災計画修正時点）"}, "geometry": {"type": "Point", "coordinates": [139.796112, 35.721931]}}, {"type": "Feature", "properties": {"muni": "台東区", "name": "特別養護老人ホーム橋場すみれ園", "address": "東京都台東区橋場1-1-10", "category": "二次避難所（福祉避難所）", "source": "台東区地域防災計画（令和6年度修正）第2部 第9編 避難対策 P.311「二次避難所（福祉避難所）指定施設（社会福祉施設等）」表（PDF: https://www.city.taito.lg.jp/bosai/houshin/bosaikaigi/chikibou_r6.files/r6chiikibou03.pdf 掲載元: https://www.city.taito.lg.jp/bosai/houshin/bosaikaigi/chikibou_r6.html） / 運営主体: 社会福祉法人 すみれ福祉会", "license": null, "updated": "令和6年8月26日（地域防災計画修正時点）"}, "geometry": {"type": "Point", "coordinates": [139.80751, 35.723301]}}, {"type": "Feature", "properties": {"muni": "台東区", "name": "やすらぎ入谷", "address": "東京都台東区竜泉1-19-7", "category": "二次避難所（福祉避難所）", "source": "台東区地域防災計画（令和6年度修正）第2部 第9編 避難対策 P.311「二次避難所（福祉避難所）指定施設（社会福祉施設等）」表（PDF: https://www.city.taito.lg.jp/bosai/houshin/bosaikaigi/chikibou_r6.files/r6chiikibou03.pdf 掲載元: https://www.city.taito.lg.jp/bosai/houshin/bosaikaigi/chikibou_r6.html） / 運営主体: 株式会社 global life care", "license": null, "updated": "令和6年8月26日（地域防災計画修正時点）"}, "geometry": {"type": "Point", "coordinates": [139.789474, 35.723648]}}, {"type": "Feature", "properties": {"muni": "台東区", "name": "日本助産師会", "address": "東京都台東区鳥越2-12-2", "category": "二次避難所（妊産婦避難所）", "source": "台東区地域防災計画（令和6年度修正）第2部 第9編 避難対策 P.311「二次避難所（福祉避難所）指定施設（社会福祉施設等）」表（PDF: https://www.city.taito.lg.jp/bosai/houshin/bosaikaigi/chikibou_r6.files/r6chiikibou03.pdf 掲載元: https://www.city.taito.lg.jp/bosai/houshin/bosaikaigi/chikibou_r6.html） / 運営主体: 公益社団法人日本助産師会", "license": null, "updated": "令和6年8月26日（地域防災計画修正時点）"}, "geometry": {"type": "Point", "coordinates": [139.786285, 35.702248]}}, {"type": "Feature", "geometry": {"type": "Point", "coordinates": [139.729309, 35.688351]}, "properties": {"muni": "新宿区", "name": "本塩町児童館", "address": "東京都新宿区四谷本塩町4-9", "category": "二次避難所（福祉避難所）", "jurisdiction_area": "四谷", "source": "新宿区 二次避難所（福祉避難所）一覧（令和8年3月現在）PDF https://www.city.shinjuku.lg.jp/content/000450378.pdf （掲載元ページ: https://www.city.shinjuku.lg.jp/fukushi/fukushi01_000001_00007.html ）", "license": "unknown", "updated": "令和8年3月（2026年3月）現在"}}, {"type": "Feature", "geometry": {"type": "Point", "coordinates": [139.729309, 35.688351]}, "properties": {"muni": "新宿区", "name": "本塩町地域交流館", "address": "東京都新宿区四谷本塩町4-9", "category": "二次避難所（福祉避難所）", "jurisdiction_area": "四谷", "source": "新宿区 二次避難所（福祉避難所）一覧（令和8年3月現在）PDF https://www.city.shinjuku.lg.jp/content/000450378.pdf （掲載元ページ: https://www.city.shinjuku.lg.jp/fukushi/fukushi01_000001_00007.html ）", "license": "unknown", "updated": "令和8年3月（2026年3月）現在"}}, {"type": "Feature", "geometry": {"type": "Point", "coordinates": [139.720291, 35.683079]}, "properties": {"muni": "新宿区", "name": "信濃町子ども家庭支援センター", "address": "東京都新宿区信濃町20", "category": "二次避難所（福祉避難所）", "jurisdiction_area": "四谷", "source": "新宿区 二次避難所（福祉避難所）一覧（令和8年3月現在）PDF https://www.city.shinjuku.lg.jp/content/000450378.pdf （掲載元ページ: https://www.city.shinjuku.lg.jp/fukushi/fukushi01_000001_00007.html ）", "license": "unknown", "updated": "令和8年3月（2026年3月）現在"}}, {"type": "Feature", "geometry": {"type": "Point", "coordinates": [139.720291, 35.683079]}, "properties": {"muni": "新宿区", "name": "信濃町シニア活動館", "address": "東京都新宿区信濃町20", "category": "二次避難所（福祉避難所）", "jurisdiction_area": "四谷", "source": "新宿区 二次避難所（福祉避難所）一覧（令和8年3月現在）PDF https://www.city.shinjuku.lg.jp/content/000450378.pdf （掲載元ページ: https://www.city.shinjuku.lg.jp/fukushi/fukushi01_000001_00007.html ）", "license": "unknown", "updated": "令和8年3月（2026年3月）現在"}}, {"type": "Feature", "geometry": {"type": "Point", "coordinates": [139.710831, 35.69281]}, "properties": {"muni": "新宿区", "name": "新宿地域交流館", "address": "東京都新宿区新宿5-3-13", "category": "二次避難所（福祉避難所）", "jurisdiction_area": "四谷", "source": "新宿区 二次避難所（福祉避難所）一覧（令和8年3月現在）PDF https://www.city.shinjuku.lg.jp/content/000450378.pdf （掲載元ページ: https://www.city.shinjuku.lg.jp/fukushi/fukushi01_000001_00007.html ）", "license": "unknown", "updated": "令和8年3月（2026年3月）現在"}}, {"type": "Feature", "geometry": {"type": "Point", "coordinates": [139.719147, 35.68668]}, "properties": {"muni": "新宿区", "name": "マイウェイ四谷", "address": "東京都新宿区大京町1-3", "category": "二次避難所（福祉避難所）", "jurisdiction_area": "四谷", "source": "新宿区 二次避難所（福祉避難所）一覧（令和8年3月現在）PDF https://www.city.shinjuku.lg.jp/content/000450378.pdf （掲載元ページ: https://www.city.shinjuku.lg.jp/fukushi/fukushi01_000001_00007.html ）", "license": "unknown", "updated": "令和8年3月（2026年3月）現在"}}, {"type": "Feature", "geometry": {"type": "Point", "coordinates": [139.740341, 35.706715]}, "properties": {"muni": "新宿区", "name": "東五軒町児童館", "address": "東京都新宿区東五軒町5-24", "category": "二次避難所（福祉避難所）", "jurisdiction_area": "箪笥町", "source": "新宿区 二次避難所（福祉避難所）一覧（令和8年3月現在）PDF https://www.city.shinjuku.lg.jp/content/000450378.pdf （掲載元ページ: https://www.city.shinjuku.lg.jp/fukushi/fukushi01_000001_00007.html ）", "license": "unknown", "updated": "令和8年3月（2026年3月）現在"}}, {"type": "Feature", "geometry": {"type": "Point", "coordinates": [139.740341, 35.706715]}, "properties": {"muni": "新宿区", "name": "東五軒町地域交流館", "address": "東京都新宿区東五軒町5-24", "category": "二次避難所（福祉避難所）", "jurisdiction_area": "箪笥町", "source": "新宿区 二次避難所（福祉避難所）一覧（令和8年3月現在）PDF https://www.city.shinjuku.lg.jp/content/000450378.pdf （掲載元ページ: https://www.city.shinjuku.lg.jp/fukushi/fukushi01_000001_00007.html ）", "license": "unknown", "updated": "令和8年3月（2026年3月）現在"}}, {"type": "Feature", "geometry": {"type": "Point", "coordinates": [139.72998, 35.700462]}, "properties": {"muni": "新宿区", "name": "北山伏児童館", "address": "東京都新宿区北山伏町2-17", "category": "二次避難所（福祉避難所）", "jurisdiction_area": "箪笥町", "source": "新宿区 二次避難所（福祉避難所）一覧（令和8年3月現在）PDF https://www.city.shinjuku.lg.jp/content/000450378.pdf （掲載元ページ: https://www.city.shinjuku.lg.jp/fukushi/fukushi01_000001_00007.html ）", "license": "unknown", "updated": "令和8年3月（2026年3月）現在"}}, {"type": "Feature", "geometry": {"type": "Point", "coordinates": [139.72998, 35.700462]}, "properties": {"muni": "新宿区", "name": "北山伏地域交流館", "address": "東京都新宿区北山伏町2-17", "category": "二次避難所（福祉避難所）", "jurisdiction_area": "箪笥町", "source": "新宿区 二次避難所（福祉避難所）一覧（令和8年3月現在）PDF https://www.city.shinjuku.lg.jp/content/000450378.pdf （掲載元ページ: https://www.city.shinjuku.lg.jp/fukushi/fukushi01_000001_00007.html ）", "license": "unknown", "updated": "令和8年3月（2026年3月）現在"}}, {"type": "Feature", "geometry": {"type": "Point", "coordinates": [139.735504, 35.699284]}, "properties": {"muni": "新宿区", "name": "中町児童館", "address": "東京都新宿区中町25", "category": "二次避難所（福祉避難所）", "jurisdiction_area": "箪笥町", "source": "新宿区 二次避難所（福祉避難所）一覧（令和8年3月現在）PDF https://www.city.shinjuku.lg.jp/content/000450378.pdf （掲載元ページ: https://www.city.shinjuku.lg.jp/fukushi/fukushi01_000001_00007.html ）", "license": "unknown", "updated": "令和8年3月（2026年3月）現在"}}, {"type": "Feature", "geometry": {"type": "Point", "coordinates": [139.735504, 35.699284]}, "properties": {"muni": "新宿区", "name": "中町地域交流館", "address": "東京都新宿区中町25", "category": "二次避難所（福祉避難所）", "jurisdiction_area": "箪笥町", "source": "新宿区 二次避難所（福祉避難所）一覧（令和8年3月現在）PDF https://www.city.shinjuku.lg.jp/content/000450378.pdf （掲載元ページ: https://www.city.shinjuku.lg.jp/fukushi/fukushi01_000001_00007.html ）", "license": "unknown", "updated": "令和8年3月（2026年3月）現在"}}, {"type": "Feature", "geometry": {"type": "Point", "coordinates": [139.729401, 35.700195]}, "properties": {"muni": "新宿区", "name": "あかね苑", "address": "東京都新宿区北山伏町2-12", "category": "二次避難所（福祉避難所）", "jurisdiction_area": "箪笥町", "source": "新宿区 二次避難所（福祉避難所）一覧（令和8年3月現在）PDF https://www.city.shinjuku.lg.jp/content/000450378.pdf （掲載元ページ: https://www.city.shinjuku.lg.jp/fukushi/fukushi01_000001_00007.html ）", "license": "unknown", "updated": "令和8年3月（2026年3月）現在"}}, {"type": "Feature", "geometry": {"type": "Point", "coordinates": [139.734192, 35.703587]}, "properties": {"muni": "新宿区", "name": "神楽坂", "address": "東京都新宿区矢来町104", "category": "二次避難所（福祉避難所）", "jurisdiction_area": "箪笥町", "source": "新宿区 二次避難所（福祉避難所）一覧（令和8年3月現在）PDF https://www.city.shinjuku.lg.jp/content/000450378.pdf （掲載元ページ: https://www.city.shinjuku.lg.jp/fukushi/fukushi01_000001_00007.html ）", "license": "unknown", "updated": "令和8年3月（2026年3月）現在"}}, {"type": "Feature", "geometry": {"type": "Point", "coordinates": [139.724182, 35.69783]}, "properties": {"muni": "新宿区", "name": "薬王寺児童館", "address": "東京都新宿区市谷薬王寺町20-40", "category": "二次避難所（福祉避難所）", "jurisdiction_area": "榎町", "source": "新宿区 二次避難所（福祉避難所）一覧（令和8年3月現在）PDF https://www.city.shinjuku.lg.jp/content/000450378.pdf （掲載元ページ: https://www.city.shinjuku.lg.jp/fukushi/fukushi01_000001_00007.html ）", "license": "unknown", "updated": "令和8年3月（2026年3月）現在"}}, {"type": "Feature", "geometry": {"type": "Point", "coordinates": [139.724182, 35.69783]}, "properties": {"muni": "新宿区", "name": "薬王寺地域ささえあい館", "address": "東京都新宿区市谷薬王寺町20-40", "category": "二次避難所（福祉避難所）", "jurisdiction_area": "榎町", "source": "新宿区 二次避難所（福祉避難所）一覧（令和8年3月現在）PDF https://www.city.shinjuku.lg.jp/content/000450378.pdf （掲載元ページ: https://www.city.shinjuku.lg.jp/fukushi/fukushi01_000001_00007.html ）", "license": "unknown", "updated": "令和8年3月（2026年3月）現在"}}, {"type": "Feature", "geometry": {"type": "Point", "coordinates": [139.72757, 35.704617]}, "properties": {"muni": "新宿区", "name": "榎町子ども家庭支援センター", "address": "東京都新宿区榎町36", "category": "二次避難所（福祉避難所）", "jurisdiction_area": "榎町", "source": "新宿区 二次避難所（福祉避難所）一覧（令和8年3月現在）PDF https://www.city.shinjuku.lg.jp/content/000450378.pdf （掲載元ページ: https://www.city.shinjuku.lg.jp/fukushi/fukushi01_000001_00007.html ）", "license": "unknown", "updated": "令和8年3月（2026年3月）現在"}}, {"type": "Feature", "geometry": {"type": "Point", "coordinates": [139.729568, 35.708054]}, "properties": {"muni": "新宿区", "name": "山吹町地域交流館", "address": "東京都新宿区山吹町342", "category": "二次避難所（福祉避難所）", "jurisdiction_area": "榎町", "source": "新宿区 二次避難所（福祉避難所）一覧（令和8年3月現在）PDF https://www.city.shinjuku.lg.jp/content/000450378.pdf （掲載元ページ: https://www.city.shinjuku.lg.jp/fukushi/fukushi01_000001_00007.html ）", "license": "unknown", "updated": "令和8年3月（2026年3月）現在"}}, {"type": "Feature", "geometry": {"type": "Point", "coordinates": [139.727463, 35.703259]}, "properties": {"muni": "新宿区", "name": "新宿生活実習所", "address": "東京都新宿区弁天町50", "category": "二次避難所（福祉避難所）", "jurisdiction_area": "榎町", "source": "新宿区 二次避難所（福祉避難所）一覧（令和8年3月現在）PDF https://www.city.shinjuku.lg.jp/content/000450378.pdf （掲載元ページ: https://www.city.shinjuku.lg.jp/fukushi/fukushi01_000001_00007.html ）", "license": "unknown", "updated": "令和8年3月（2026年3月）現在"}}, {"type": "Feature", "geometry": {"type": "Point", "coordinates": [139.722427, 35.704971]}, "properties": {"muni": "新宿区", "name": "早稲田南町児童館", "address": "東京都新宿区早稲田南町50", "category": "二次避難所（福祉避難所）", "jurisdiction_area": "榎町", "source": "新宿区 二次避難所（福祉避難所）一覧（令和8年3月現在）PDF https://www.city.shinjuku.lg.jp/content/000450378.pdf （掲載元ページ: https://www.city.shinjuku.lg.jp/fukushi/fukushi01_000001_00007.html ）", "license": "unknown", "updated": "令和8年3月（2026年3月）現在"}}, {"type": "Feature", "geometry": {"type": "Point", "coordinates": [139.722427, 35.704971]}, "properties": {"muni": "新宿区", "name": "早稲田南町地域交流館", "address": "東京都新宿区早稲田南町50", "category": "二次避難所（福祉避難所）", "jurisdiction_area": "榎町", "source": "新宿区 二次避難所（福祉避難所）一覧（令和8年3月現在）PDF https://www.city.shinjuku.lg.jp/content/000450378.pdf （掲載元ページ: https://www.city.shinjuku.lg.jp/fukushi/fukushi01_000001_00007.html ）", "license": "unknown", "updated": "令和8年3月（2026年3月）現在"}}, {"type": "Feature", "geometry": {"type": "Point", "coordinates": [139.7276, 35.704227]}, "properties": {"muni": "新宿区", "name": "シャロームみなみ風", "address": "東京都新宿区弁天町32-6", "category": "二次避難所（福祉避難所）", "jurisdiction_area": "榎町", "source": "新宿区 二次避難所（福祉避難所）一覧（令和8年3月現在）PDF https://www.city.shinjuku.lg.jp/content/000450378.pdf （掲載元ページ: https://www.city.shinjuku.lg.jp/fukushi/fukushi01_000001_00007.html ）", "license": "unknown", "updated": "令和8年3月（2026年3月）現在"}}, {"type": "Feature", "geometry": {"type": "Point", "coordinates": [139.723816, 35.698891]}, "properties": {"muni": "新宿区", "name": "デンマークイン新宿", "address": "東京都新宿区原町2-43", "category": "二次避難所（福祉避難所）", "jurisdiction_area": "榎町", "source": "新宿区 二次避難所（福祉避難所）一覧（令和8年3月現在）PDF https://www.city.shinjuku.lg.jp/content/000450378.pdf （掲載元ページ: https://www.city.shinjuku.lg.jp/fukushi/fukushi01_000001_00007.html ）", "license": "unknown", "updated": "令和8年3月（2026年3月）現在"}}, {"type": "Feature", "geometry": {"type": "Point", "coordinates": [139.722763, 35.699551]}, "properties": {"muni": "新宿区", "name": "原町ホーム", "address": "東京都新宿区原町3-8", "category": "二次避難所（福祉避難所）", "jurisdiction_area": "榎町", "source": "新宿区 二次避難所（福祉避難所）一覧（令和8年3月現在）PDF https://www.city.shinjuku.lg.jp/content/000450378.pdf （掲載元ページ: https://www.city.shinjuku.lg.jp/fukushi/fukushi01_000001_00007.html ）", "license": "unknown", "updated": "令和8年3月（2026年3月）現在"}}, {"type": "Feature", "geometry": {"type": "Point", "coordinates": [139.724182, 35.69783]}, "properties": {"muni": "新宿区", "name": "新宿和光園", "address": "東京都新宿区市谷薬王寺町19-38", "category": "二次避難所（福祉避難所）", "jurisdiction_area": "榎町", "source": "新宿区 二次避難所（福祉避難所）一覧（令和8年3月現在）PDF https://www.city.shinjuku.lg.jp/content/000450378.pdf （掲載元ページ: https://www.city.shinjuku.lg.jp/fukushi/fukushi01_000001_00007.html ）", "license": "unknown", "updated": "令和8年3月（2026年3月）現在"}}, {"type": "Feature", "geometry": {"type": "Point", "coordinates": [139.717438, 35.703514]}, "properties": {"muni": "新宿区", "name": "障害者福祉センター", "address": "東京都新宿区戸山1-22-2", "category": "二次避難所（福祉避難所）", "jurisdiction_area": "若松町", "source": "新宿区 二次避難所（福祉避難所）一覧（令和8年3月現在）PDF https://www.city.shinjuku.lg.jp/content/000450378.pdf （掲載元ページ: https://www.city.shinjuku.lg.jp/fukushi/fukushi01_000001_00007.html ）", "license": "unknown", "updated": "令和8年3月（2026年3月）現在"}}, {"type": "Feature", "geometry": {"type": "Point", "coordinates": [139.717438, 35.703514]}, "properties": {"muni": "新宿区", "name": "新宿福祉作業所", "address": "東京都新宿区戸山1-22-2", "category": "二次避難所（福祉避難所）", "jurisdiction_area": "若松町", "source": "新宿区 二次避難所（福祉避難所）一覧（令和8年3月現在）PDF https://www.city.shinjuku.lg.jp/content/000450378.pdf （掲載元ページ: https://www.city.shinjuku.lg.jp/fukushi/fukushi01_000001_00007.html ）", "license": "unknown", "updated": "令和8年3月（2026年3月）現在"}}, {"type": "Feature", "geometry": {"type": "Point", "coordinates": [139.715561, 35.694168]}, "properties": {"muni": "新宿区", "name": "富久町児童館", "address": "東京都新宿区富久町22-21", "category": "二次避難所（福祉避難所）", "jurisdiction_area": "若松町", "source": "新宿区 二次避難所（福祉避難所）一覧（令和8年3月現在）PDF https://www.city.shinjuku.lg.jp/content/000450378.pdf （掲載元ページ: https://www.city.shinjuku.lg.jp/fukushi/fukushi01_000001_00007.html ）", "license": "unknown", "updated": "令和8年3月（2026年3月）現在"}}, {"type": "Feature", "geometry": {"type": "Point", "coordinates": [139.710739, 35.704189]}, "properties": {"muni": "新宿区", "name": "戸山シニア活動館", "address": "東京都新宿区戸山2-27-2", "category": "二次避難所（福祉避難所）", "jurisdiction_area": "若松町", "source": "新宿区 二次避難所（福祉避難所）一覧（令和8年3月現在）PDF https://www.city.shinjuku.lg.jp/content/000450378.pdf （掲載元ページ: https://www.city.shinjuku.lg.jp/fukushi/fukushi01_000001_00007.html ）", "license": "unknown", "updated": "令和8年3月（2026年3月）現在"}}, {"type": "Feature", "geometry": {"type": "Point", "coordinates": [139.714996, 35.704029]}, "properties": {"muni": "新宿区", "name": "戸山いつきの杜", "address": "東京都新宿区戸山2-4-101", "category": "二次避難所（福祉避難所）", "jurisdiction_area": "若松町", "source": "新宿区 二次避難所（福祉避難所）一覧（令和8年3月現在）PDF https://www.city.shinjuku.lg.jp/content/000450378.pdf （掲載元ページ: https://www.city.shinjuku.lg.jp/fukushi/fukushi01_000001_00007.html ）", "license": "unknown", "updated": "令和8年3月（2026年3月）現在"}}, {"type": "Feature", "geometry": {"type": "Point", "coordinates": [139.712479, 35.694756]}, "properties": {"muni": "新宿区", "name": "みさよはうす富久", "address": "東京都新宿区富久町35-7", "category": "二次避難所（福祉避難所）", "jurisdiction_area": "若松町", "source": "新宿区 二次避難所（福祉避難所）一覧（令和8年3月現在）PDF https://www.city.shinjuku.lg.jp/content/000450378.pdf （掲載元ページ: https://www.city.shinjuku.lg.jp/fukushi/fukushi01_000001_00007.html ）", "license": "unknown", "updated": "令和8年3月（2026年3月）現在"}}, {"type": "Feature", "geometry": {"type": "Point", "coordinates": [139.698303, 35.703304]}, "properties": {"muni": "新宿区", "name": "百人町児童館", "address": "東京都新宿区百人町2-18-21", "category": "二次避難所（福祉避難所）", "jurisdiction_area": "大久保", "source": "新宿区 二次避難所（福祉避難所）一覧（令和8年3月現在）PDF https://www.city.shinjuku.lg.jp/content/000450378.pdf （掲載元ページ: https://www.city.shinjuku.lg.jp/fukushi/fukushi01_000001_00007.html ）", "license": "unknown", "updated": "令和8年3月（2026年3月）現在"}}, {"type": "Feature", "geometry": {"type": "Point", "coordinates": [139.698303, 35.703304]}, "properties": {"muni": "新宿区", "name": "百人町地域交流館", "address": "東京都新宿区百人町2-18-21", "category": "二次避難所（福祉避難所）", "jurisdiction_area": "大久保", "source": "新宿区 二次避難所（福祉避難所）一覧（令和8年3月現在）PDF https://www.city.shinjuku.lg.jp/content/000450378.pdf （掲載元ページ: https://www.city.shinjuku.lg.jp/fukushi/fukushi01_000001_00007.html ）", "license": "unknown", "updated": "令和8年3月（2026年3月）現在"}}, {"type": "Feature", "geometry": {"type": "Point", "coordinates": [139.712662, 35.701225]}, "properties": {"muni": "新宿区", "name": "子ども総合センター", "address": "東京都新宿区新宿7-3-29", "category": "二次避難所（福祉避難所）", "jurisdiction_area": "大久保", "source": "新宿区 二次避難所（福祉避難所）一覧（令和8年3月現在）PDF https://www.city.shinjuku.lg.jp/content/000450378.pdf （掲載元ページ: https://www.city.shinjuku.lg.jp/fukushi/fukushi01_000001_00007.html ）", "license": "unknown", "updated": "令和8年3月（2026年3月）現在"}}, {"type": "Feature", "geometry": {"type": "Point", "coordinates": [139.712982, 35.701279]}, "properties": {"muni": "新宿区", "name": "マザアス新宿", "address": "東京都新宿区新宿7-3-31", "category": "二次避難所（福祉避難所）", "jurisdiction_area": "大久保", "source": "新宿区 二次避難所（福祉避難所）一覧（令和8年3月現在）PDF https://www.city.shinjuku.lg.jp/content/000450378.pdf （掲載元ページ: https://www.city.shinjuku.lg.jp/fukushi/fukushi01_000001_00007.html ）", "license": "unknown", "updated": "令和8年3月（2026年3月）現在"}}, {"type": "Feature", "geometry": {"type": "Point", "coordinates": [139.704529, 35.700493]}, "properties": {"muni": "新宿区", "name": "グループホームあんじゅうむ大久保", "address": "東京都新宿区大久保1-10-19", "category": "二次避難所（福祉避難所）", "jurisdiction_area": "大久保", "source": "新宿区 二次避難所（福祉避難所）一覧（令和8年3月現在）PDF https://www.city.shinjuku.lg.jp/content/000450378.pdf （掲載元ページ: https://www.city.shinjuku.lg.jp/fukushi/fukushi01_000001_00007.html ）", "license": "unknown", "updated": "令和8年3月（2026年3月）現在"}}, {"type": "Feature", "geometry": {"type": "Point", "coordinates": [139.697159, 35.714729]}, "properties": {"muni": "新宿区", "name": "高田馬場第一児童館", "address": "東京都新宿区高田馬場3-18-21", "category": "二次避難所（福祉避難所）", "jurisdiction_area": "戸塚", "source": "新宿区 二次避難所（福祉避難所）一覧（令和8年3月現在）PDF https://www.city.shinjuku.lg.jp/content/000450378.pdf （掲載元ページ: https://www.city.shinjuku.lg.jp/fukushi/fukushi01_000001_00007.html ）", "license": "unknown", "updated": "令和8年3月（2026年3月）現在"}}, {"type": "Feature", "geometry": {"type": "Point", "coordinates": [139.696167, 35.712181]}, "properties": {"muni": "新宿区", "name": "高田馬場シニア活動館", "address": "東京都新宿区高田馬場3-39-29", "category": "二次避難所（福祉避難所）", "jurisdiction_area": "戸塚", "source": "新宿区 二次避難所（福祉避難所）一覧（令和8年3月現在）PDF https://www.city.shinjuku.lg.jp/content/000450378.pdf （掲載元ページ: https://www.city.shinjuku.lg.jp/fukushi/fukushi01_000001_00007.html ）", "license": "unknown", "updated": "令和8年3月（2026年3月）現在"}}, {"type": "Feature", "geometry": {"type": "Point", "coordinates": [139.717758, 35.711845]}, "properties": {"muni": "新宿区", "name": "西早稲田地域交流館", "address": "東京都新宿区西早稲田1-22-2", "category": "二次避難所（福祉避難所）", "jurisdiction_area": "戸塚", "source": "新宿区 二次避難所（福祉避難所）一覧（令和8年3月現在）PDF https://www.city.shinjuku.lg.jp/content/000450378.pdf （掲載元ページ: https://www.city.shinjuku.lg.jp/fukushi/fukushi01_000001_00007.html ）", "license": "unknown", "updated": "令和8年3月（2026年3月）現在"}}, {"type": "Feature", "geometry": {"type": "Point", "coordinates": [139.709473, 35.711494]}, "properties": {"muni": "新宿区", "name": "高田馬場第二児童館", "address": "東京都新宿区高田馬場1-4-17", "category": "二次避難所（福祉避難所）", "jurisdiction_area": "戸塚", "source": "新宿区 二次避難所（福祉避難所）一覧（令和8年3月現在）PDF https://www.city.shinjuku.lg.jp/content/000450378.pdf （掲載元ページ: https://www.city.shinjuku.lg.jp/fukushi/fukushi01_000001_00007.html ）", "license": "unknown", "updated": "令和8年3月（2026年3月）現在"}}, {"type": "Feature", "geometry": {"type": "Point", "coordinates": [139.709473, 35.711494]}, "properties": {"muni": "新宿区", "name": "高田馬場地域交流館", "address": "東京都新宿区高田馬場1-4-17", "category": "二次避難所（福祉避難所）", "jurisdiction_area": "戸塚", "source": "新宿区 二次避難所（福祉避難所）一覧（令和8年3月現在）PDF https://www.city.shinjuku.lg.jp/content/000450378.pdf （掲載元ページ: https://www.city.shinjuku.lg.jp/fukushi/fukushi01_000001_00007.html ）", "license": "unknown", "updated": "令和8年3月（2026年3月）現在"}}, {"type": "Feature", "geometry": {"type": "Point", "coordinates": [139.702988, 35.712582]}, "properties": {"muni": "新宿区", "name": "高田馬場福祉作業所", "address": "東京都新宿区高田馬場4-10-2", "category": "二次避難所（福祉避難所）", "jurisdiction_area": "戸塚", "source": "新宿区 二次避難所（福祉避難所）一覧（令和8年3月現在）PDF https://www.city.shinjuku.lg.jp/content/000450378.pdf （掲載元ページ: https://www.city.shinjuku.lg.jp/fukushi/fukushi01_000001_00007.html ）", "license": "unknown", "updated": "令和8年3月（2026年3月）現在"}}, {"type": "Feature", "geometry": {"type": "Point", "coordinates": [139.701157, 35.709167]}, "properties": {"muni": "新宿区", "name": "障害者生活支援センター", "address": "東京都新宿区百人町4-4-2", "category": "二次避難所（福祉避難所）", "jurisdiction_area": "戸塚", "source": "新宿区 二次避難所（福祉避難所）一覧（令和8年3月現在）PDF https://www.city.shinjuku.lg.jp/content/000450378.pdf （掲載元ページ: https://www.city.shinjuku.lg.jp/fukushi/fukushi01_000001_00007.html ）", "license": "unknown", "updated": "令和8年3月（2026年3月）現在"}}, {"type": "Feature", "geometry": {"type": "Point", "coordinates": [139.711273, 35.711792]}, "properties": {"muni": "新宿区", "name": "フォレスト西早稲田", "address": "東京都新宿区西早稲田3-27-22", "category": "二次避難所（福祉避難所）", "jurisdiction_area": "戸塚", "source": "新宿区 二次避難所（福祉避難所）一覧（令和8年3月現在）PDF https://www.city.shinjuku.lg.jp/content/000450378.pdf （掲載元ページ: https://www.city.shinjuku.lg.jp/fukushi/fukushi01_000001_00007.html ）", "license": "unknown", "updated": "令和8年3月（2026年3月）現在"}}, {"type": "Feature", "geometry": {"type": "Point", "coordinates": [139.698135, 35.708317]}, "properties": {"muni": "新宿区", "name": "新宿けやき園", "address": "東京都新宿区百人町4-5-1", "category": "二次避難所（福祉避難所）", "jurisdiction_area": "戸塚", "source": "新宿区 二次避難所（福祉避難所）一覧（令和8年3月現在）PDF https://www.city.shinjuku.lg.jp/content/000450378.pdf （掲載元ページ: https://www.city.shinjuku.lg.jp/fukushi/fukushi01_000001_00007.html ）", "license": "unknown", "updated": "令和8年3月（2026年3月）現在"}}, {"type": "Feature", "geometry": {"type": "Point", "coordinates": [139.693527, 35.718143]}, "properties": {"muni": "新宿区", "name": "中落合子ども家庭支援センター", "address": "東京都新宿区中落合2-7-24", "category": "二次避難所（福祉避難所）", "jurisdiction_area": "落合第一", "source": "新宿区 二次避難所（福祉避難所）一覧（令和8年3月現在）PDF https://www.city.shinjuku.lg.jp/content/000450378.pdf （掲載元ページ: https://www.city.shinjuku.lg.jp/fukushi/fukushi01_000001_00007.html ）", "license": "unknown", "updated": "令和8年3月（2026年3月）現在"}}, {"type": "Feature", "geometry": {"type": "Point", "coordinates": [139.693527, 35.718143]}, "properties": {"muni": "新宿区", "name": "中落合地域交流館", "address": "東京都新宿区中落合2-7-24", "category": "二次避難所（福祉避難所）", "jurisdiction_area": "落合第一", "source": "新宿区 二次避難所（福祉避難所）一覧（令和8年3月現在）PDF https://www.city.shinjuku.lg.jp/content/000450378.pdf （掲載元ページ: https://www.city.shinjuku.lg.jp/fukushi/fukushi01_000001_00007.html ）", "license": "unknown", "updated": "令和8年3月（2026年3月）現在"}}, {"type": "Feature", "geometry": {"type": "Point", "coordinates": [139.699661, 35.721283]}, "properties": {"muni": "新宿区", "name": "下落合地域交流館", "address": "東京都新宿区下落合3-12-33", "category": "二次避難所（福祉避難所）", "jurisdiction_area": "落合第一", "source": "新宿区 二次避難所（福祉避難所）一覧（令和8年3月現在）PDF https://www.city.shinjuku.lg.jp/content/000450378.pdf （掲載元ページ: https://www.city.shinjuku.lg.jp/fukushi/fukushi01_000001_00007.html ）", "license": "unknown", "updated": "令和8年3月（2026年3月）現在"}}, {"type": "Feature", "geometry": {"type": "Point", "coordinates": [139.69371, 35.715935]}, "properties": {"muni": "新宿区", "name": "もみの樹園", "address": "東京都新宿区上落合1-17-8", "category": "二次避難所（福祉避難所）", "jurisdiction_area": "落合第一", "source": "新宿区 二次避難所（福祉避難所）一覧（令和8年3月現在）PDF https://www.city.shinjuku.lg.jp/content/000450378.pdf （掲載元ページ: https://www.city.shinjuku.lg.jp/fukushi/fukushi01_000001_00007.html ）", "license": "unknown", "updated": "令和8年3月（2026年3月）現在"}}, {"type": "Feature", "geometry": {"type": "Point", "coordinates": [139.694168, 35.718941]}, "properties": {"muni": "新宿区", "name": "聖母ホーム", "address": "東京都新宿区中落合2-5-21", "category": "二次避難所（福祉避難所）", "jurisdiction_area": "落合第一", "source": "新宿区 二次避難所（福祉避難所）一覧（令和8年3月現在）PDF https://www.city.shinjuku.lg.jp/content/000450378.pdf （掲載元ページ: https://www.city.shinjuku.lg.jp/fukushi/fukushi01_000001_00007.html ）", "license": "unknown", "updated": "令和8年3月（2026年3月）現在"}}, {"type": "Feature", "geometry": {"type": "Point", "coordinates": [139.698593, 35.715748]}, "properties": {"muni": "新宿区", "name": "ヘルスケアタウン下落合", "address": "東京都新宿区下落合1-9-10", "category": "二次避難所（福祉避難所）", "jurisdiction_area": "落合第一", "source": "新宿区 二次避難所（福祉避難所）一覧（令和8年3月現在）PDF https://www.city.shinjuku.lg.jp/content/000450378.pdf （掲載元ページ: https://www.city.shinjuku.lg.jp/fukushi/fukushi01_000001_00007.html ）", "license": "unknown", "updated": "令和8年3月（2026年3月）現在"}}, {"type": "Feature", "geometry": {"type": "Point", "coordinates": [139.689316, 35.713512]}, "properties": {"muni": "新宿区", "name": "リタポンテ落合上高田", "address": "東京都新宿区上落合2-9-16", "category": "二次避難所（福祉避難所）", "jurisdiction_area": "落合第一", "source": "新宿区 二次避難所（福祉避難所）一覧（令和8年3月現在）PDF https://www.city.shinjuku.lg.jp/content/000450378.pdf （掲載元ページ: https://www.city.shinjuku.lg.jp/fukushi/fukushi01_000001_00007.html ）", "license": "unknown", "updated": "令和8年3月（2026年3月）現在"}}, {"type": "Feature", "geometry": {"type": "Point", "coordinates": [139.699905, 35.715725]}, "properties": {"muni": "新宿区", "name": "リアンレーヴ高田馬場", "address": "東京都新宿区下落合1-6-9", "category": "二次避難所（福祉避難所）", "jurisdiction_area": "落合第一", "source": "新宿区 二次避難所（福祉避難所）一覧（令和8年3月現在）PDF https://www.city.shinjuku.lg.jp/content/000450378.pdf （掲載元ページ: https://www.city.shinjuku.lg.jp/fukushi/fukushi01_000001_00007.html ）", "license": "unknown", "updated": "令和8年3月（2026年3月）現在"}}, {"type": "Feature", "geometry": {"type": "Point", "coordinates": [139.703613, 35.719013]}, "properties": {"muni": "新宿区", "name": "アライブ目白", "address": "東京都新宿区下落合2-19-27", "category": "二次避難所（福祉避難所）", "jurisdiction_area": "落合第一", "source": "新宿区 二次避難所（福祉避難所）一覧（令和8年3月現在）PDF https://www.city.shinjuku.lg.jp/content/000450378.pdf （掲載元ページ: https://www.city.shinjuku.lg.jp/fukushi/fukushi01_000001_00007.html ）", "license": "unknown", "updated": "令和8年3月（2026年3月）現在"}}, {"type": "Feature", "geometry": {"type": "Point", "coordinates": [139.690964, 35.717541]}, "properties": {"muni": "新宿区", "name": "滝乃川学園ともいろ", "address": "東京都新宿区中落合1-7-26", "category": "二次避難所（福祉避難所）", "jurisdiction_area": "落合第一", "source": "新宿区 二次避難所（福祉避難所）一覧（令和8年3月現在）PDF https://www.city.shinjuku.lg.jp/content/000450378.pdf （掲載元ページ: https://www.city.shinjuku.lg.jp/fukushi/fukushi01_000001_00007.html ）", "license": "unknown", "updated": "令和8年3月（2026年3月）現在"}}, {"type": "Feature", "geometry": {"type": "Point", "coordinates": [139.685272, 35.71104]}, "properties": {"muni": "新宿区", "name": "上落合児童館", "address": "東京都新宿区上落合2-28-8", "category": "二次避難所（福祉避難所）", "jurisdiction_area": "落合第二", "source": "新宿区 二次避難所（福祉避難所）一覧（令和8年3月現在）PDF https://www.city.shinjuku.lg.jp/content/000450378.pdf （掲載元ページ: https://www.city.shinjuku.lg.jp/fukushi/fukushi01_000001_00007.html ）", "license": "unknown", "updated": "令和8年3月（2026年3月）現在"}}, {"type": "Feature", "geometry": {"type": "Point", "coordinates": [139.685272, 35.71104]}, "properties": {"muni": "新宿区", "name": "上落合地域交流館", "address": "東京都新宿区上落合2-28-8", "category": "二次避難所（福祉避難所）", "jurisdiction_area": "落合第二", "source": "新宿区 二次避難所（福祉避難所）一覧（令和8年3月現在）PDF https://www.city.shinjuku.lg.jp/content/000450378.pdf （掲載元ページ: https://www.city.shinjuku.lg.jp/fukushi/fukushi01_000001_00007.html ）", "license": "unknown", "updated": "令和8年3月（2026年3月）現在"}}, {"type": "Feature", "geometry": {"type": "Point", "coordinates": [139.679764, 35.719727]}, "properties": {"muni": "新宿区", "name": "西落合児童館", "address": "東京都新宿区西落合1-31-24", "category": "二次避難所（福祉避難所）", "jurisdiction_area": "落合第二", "source": "新宿区 二次避難所（福祉避難所）一覧（令和8年3月現在）PDF https://www.city.shinjuku.lg.jp/content/000450378.pdf （掲載元ページ: https://www.city.shinjuku.lg.jp/fukushi/fukushi01_000001_00007.html ）", "license": "unknown", "updated": "令和8年3月（2026年3月）現在"}}, {"type": "Feature", "geometry": {"type": "Point", "coordinates": [139.68367, 35.714611]}, "properties": {"muni": "新宿区", "name": "中井児童館", "address": "東京都新宿区中井1-8-12", "category": "二次避難所（福祉避難所）", "jurisdiction_area": "落合第二", "source": "新宿区 二次避難所（福祉避難所）一覧（令和8年3月現在）PDF https://www.city.shinjuku.lg.jp/content/000450378.pdf （掲載元ページ: https://www.city.shinjuku.lg.jp/fukushi/fukushi01_000001_00007.html ）", "license": "unknown", "updated": "令和8年3月（2026年3月）現在"}}, {"type": "Feature", "geometry": {"type": "Point", "coordinates": [139.678848, 35.720955]}, "properties": {"muni": "新宿区", "name": "あゆみの家", "address": "東京都新宿区西落合1-30-10", "category": "二次避難所（福祉避難所）", "jurisdiction_area": "落合第二", "source": "新宿区 二次避難所（福祉避難所）一覧（令和8年3月現在）PDF https://www.city.shinjuku.lg.jp/content/000450378.pdf （掲載元ページ: https://www.city.shinjuku.lg.jp/fukushi/fukushi01_000001_00007.html ）", "license": "unknown", "updated": "令和8年3月（2026年3月）現在"}}, {"type": "Feature", "geometry": {"type": "Point", "coordinates": [139.679626, 35.728085]}, "properties": {"muni": "新宿区", "name": "グループホームなごみ西落合", "address": "東京都新宿区西落合4-8-19", "category": "二次避難所（福祉避難所）", "jurisdiction_area": "落合第二", "source": "新宿区 二次避難所（福祉避難所）一覧（令和8年3月現在）PDF https://www.city.shinjuku.lg.jp/content/000450378.pdf （掲載元ページ: https://www.city.shinjuku.lg.jp/fukushi/fukushi01_000001_00007.html ）", "license": "unknown", "updated": "令和8年3月（2026年3月）現在"}}, {"type": "Feature", "geometry": {"type": "Point", "coordinates": [139.68985, 35.698479]}, "properties": {"muni": "新宿区", "name": "北新宿第一児童館", "address": "東京都新宿区北新宿2-3-7", "category": "二次避難所（福祉避難所）", "jurisdiction_area": "柏木", "source": "新宿区 二次避難所（福祉避難所）一覧（令和8年3月現在）PDF https://www.city.shinjuku.lg.jp/content/000450378.pdf （掲載元ページ: https://www.city.shinjuku.lg.jp/fukushi/fukushi01_000001_00007.html ）", "license": "unknown", "updated": "令和8年3月（2026年3月）現在"}}, {"type": "Feature", "geometry": {"type": "Point", "coordinates": [139.68985, 35.698479]}, "properties": {"muni": "新宿区", "name": "北新宿地域交流館", "address": "東京都新宿区北新宿2-3-7", "category": "二次避難所（福祉避難所）", "jurisdiction_area": "柏木", "source": "新宿区 二次避難所（福祉避難所）一覧（令和8年3月現在）PDF https://www.city.shinjuku.lg.jp/content/000450378.pdf （掲載元ページ: https://www.city.shinjuku.lg.jp/fukushi/fukushi01_000001_00007.html ）", "license": "unknown", "updated": "令和8年3月（2026年3月）現在"}}, {"type": "Feature", "geometry": {"type": "Point", "coordinates": [139.689209, 35.702381]}, "properties": {"muni": "新宿区", "name": "北新宿子ども家庭支援センター", "address": "東京都新宿区北新宿3-20-2", "category": "二次避難所（福祉避難所）", "jurisdiction_area": "柏木", "source": "新宿区 二次避難所（福祉避難所）一覧（令和8年3月現在）PDF https://www.city.shinjuku.lg.jp/content/000450378.pdf （掲載元ページ: https://www.city.shinjuku.lg.jp/fukushi/fukushi01_000001_00007.html ）", "license": "unknown", "updated": "令和8年3月（2026年3月）現在"}}, {"type": "Feature", "geometry": {"type": "Point", "coordinates": [139.689209, 35.702381]}, "properties": {"muni": "新宿区", "name": "北新宿第二地域交流館", "address": "東京都新宿区北新宿3-20-2", "category": "二次避難所（福祉避難所）", "jurisdiction_area": "柏木", "source": "新宿区 二次避難所（福祉避難所）一覧（令和8年3月現在）PDF https://www.city.shinjuku.lg.jp/content/000450378.pdf （掲載元ページ: https://www.city.shinjuku.lg.jp/fukushi/fukushi01_000001_00007.html ）", "license": "unknown", "updated": "令和8年3月（2026年3月）現在"}}, {"type": "Feature", "geometry": {"type": "Point", "coordinates": [139.690216, 35.704884]}, "properties": {"muni": "新宿区", "name": "北新宿特別養護老人ホーム", "address": "東京都新宿区北新宿3-27-6", "category": "二次避難所（福祉避難所）", "jurisdiction_area": "柏木", "source": "新宿区 二次避難所（福祉避難所）一覧（令和8年3月現在）PDF https://www.city.shinjuku.lg.jp/content/000450378.pdf （掲載元ページ: https://www.city.shinjuku.lg.jp/fukushi/fukushi01_000001_00007.html ）", "license": "unknown", "updated": "令和8年3月（2026年3月）現在"}}, {"type": "Feature", "geometry": {"type": "Point", "coordinates": [139.684311, 35.688725]}, "properties": {"muni": "新宿区", "name": "西新宿シニア活動館", "address": "東京都新宿区西新宿4-8-35", "category": "二次避難所（福祉避難所）", "jurisdiction_area": "角筈", "source": "新宿区 二次避難所（福祉避難所）一覧（令和8年3月現在）PDF https://www.city.shinjuku.lg.jp/content/000450378.pdf （掲載元ページ: https://www.city.shinjuku.lg.jp/fukushi/fukushi01_000001_00007.html ）", "license": "unknown", "updated": "令和8年3月（2026年3月）現在"}}, {"type": "Feature", "geometry": {"type": "Point", "coordinates": [139.686722, 35.686314]}, "properties": {"muni": "新宿区", "name": "西新宿児童館", "address": "東京都新宿区西新宿4-35-28", "category": "二次避難所（福祉避難所）", "jurisdiction_area": "角筈", "source": "新宿区 二次避難所（福祉避難所）一覧（令和8年3月現在）PDF https://www.city.shinjuku.lg.jp/content/000450378.pdf （掲載元ページ: https://www.city.shinjuku.lg.jp/fukushi/fukushi01_000001_00007.html ）", "license": "unknown", "updated": "令和8年3月（2026年3月）現在"}}, {"type": "Feature", "geometry": {"type": "Point", "coordinates": [139.685699, 35.688328]}, "properties": {"muni": "新宿区", "name": "新宿養護学校", "address": "東京都新宿区西新宿4-20-11", "category": "二次避難所（福祉避難所）", "jurisdiction_area": "角筈", "source": "新宿区 二次避難所（福祉避難所）一覧（令和8年3月現在）PDF https://www.city.shinjuku.lg.jp/content/000450378.pdf （掲載元ページ: https://www.city.shinjuku.lg.jp/fukushi/fukushi01_000001_00007.html ）", "license": "unknown", "updated": "令和8年3月（2026年3月）現在"}}, {"type": "Feature", "properties": {"muni": "豊島区", "name": "特別養護老人ホーム菊かおる園", "address": "東京都豊島区西巣鴨2-30-19", "category": "福祉救援センター（介護型）", "source": "豊島区公式サイト「福祉救援センター」 https://www.city.toshima.lg.jp/bosai/taisaku/hinanjo/kyuencenter/documents/2502181726.html （更新日:2025-02-21、ページID:50621）", "license": "不明（区公式サイトの通常コンテンツ。二次利用ライセンス表示なし。区オープンデータカタログには福祉救援センター専用データセットなし）", "updated": "2025-02-21", "geocoded": true, "geocode_title": "東京都豊島区西巣鴨二丁目３０番１９号"}, "geometry": {"type": "Point", "coordinates": [139.728317, 35.738995]}}, {"type": "Feature", "properties": {"muni": "豊島区", "name": "特別養護老人ホーム山吹の里", "address": "東京都豊島区高田3-37-17", "category": "福祉救援センター（介護型）", "source": "豊島区公式サイト「福祉救援センター」 https://www.city.toshima.lg.jp/bosai/taisaku/hinanjo/kyuencenter/documents/2502181726.html （更新日:2025-02-21、ページID:50621）", "license": "不明（区公式サイトの通常コンテンツ。二次利用ライセンス表示なし。区オープンデータカタログには福祉救援センター専用データセットなし）", "updated": "2025-02-21", "geocoded": true, "geocode_title": "東京都豊島区高田三丁目３７番１７号"}, "geometry": {"type": "Point", "coordinates": [139.710678, 35.715916]}}, {"type": "Feature", "properties": {"muni": "豊島区", "name": "特別養護老人ホーム風かおる里", "address": "東京都豊島区南長崎6-15-6", "category": "福祉救援センター（介護型）", "source": "豊島区公式サイト「福祉救援センター」 https://www.city.toshima.lg.jp/bosai/taisaku/hinanjo/kyuencenter/documents/2502181726.html （更新日:2025-02-21、ページID:50621）", "license": "不明（区公式サイトの通常コンテンツ。二次利用ライセンス表示なし。区オープンデータカタログには福祉救援センター専用データセットなし）", "updated": "2025-02-21", "geocoded": true, "geocode_title": "東京都豊島区南長崎六丁目１５番６号"}, "geometry": {"type": "Point", "coordinates": [139.678741, 35.730793]}}, {"type": "Feature", "properties": {"muni": "豊島区", "name": "特別養護老人ホームアトリエ村", "address": "東京都豊島区長崎4-23-1", "category": "福祉救援センター（介護型）", "source": "豊島区公式サイト「福祉救援センター」 https://www.city.toshima.lg.jp/bosai/taisaku/hinanjo/kyuencenter/documents/2502181726.html （更新日:2025-02-21、ページID:50621）", "license": "不明（区公式サイトの通常コンテンツ。二次利用ライセンス表示なし。区オープンデータカタログには福祉救援センター専用データセットなし）", "updated": "2025-02-21", "geocoded": true, "geocode_title": "東京都豊島区長崎四丁目２３番１号"}, "geometry": {"type": "Point", "coordinates": [139.686371, 35.729916]}}, {"type": "Feature", "properties": {"muni": "豊島区", "name": "特別養護老人ホーム池袋ほんちょうの郷", "address": "東京都豊島区池袋本町1-29-12", "category": "福祉救援センター（介護型）", "source": "豊島区公式サイト「福祉救援センター」 https://www.city.toshima.lg.jp/bosai/taisaku/hinanjo/kyuencenter/documents/2502181726.html （更新日:2025-02-21、ページID:50621）", "license": "不明（区公式サイトの通常コンテンツ。二次利用ライセンス表示なし。区オープンデータカタログには福祉救援センター専用データセットなし）", "updated": "2025-02-21", "geocoded": true, "geocode_title": "東京都豊島区池袋本町一丁目２９番１２号"}, "geometry": {"type": "Point", "coordinates": [139.71489, 35.739872]}}, {"type": "Feature", "properties": {"muni": "豊島区", "name": "特別養護老人ホームゆたか苑", "address": "東京都豊島区長崎3-26-4", "category": "福祉救援センター（介護型）", "source": "豊島区公式サイト「福祉救援センター」 https://www.city.toshima.lg.jp/bosai/taisaku/hinanjo/kyuencenter/documents/2502181726.html （更新日:2025-02-21、ページID:50621）", "license": "不明（区公式サイトの通常コンテンツ。二次利用ライセンス表示なし。区オープンデータカタログには福祉救援センター専用データセットなし）", "updated": "2025-02-21", "geocoded": true, "geocode_title": "東京都豊島区長崎三丁目２６番４号"}, "geometry": {"type": "Point", "coordinates": [139.687836, 35.7313]}}, {"type": "Feature", "properties": {"muni": "豊島区", "name": "特別養護老人ホームシオンとしま", "address": "東京都豊島区池袋1-4-11", "category": "福祉救援センター（介護型）", "source": "豊島区公式サイト「福祉救援センター」 https://www.city.toshima.lg.jp/bosai/taisaku/hinanjo/kyuencenter/documents/2502181726.html （更新日:2025-02-21、ページID:50621）", "license": "不明（区公式サイトの通常コンテンツ。二次利用ライセンス表示なし。区オープンデータカタログには福祉救援センター専用データセットなし）", "updated": "2025-02-21", "geocoded": true, "geocode_title": "東京都豊島区池袋一丁目４番１１号"}, "geometry": {"type": "Point", "coordinates": [139.713364, 35.734917]}}, {"type": "Feature", "properties": {"muni": "豊島区", "name": "特別養護老人ホーム池袋敬心苑", "address": "東京都豊島区南池袋3-7-8", "category": "福祉救援センター（介護型）", "source": "豊島区公式サイト「福祉救援センター」 https://www.city.toshima.lg.jp/bosai/taisaku/hinanjo/kyuencenter/documents/2502181726.html （更新日:2025-02-21、ページID:50621）", "license": "不明（区公式サイトの通常コンテンツ。二次利用ライセンス表示なし。区オープンデータカタログには福祉救援センター専用データセットなし）", "updated": "2025-02-21", "geocoded": true, "geocode_title": "東京都豊島区南池袋三丁目７番８号"}, "geometry": {"type": "Point", "coordinates": [139.711975, 35.723743]}}, {"type": "Feature", "properties": {"muni": "豊島区", "name": "特別養護老人ホーム千川の杜", "address": "東京都豊島区要町3-54-9", "category": "福祉救援センター（介護型）", "source": "豊島区公式サイト「福祉救援センター」 https://www.city.toshima.lg.jp/bosai/taisaku/hinanjo/kyuencenter/documents/2502181726.html （更新日:2025-02-21、ページID:50621）", "license": "不明（区公式サイトの通常コンテンツ。二次利用ライセンス表示なし。区オープンデータカタログには福祉救援センター専用データセットなし）", "updated": "2025-02-21", "geocoded": true, "geocode_title": "東京都豊島区要町三丁目５４番９号"}, "geometry": {"type": "Point", "coordinates": [139.68869, 35.740631]}}, {"type": "Feature", "properties": {"muni": "豊島区", "name": "特別養護老人ホーム東池袋桑の実園", "address": "東京都豊島区東池袋5-39-18", "category": "福祉救援センター（介護型）", "source": "豊島区公式サイト「福祉救援センター」 https://www.city.toshima.lg.jp/bosai/taisaku/hinanjo/kyuencenter/documents/2502181726.html （更新日:2025-02-21、ページID:50621）", "license": "不明（区公式サイトの通常コンテンツ。二次利用ライセンス表示なし。区オープンデータカタログには福祉救援センター専用データセットなし）", "updated": "2025-02-21", "geocoded": true, "geocode_title": "東京都豊島区東池袋五丁目３９番１８号"}, "geometry": {"type": "Point", "coordinates": [139.725815, 35.728359]}}, {"type": "Feature", "properties": {"muni": "豊島区", "name": "心身障害者福祉センター", "address": "東京都豊島区目白5-18-8", "category": "福祉救援センター（障害型）", "source": "豊島区公式サイト「福祉救援センター」 https://www.city.toshima.lg.jp/bosai/taisaku/hinanjo/kyuencenter/documents/2502181726.html （更新日:2025-02-21、ページID:50621）", "license": "不明（区公式サイトの通常コンテンツ。二次利用ライセンス表示なし。区オープンデータカタログには福祉救援センター専用データセットなし）", "updated": "2025-02-21", "geocoded": true, "geocode_title": "東京都豊島区目白五丁目１８番８号"}, "geometry": {"type": "Point", "coordinates": [139.695602, 35.724194]}}, {"type": "Feature", "properties": {"muni": "豊島区", "name": "駒込福祉作業所", "address": "東京都豊島区駒込4-7-1", "category": "福祉救援センター（障害型）", "source": "豊島区公式サイト「福祉救援センター」 https://www.city.toshima.lg.jp/bosai/taisaku/hinanjo/kyuencenter/documents/2502181726.html （更新日:2025-02-21、ページID:50621）", "license": "不明（区公式サイトの通常コンテンツ。二次利用ライセンス表示なし。区オープンデータカタログには福祉救援センター専用データセットなし）", "updated": "2025-02-21", "geocoded": true, "geocode_title": "東京都豊島区駒込四丁目７番１号"}, "geometry": {"type": "Point", "coordinates": [139.742294, 35.734795]}}, {"type": "Feature", "properties": {"muni": "豊島区", "name": "目白福祉作業所", "address": "東京都豊島区目白5-18-8", "category": "福祉救援センター（障害型）", "source": "豊島区公式サイト「福祉救援センター」 https://www.city.toshima.lg.jp/bosai/taisaku/hinanjo/kyuencenter/documents/2502181726.html （更新日:2025-02-21、ページID:50621）", "license": "不明（区公式サイトの通常コンテンツ。二次利用ライセンス表示なし。区オープンデータカタログには福祉救援センター専用データセットなし）", "updated": "2025-02-21", "geocoded": true, "geocode_title": "東京都豊島区目白五丁目１８番８号"}, "geometry": {"type": "Point", "coordinates": [139.695602, 35.724194]}}, {"type": "Feature", "properties": {"muni": "豊島区", "name": "駒込生活実習所", "address": "東京都豊島区駒込4-7-1", "category": "福祉救援センター（障害型）", "source": "豊島区公式サイト「福祉救援センター」 https://www.city.toshima.lg.jp/bosai/taisaku/hinanjo/kyuencenter/documents/2502181726.html （更新日:2025-02-21、ページID:50621）", "license": "不明（区公式サイトの通常コンテンツ。二次利用ライセンス表示なし。区オープンデータカタログには福祉救援センター専用データセットなし）", "updated": "2025-02-21", "geocoded": true, "geocode_title": "東京都豊島区駒込四丁目７番１号"}, "geometry": {"type": "Point", "coordinates": [139.742294, 35.734795]}}, {"type": "Feature", "properties": {"muni": "豊島区", "name": "目白生活実習所", "address": "東京都豊島区目白5-18-8", "category": "福祉救援センター（障害型）", "source": "豊島区公式サイト「福祉救援センター」 https://www.city.toshima.lg.jp/bosai/taisaku/hinanjo/kyuencenter/documents/2502181726.html （更新日:2025-02-21、ページID:50621）", "license": "不明（区公式サイトの通常コンテンツ。二次利用ライセンス表示なし。区オープンデータカタログには福祉救援センター専用データセットなし）", "updated": "2025-02-21", "geocoded": true, "geocode_title": "東京都豊島区目白五丁目１８番８号"}, "geometry": {"type": "Point", "coordinates": [139.695602, 35.724194]}}, {"type": "Feature", "properties": {"muni": "豊島区", "name": "都立大塚ろう学校", "address": "東京都豊島区巣鴨4-20-8", "category": "福祉救援センター（障害型）", "source": "豊島区公式サイト「福祉救援センター」 https://www.city.toshima.lg.jp/bosai/taisaku/hinanjo/kyuencenter/documents/2502181726.html （更新日:2025-02-21、ページID:50621）", "license": "不明（区公式サイトの通常コンテンツ。二次利用ライセンス表示なし。区オープンデータカタログには福祉救援センター専用データセットなし）", "updated": "2025-02-21", "geocoded": true, "geocode_title": "東京都豊島区巣鴨四丁目２０番８号"}, "geometry": {"type": "Point", "coordinates": [139.731369, 35.736271]}}, {"type": "Feature", "properties": {"muni": "豊島区", "name": "いけぶくろ茜の里", "address": "東京都豊島区池袋4-15-10", "category": "福祉救援センター（障害型）", "source": "豊島区公式サイト「福祉救援センター」 https://www.city.toshima.lg.jp/bosai/taisaku/hinanjo/kyuencenter/documents/2502181726.html （更新日:2025-02-21、ページID:50621）", "license": "不明（区公式サイトの通常コンテンツ。二次利用ライセンス表示なし。区オープンデータカタログには福祉救援センター専用データセットなし）", "updated": "2025-02-21", "geocoded": true, "geocode_title": "東京都豊島区池袋四丁目１５番１０号"}, "geometry": {"type": "Point", "coordinates": [139.707779, 35.739639]}}, {"type": "Feature", "properties": {"muni": "豊島区", "name": "雑司谷デイサポートセンター", "address": "東京都豊島区南池袋3-7-8", "category": "福祉救援センター（障害型）", "source": "豊島区公式サイト「福祉救援センター」 https://www.city.toshima.lg.jp/bosai/taisaku/hinanjo/kyuencenter/documents/2502181726.html （更新日:2025-02-21、ページID:50621）", "license": "不明（区公式サイトの通常コンテンツ。二次利用ライセンス表示なし。区オープンデータカタログには福祉救援センター専用データセットなし）", "updated": "2025-02-21", "geocoded": true, "geocode_title": "東京都豊島区南池袋三丁目７番８号"}, "geometry": {"type": "Point", "coordinates": [139.711975, 35.723743]}}, {"type": "Feature", "properties": {"muni": "豊島区", "name": "福祉ホームさくらんぼ", "address": "東京都豊島区西池袋3-8-20", "category": "福祉救援センター（障害型）", "source": "豊島区公式サイト「福祉救援センター」 https://www.city.toshima.lg.jp/bosai/taisaku/hinanjo/kyuencenter/documents/2502181726.html （更新日:2025-02-21、ページID:50621）", "license": "不明（区公式サイトの通常コンテンツ。二次利用ライセンス表示なし。区オープンデータカタログには福祉救援センター専用データセットなし）", "updated": "2025-02-21", "geocoded": true, "geocode_title": "東京都豊島区西池袋三丁目８番２０号"}, "geometry": {"type": "Point", "coordinates": [139.703583, 35.727825]}}, {"type": "Feature", "properties": {"muni": "豊島区", "name": "駒込第一保育園", "address": "東京都豊島区駒込7-7-22", "category": "福祉救援センター（子育て支援・乳幼児対応型）", "source": "豊島区公式サイト「福祉救援センター」 https://www.city.toshima.lg.jp/bosai/taisaku/hinanjo/kyuencenter/documents/2502181726.html （更新日:2025-02-21、ページID:50621）", "license": "不明（区公式サイトの通常コンテンツ。二次利用ライセンス表示なし。区オープンデータカタログには福祉救援センター専用データセットなし）", "updated": "2025-02-21", "geocoded": true, "geocode_title": "東京都豊島区駒込七丁目７番２２号"}, "geometry": {"type": "Point", "coordinates": [139.739105, 35.74073]}}, {"type": "Feature", "properties": {"muni": "豊島区", "name": "巣鴨第一保育園", "address": "東京都豊島区巣鴨3-15-20", "category": "福祉救援センター（子育て支援・乳幼児対応型）", "source": "豊島区公式サイト「福祉救援センター」 https://www.city.toshima.lg.jp/bosai/taisaku/hinanjo/kyuencenter/documents/2502181726.html （更新日:2025-02-21、ページID:50621）", "license": "不明（区公式サイトの通常コンテンツ。二次利用ライセンス表示なし。区オープンデータカタログには福祉救援センター専用データセットなし）", "updated": "2025-02-21", "geocoded": true, "geocode_title": "東京都豊島区巣鴨三丁目１５番２０号"}, "geometry": {"type": "Point", "coordinates": [139.733917, 35.735512]}}, {"type": "Feature", "properties": {"muni": "豊島区", "name": "西巣鴨第三保育園", "address": "東京都豊島区西巣鴨1-2-14", "category": "福祉救援センター（子育て支援・乳幼児対応型）", "source": "豊島区公式サイト「福祉救援センター」 https://www.city.toshima.lg.jp/bosai/taisaku/hinanjo/kyuencenter/documents/2502181726.html （更新日:2025-02-21、ページID:50621）", "license": "不明（区公式サイトの通常コンテンツ。二次利用ライセンス表示なし。区オープンデータカタログには福祉救援センター専用データセットなし）", "updated": "2025-02-21", "geocoded": true, "geocode_title": "東京都豊島区西巣鴨一丁目２番１４号"}, "geometry": {"type": "Point", "coordinates": [139.726471, 35.736519]}}, {"type": "Feature", "properties": {"muni": "豊島区", "name": "東池袋第二保育園", "address": "東京都豊島区東池袋2-34-1", "category": "福祉救援センター（子育て支援・乳幼児対応型）", "source": "豊島区公式サイト「福祉救援センター」 https://www.city.toshima.lg.jp/bosai/taisaku/hinanjo/kyuencenter/documents/2502181726.html （更新日:2025-02-21、ページID:50621）", "license": "不明（区公式サイトの通常コンテンツ。二次利用ライセンス表示なし。区オープンデータカタログには福祉救援センター専用データセットなし）", "updated": "2025-02-21", "geocoded": true, "geocode_title": "東京都豊島区東池袋二丁目３４番１号"}, "geometry": {"type": "Point", "coordinates": [139.722794, 35.732357]}}, {"type": "Feature", "properties": {"muni": "豊島区", "name": "西池袋第二保育園", "address": "東京都豊島区西池袋4-22-18", "category": "福祉救援センター（子育て支援・乳幼児対応型）", "source": "豊島区公式サイト「福祉救援センター」 https://www.city.toshima.lg.jp/bosai/taisaku/hinanjo/kyuencenter/documents/2502181726.html （更新日:2025-02-21、ページID:50621）", "license": "不明（区公式サイトの通常コンテンツ。二次利用ライセンス表示なし。区オープンデータカタログには福祉救援センター専用データセットなし）", "updated": "2025-02-21", "geocoded": true, "geocode_title": "東京都豊島区西池袋四丁目２２番１８号"}, "geometry": {"type": "Point", "coordinates": [139.69899, 35.729279]}}, {"type": "Feature", "properties": {"muni": "豊島区", "name": "池袋第一保育園", "address": "東京都豊島区上池袋3-39-11", "category": "福祉救援センター（子育て支援・乳幼児対応型）", "source": "豊島区公式サイト「福祉救援センター」 https://www.city.toshima.lg.jp/bosai/taisaku/hinanjo/kyuencenter/documents/2502181726.html （更新日:2025-02-21、ページID:50621）", "license": "不明（区公式サイトの通常コンテンツ。二次利用ライセンス表示なし。区オープンデータカタログには福祉救援センター専用データセットなし）", "updated": "2025-02-21", "geocoded": true, "geocode_title": "東京都豊島区上池袋三丁目３９番１１号"}, "geometry": {"type": "Point", "coordinates": [139.720444, 35.739418]}}, {"type": "Feature", "properties": {"muni": "豊島区", "name": "池袋第二保育園", "address": "東京都豊島区池袋本町3-4-5", "category": "福祉救援センター（子育て支援・乳幼児対応型）", "source": "豊島区公式サイト「福祉救援センター」 https://www.city.toshima.lg.jp/bosai/taisaku/hinanjo/kyuencenter/documents/2502181726.html （更新日:2025-02-21、ページID:50621）", "license": "不明（区公式サイトの通常コンテンツ。二次利用ライセンス表示なし。区オープンデータカタログには福祉救援センター専用データセットなし）", "updated": "2025-02-21", "geocoded": true, "geocode_title": "東京都豊島区池袋本町三丁目４番５号"}, "geometry": {"type": "Point", "coordinates": [139.712219, 35.742577]}}, {"type": "Feature", "properties": {"muni": "豊島区", "name": "池袋第五保育園", "address": "東京都豊島区池袋3-26-22", "category": "福祉救援センター（子育て支援・乳幼児対応型）", "source": "豊島区公式サイト「福祉救援センター」 https://www.city.toshima.lg.jp/bosai/taisaku/hinanjo/kyuencenter/documents/2502181726.html （更新日:2025-02-21、ページID:50621）", "license": "不明（区公式サイトの通常コンテンツ。二次利用ライセンス表示なし。区オープンデータカタログには福祉救援センター専用データセットなし）", "updated": "2025-02-21", "geocoded": true, "geocode_title": "東京都豊島区池袋三丁目２６番２２号"}, "geometry": {"type": "Point", "coordinates": [139.705261, 35.734158]}}, {"type": "Feature", "properties": {"muni": "豊島区", "name": "高南保育園", "address": "東京都豊島区高田1-24-14", "category": "福祉救援センター（子育て支援・乳幼児対応型）", "source": "豊島区公式サイト「福祉救援センター」 https://www.city.toshima.lg.jp/bosai/taisaku/hinanjo/kyuencenter/documents/2502181726.html （更新日:2025-02-21、ページID:50621）", "license": "不明（区公式サイトの通常コンテンツ。二次利用ライセンス表示なし。区オープンデータカタログには福祉救援センター専用データセットなし）", "updated": "2025-02-21", "geocoded": true, "geocode_title": "東京都豊島区高田一丁目２４番１４号"}, "geometry": {"type": "Point", "coordinates": [139.716858, 35.715179]}}, {"type": "Feature", "properties": {"muni": "豊島区", "name": "目白第一保育園", "address": "東京都豊島区目白5-18-2", "category": "福祉救援センター（子育て支援・乳幼児対応型）", "source": "豊島区公式サイト「福祉救援センター」 https://www.city.toshima.lg.jp/bosai/taisaku/hinanjo/kyuencenter/documents/2502181726.html （更新日:2025-02-21、ページID:50621）", "license": "不明（区公式サイトの通常コンテンツ。二次利用ライセンス表示なし。区オープンデータカタログには福祉救援センター専用データセットなし）", "updated": "2025-02-21", "geocoded": true, "geocode_title": "東京都豊島区目白五丁目１８番２号"}, "geometry": {"type": "Point", "coordinates": [139.695496, 35.723522]}}, {"type": "Feature", "properties": {"muni": "豊島区", "name": "目白第二保育園", "address": "東京都豊島区目白2-23-9", "category": "福祉救援センター（子育て支援・乳幼児対応型）", "source": "豊島区公式サイト「福祉救援センター」 https://www.city.toshima.lg.jp/bosai/taisaku/hinanjo/kyuencenter/documents/2502181726.html （更新日:2025-02-21、ページID:50621）", "license": "不明（区公式サイトの通常コンテンツ。二次利用ライセンス表示なし。区オープンデータカタログには福祉救援センター専用データセットなし）", "updated": "2025-02-21", "geocoded": true, "geocode_title": "東京都豊島区目白二丁目２３番９号"}, "geometry": {"type": "Point", "coordinates": [139.709183, 35.723106]}}, {"type": "Feature", "properties": {"muni": "豊島区", "name": "南長崎第一保育園", "address": "東京都豊島区南長崎5-23-7", "category": "福祉救援センター（子育て支援・乳幼児対応型）", "source": "豊島区公式サイト「福祉救援センター」 https://www.city.toshima.lg.jp/bosai/taisaku/hinanjo/kyuencenter/documents/2502181726.html （更新日:2025-02-21、ページID:50621）", "license": "不明（区公式サイトの通常コンテンツ。二次利用ライセンス表示なし。区オープンデータカタログには福祉救援センター専用データセットなし）", "updated": "2025-02-21", "geocoded": true, "geocode_title": "東京都豊島区南長崎五丁目２３番７号"}, "geometry": {"type": "Point", "coordinates": [139.681595, 35.730145]}}, {"type": "Feature", "properties": {"muni": "豊島区", "name": "南長崎第二保育園", "address": "東京都豊島区南長崎2-3-21", "category": "福祉救援センター（子育て支援・乳幼児対応型）", "source": "豊島区公式サイト「福祉救援センター」 https://www.city.toshima.lg.jp/bosai/taisaku/hinanjo/kyuencenter/documents/2502181726.html （更新日:2025-02-21、ページID:50621）", "license": "不明（区公式サイトの通常コンテンツ。二次利用ライセンス表示なし。区オープンデータカタログには福祉救援センター専用データセットなし）", "updated": "2025-02-21", "geocoded": true, "geocode_title": "東京都豊島区南長崎二丁目３番２１号"}, "geometry": {"type": "Point", "coordinates": [139.689423, 35.723747]}}, {"type": "Feature", "properties": {"muni": "豊島区", "name": "長崎保育園", "address": "東京都豊島区長崎3-7-7", "category": "福祉救援センター（子育て支援・乳幼児対応型）", "source": "豊島区公式サイト「福祉救援センター」 https://www.city.toshima.lg.jp/bosai/taisaku/hinanjo/kyuencenter/documents/2502181726.html （更新日:2025-02-21、ページID:50621）", "license": "不明（区公式サイトの通常コンテンツ。二次利用ライセンス表示なし。区オープンデータカタログには福祉救援センター専用データセットなし）", "updated": "2025-02-21", "geocoded": true, "geocode_title": "東京都豊島区長崎三丁目７番７号"}, "geometry": {"type": "Point", "coordinates": [139.688583, 35.728924]}}, {"type": "Feature", "properties": {"muni": "豊島区", "name": "要町保育園", "address": "東京都豊島区要町3-17-11", "category": "福祉救援センター（子育て支援・乳幼児対応型）", "source": "豊島区公式サイト「福祉救援センター」 https://www.city.toshima.lg.jp/bosai/taisaku/hinanjo/kyuencenter/documents/2502181726.html （更新日:2025-02-21、ページID:50621）", "license": "不明（区公式サイトの通常コンテンツ。二次利用ライセンス表示なし。区オープンデータカタログには福祉救援センター専用データセットなし）", "updated": "2025-02-21", "geocoded": true, "geocode_title": "東京都豊島区要町三丁目１７番１１号"}, "geometry": {"type": "Point", "coordinates": [139.6866, 35.737621]}}, {"type": "Feature", "properties": {"muni": "豊島区", "name": "高松第二保育園", "address": "東京都豊島区高松1-7-13", "category": "福祉救援センター（子育て支援・乳幼児対応型）", "source": "豊島区公式サイト「福祉救援センター」 https://www.city.toshima.lg.jp/bosai/taisaku/hinanjo/kyuencenter/documents/2502181726.html （更新日:2025-02-21、ページID:50621）", "license": "不明（区公式サイトの通常コンテンツ。二次利用ライセンス表示なし。区オープンデータカタログには福祉救援センター専用データセットなし）", "updated": "2025-02-21", "geocoded": true, "geocode_title": "東京都豊島区高松一丁目７番１３号"}, "geometry": {"type": "Point", "coordinates": [139.698914, 35.736263]}}, {"type": "Feature", "properties": {"muni": "豊島区", "name": "東部子ども家庭支援センター", "address": "東京都豊島区上池袋2-35-22", "category": "福祉救援センター（子育て支援・乳幼児対応型）", "source": "豊島区公式サイト「福祉救援センター」 https://www.city.toshima.lg.jp/bosai/taisaku/hinanjo/kyuencenter/documents/2502181726.html （更新日:2025-02-21、ページID:50621）", "license": "不明（区公式サイトの通常コンテンツ。二次利用ライセンス表示なし。区オープンデータカタログには福祉救援センター専用データセットなし）", "updated": "2025-02-21", "geocoded": true, "geocode_title": "東京都豊島区上池袋二丁目３５番２２号"}, "geometry": {"type": "Point", "coordinates": [139.718262, 35.737057]}}, {"type": "Feature", "properties": {"muni": "豊島区", "name": "西部子ども家庭支援センター", "address": "東京都豊島区千早4-6-14", "category": "福祉救援センター（子育て支援・乳幼児対応型）", "source": "豊島区公式サイト「福祉救援センター」 https://www.city.toshima.lg.jp/bosai/taisaku/hinanjo/kyuencenter/documents/2502181726.html （更新日:2025-02-21、ページID:50621）", "license": "不明（区公式サイトの通常コンテンツ。二次利用ライセンス表示なし。区オープンデータカタログには福祉救援センター専用データセットなし）", "updated": "2025-02-21", "geocoded": true, "geocode_title": "東京都豊島区千早四丁目６番１４号"}, "geometry": {"type": "Point", "coordinates": [139.682388, 35.737827]}}, {"type": "Feature", "properties": {"muni": "中野区", "name": "療育センターアポロ園", "address": "東京都中野区江古田4-43-25", "category": "二次避難所（福祉避難所）", "source": "中野区「二次避難所運営マニュアル（障害者・児対象施設）」令和8年4月 (https://www.city.tokyo-nakano.lg.jp/bosai/hinanjyo/nijihinannjyouneimanyuaru.files/nijihinannjyounneimanyuaru_syougai.pdf , 掲載元: https://www.city.tokyo-nakano.lg.jp/bosai/hinanjyo/nijihinannjyouneimanyuaru.html) P.11「施設利用対象者（平時）」表より抽出。座標は国土地理院AddressSearchでジオコーディング。", "license": null, "updated": "令和8年4月"}, "geometry": {"type": "Point", "coordinates": [139.659622, 35.725307]}}, {"type": "Feature", "properties": {"muni": "中野区", "name": "都立中野特別支援学校", "address": "東京都中野区東中野5-12-1", "category": "二次避難所（福祉避難所）", "source": "中野区「二次避難所運営マニュアル（障害者・児対象施設）」令和8年4月 (https://www.city.tokyo-nakano.lg.jp/bosai/hinanjyo/nijihinannjyouneimanyuaru.files/nijihinannjyounneimanyuaru_syougai.pdf , 掲載元: https://www.city.tokyo-nakano.lg.jp/bosai/hinanjyo/nijihinannjyouneimanyuaru.html) P.11「施設利用対象者（平時）」表より抽出。座標は国土地理院AddressSearchでジオコーディング。", "license": null, "updated": "令和8年4月"}, "geometry": {"type": "Point", "coordinates": [139.688843, 35.708031]}}, {"type": "Feature", "properties": {"muni": "中野区", "name": "中野区子ども発達センターたんぽぽ", "address": "東京都中野区丸山1-17-2", "category": "二次避難所（福祉避難所）", "source": "中野区「二次避難所運営マニュアル（障害者・児対象施設）」令和8年4月 (https://www.city.tokyo-nakano.lg.jp/bosai/hinanjyo/nijihinannjyouneimanyuaru.files/nijihinannjyounneimanyuaru_syougai.pdf , 掲載元: https://www.city.tokyo-nakano.lg.jp/bosai/hinanjyo/nijihinannjyouneimanyuaru.html) P.11「施設利用対象者（平時）」表より抽出。座標は国土地理院AddressSearchでジオコーディング。", "license": null, "updated": "令和8年4月"}, "geometry": {"type": "Point", "coordinates": [139.657715, 35.72422]}}, {"type": "Feature", "properties": {"muni": "中野区", "name": "放課後デイサービスセンターみずいろ", "address": "東京都中野区丸山1-17-2", "category": "二次避難所（福祉避難所）", "source": "中野区「二次避難所運営マニュアル（障害者・児対象施設）」令和8年4月 (https://www.city.tokyo-nakano.lg.jp/bosai/hinanjyo/nijihinannjyouneimanyuaru.files/nijihinannjyounneimanyuaru_syougai.pdf , 掲載元: https://www.city.tokyo-nakano.lg.jp/bosai/hinanjyo/nijihinannjyouneimanyuaru.html) P.11「施設利用対象者（平時）」表より抽出。座標は国土地理院AddressSearchでジオコーディング。", "license": null, "updated": "令和8年4月"}, "geometry": {"type": "Point", "coordinates": [139.657715, 35.72422]}}, {"type": "Feature", "properties": {"muni": "中野区", "name": "中野区療育センターゆめなりあ", "address": "東京都中野区弥生町5-5-2", "category": "二次避難所（福祉避難所）", "source": "中野区「二次避難所運営マニュアル（障害者・児対象施設）」令和8年4月 (https://www.city.tokyo-nakano.lg.jp/bosai/hinanjyo/nijihinannjyouneimanyuaru.files/nijihinannjyounneimanyuaru_syougai.pdf , 掲載元: https://www.city.tokyo-nakano.lg.jp/bosai/hinanjyo/nijihinannjyouneimanyuaru.html) P.11「施設利用対象者（平時）」表より抽出。座標は国土地理院AddressSearchでジオコーディング。", "license": null, "updated": "令和8年4月"}, "geometry": {"type": "Point", "coordinates": [139.666504, 35.685974]}}, {"type": "Feature", "properties": {"muni": "中野区", "name": "障害者福祉会館", "address": "東京都中野区沼袋2-40-18", "category": "二次避難所（福祉避難所）", "source": "中野区「二次避難所運営マニュアル（障害者・児対象施設）」令和8年4月 (https://www.city.tokyo-nakano.lg.jp/bosai/hinanjyo/nijihinannjyouneimanyuaru.files/nijihinannjyounneimanyuaru_syougai.pdf , 掲載元: https://www.city.tokyo-nakano.lg.jp/bosai/hinanjyo/nijihinannjyouneimanyuaru.html) P.11「施設利用対象者（平時）」表より抽出。座標は国土地理院AddressSearchでジオコーディング。", "license": null, "updated": "令和8年4月"}, "geometry": {"type": "Point", "coordinates": [139.662994, 35.723747]}}, {"type": "Feature", "properties": {"muni": "中野区", "name": "弥生福祉作業所", "address": "東京都中野区弥生町4-36-15", "category": "二次避難所（福祉避難所）", "source": "中野区「二次避難所運営マニュアル（障害者・児対象施設）」令和8年4月 (https://www.city.tokyo-nakano.lg.jp/bosai/hinanjyo/nijihinannjyouneimanyuaru.files/nijihinannjyounneimanyuaru_syougai.pdf , 掲載元: https://www.city.tokyo-nakano.lg.jp/bosai/hinanjyo/nijihinannjyouneimanyuaru.html) P.11「施設利用対象者（平時）」表より抽出。座標は国土地理院AddressSearchでジオコーディング。", "license": null, "updated": "令和8年4月"}, "geometry": {"type": "Point", "coordinates": [139.670929, 35.689983]}}, {"type": "Feature", "properties": {"muni": "中野区", "name": "東京総合保健福祉センター江古田の森", "address": "東京都中野区江古田3-14-19", "category": "二次避難所（福祉避難所）", "source": "中野区「二次避難所運営マニュアル（障害者・児対象施設）」令和8年4月 (https://www.city.tokyo-nakano.lg.jp/bosai/hinanjyo/nijihinannjyouneimanyuaru.files/nijihinannjyounneimanyuaru_syougai.pdf , 掲載元: https://www.city.tokyo-nakano.lg.jp/bosai/hinanjyo/nijihinannjyouneimanyuaru.html) P.11「施設利用対象者（平時）」表より抽出。座標は国土地理院AddressSearchでジオコーディング。", "license": null, "updated": "令和8年4月"}, "geometry": {"type": "Point", "coordinates": [139.664459, 35.728733]}}, {"type": "Feature", "properties": {"muni": "中野区", "name": "コロニーもみじやま支援センター", "address": "東京都中野区中野5-3-32", "category": "二次避難所（福祉避難所）", "source": "中野区「二次避難所運営マニュアル（障害者・児対象施設）」令和8年4月 (https://www.city.tokyo-nakano.lg.jp/bosai/hinanjyo/nijihinannjyouneimanyuaru.files/nijihinannjyounneimanyuaru_syougai.pdf , 掲載元: https://www.city.tokyo-nakano.lg.jp/bosai/hinanjyo/nijihinannjyouneimanyuaru.html) P.11「施設利用対象者（平時）」表より抽出。座標は国土地理院AddressSearchでジオコーディング。", "license": null, "updated": "令和8年4月"}, "geometry": {"type": "Point", "coordinates": [139.672653, 35.708096]}}, {"type": "Feature", "properties": {"muni": "渋谷区", "name": "けやきの苑・西原", "address": "東京都渋谷区西原2-19-1", "category": "福祉避難所", "source": "SHIBUYA OPEN DATA（渋谷区）「避難所・避難場所・一時集合場所一覧」ArcGIS Hub (https://city-shibuya-data.opendata.arcgis.com/datasets/95b3c58f32524641a5998fe41992467e_0 , FeatureServer: https://services3.arcgis.com/UtdeFTavkHfI94t2/arcgis/rest/services/131130_evacuation_space/FeatureServer/0 , 場所種別='福祉避難所'で抽出)", "license": "CC BY", "updated": "2026年3月31日時点"}, "geometry": {"type": "Point", "coordinates": [139.6796661, 35.67421353999999]}}, {"type": "Feature", "properties": {"muni": "渋谷区", "name": "あやめの苑・代々木", "address": "東京都渋谷区代々木3-35-1", "category": "福祉避難所", "source": "SHIBUYA OPEN DATA（渋谷区）「避難所・避難場所・一時集合場所一覧」ArcGIS Hub (https://city-shibuya-data.opendata.arcgis.com/datasets/95b3c58f32524641a5998fe41992467e_0 , FeatureServer: https://services3.arcgis.com/UtdeFTavkHfI94t2/arcgis/rest/services/131130_evacuation_space/FeatureServer/0 , 場所種別='福祉避難所'で抽出)", "license": "CC BY", "updated": "2026年3月31日時点"}, "geometry": {"type": "Point", "coordinates": [139.6931298, 35.68253974]}}, {"type": "Feature", "properties": {"muni": "渋谷区", "name": "かんなみの杜・渋谷", "address": "東京都渋谷区神南1-8-6", "category": "福祉避難所", "source": "SHIBUYA OPEN DATA（渋谷区）「避難所・避難場所・一時集合場所一覧」ArcGIS Hub (https://city-shibuya-data.opendata.arcgis.com/datasets/95b3c58f32524641a5998fe41992467e_0 , FeatureServer: https://services3.arcgis.com/UtdeFTavkHfI94t2/arcgis/rest/services/131130_evacuation_space/FeatureServer/0 , 場所種別='福祉避難所'で抽出)", "license": "CC BY", "updated": "2026年3月31日時点"}, "geometry": {"type": "Point", "coordinates": [139.7008046, 35.66429992]}}, {"type": "Feature", "properties": {"muni": "渋谷区", "name": "障害者福祉センター はぁとぴあ原宿", "address": "東京都渋谷区神宮前3-18-37", "category": "福祉避難所", "source": "SHIBUYA OPEN DATA（渋谷区）「避難所・避難場所・一時集合場所一覧」ArcGIS Hub (https://city-shibuya-data.opendata.arcgis.com/datasets/95b3c58f32524641a5998fe41992467e_0 , FeatureServer: https://services3.arcgis.com/UtdeFTavkHfI94t2/arcgis/rest/services/131130_evacuation_space/FeatureServer/0 , 場所種別='福祉避難所'で抽出)", "license": "CC BY", "updated": "2026年3月31日時点"}, "geometry": {"type": "Point", "coordinates": [139.7095289, 35.67142965999999]}}, {"type": "Feature", "properties": {"muni": "渋谷区", "name": "総合ケアコミュニティ・せせらぎ", "address": "東京都渋谷区西原1-40-10", "category": "福祉避難所", "source": "SHIBUYA OPEN DATA（渋谷区）「避難所・避難場所・一時集合場所一覧」ArcGIS Hub (https://city-shibuya-data.opendata.arcgis.com/datasets/95b3c58f32524641a5998fe41992467e_0 , FeatureServer: https://services3.arcgis.com/UtdeFTavkHfI94t2/arcgis/rest/services/131130_evacuation_space/FeatureServer/0 , 場所種別='福祉避難所'で抽出)", "license": "CC BY", "updated": "2026年3月31日時点"}, "geometry": {"type": "Point", "coordinates": [139.6818441, 35.67529928999999]}}, {"type": "Feature", "properties": {"muni": "渋谷区", "name": "ケアコミュニティ・原宿の丘", "address": "東京都渋谷区神宮前3-12-8", "category": "福祉避難所", "source": "SHIBUYA OPEN DATA（渋谷区）「避難所・避難場所・一時集合場所一覧」ArcGIS Hub (https://city-shibuya-data.opendata.arcgis.com/datasets/95b3c58f32524641a5998fe41992467e_0 , FeatureServer: https://services3.arcgis.com/UtdeFTavkHfI94t2/arcgis/rest/services/131130_evacuation_space/FeatureServer/0 , 場所種別='福祉避難所'で抽出)", "license": "CC BY", "updated": "2026年3月31日時点"}, "geometry": {"type": "Point", "coordinates": [139.7110244, 35.66983402999999]}}, {"type": "Feature", "properties": {"muni": "渋谷区", "name": "美竹の丘・しぶや", "address": "東京都渋谷区渋谷1-18-9", "category": "福祉避難所", "source": "SHIBUYA OPEN DATA（渋谷区）「避難所・避難場所・一時集合場所一覧」ArcGIS Hub (https://city-shibuya-data.opendata.arcgis.com/datasets/95b3c58f32524641a5998fe41992467e_0 , FeatureServer: https://services3.arcgis.com/UtdeFTavkHfI94t2/arcgis/rest/services/131130_evacuation_space/FeatureServer/0 , 場所種別='福祉避難所'で抽出)", "license": "CC BY", "updated": "2026年3月31日時点"}, "geometry": {"type": "Point", "coordinates": [139.7046972, 35.66179096999999]}}, {"type": "Feature", "properties": {"muni": "渋谷区", "name": "生活実習所つばさ", "address": "東京都渋谷区幡ヶ谷3-39-1", "category": "福祉避難所", "source": "SHIBUYA OPEN DATA（渋谷区）「避難所・避難場所・一時集合場所一覧」ArcGIS Hub (https://city-shibuya-data.opendata.arcgis.com/datasets/95b3c58f32524641a5998fe41992467e_0 , FeatureServer: https://services3.arcgis.com/UtdeFTavkHfI94t2/arcgis/rest/services/131130_evacuation_space/FeatureServer/0 , 場所種別='福祉避難所'で抽出)", "license": "CC BY", "updated": "2026年3月31日時点"}, "geometry": {"type": "Point", "coordinates": [139.671989, 35.67939242]}}, {"type": "Feature", "properties": {"muni": "渋谷区", "name": "ひがし健康プラザ", "address": "東京都渋谷区東3-14-13", "category": "福祉避難所", "source": "SHIBUYA OPEN DATA（渋谷区）「避難所・避難場所・一時集合場所一覧」ArcGIS Hub (https://city-shibuya-data.opendata.arcgis.com/datasets/95b3c58f32524641a5998fe41992467e_0 , FeatureServer: https://services3.arcgis.com/UtdeFTavkHfI94t2/arcgis/rest/services/131130_evacuation_space/FeatureServer/0 , 場所種別='福祉避難所'で抽出)", "license": "CC BY", "updated": "2026年3月31日時点"}, "geometry": {"type": "Point", "coordinates": [139.7096981, 35.65088078999998]}}, {"type": "Feature", "properties": {"muni": "渋谷区", "name": "ケアステーション笹幡", "address": "東京都渋谷区幡ヶ谷2-21-9", "category": "福祉避難所", "source": "SHIBUYA OPEN DATA（渋谷区）「避難所・避難場所・一時集合場所一覧」ArcGIS Hub (https://city-shibuya-data.opendata.arcgis.com/datasets/95b3c58f32524641a5998fe41992467e_0 , FeatureServer: https://services3.arcgis.com/UtdeFTavkHfI94t2/arcgis/rest/services/131130_evacuation_space/FeatureServer/0 , 場所種別='福祉避難所'で抽出)", "license": "CC BY", "updated": "2026年3月31日時点"}, "geometry": {"type": "Point", "coordinates": [139.6725489, 35.67643336]}}, {"type": "Feature", "properties": {"muni": "渋谷区", "name": "パール代官山", "address": "東京都渋谷区鉢山町3-27", "category": "福祉避難所", "source": "SHIBUYA OPEN DATA（渋谷区）「避難所・避難場所・一時集合場所一覧」ArcGIS Hub (https://city-shibuya-data.opendata.arcgis.com/datasets/95b3c58f32524641a5998fe41992467e_0 , FeatureServer: https://services3.arcgis.com/UtdeFTavkHfI94t2/arcgis/rest/services/131130_evacuation_space/FeatureServer/0 , 場所種別='福祉避難所'で抽出)", "license": "CC BY", "updated": "2026年3月31日時点"}, "geometry": {"type": "Point", "coordinates": [139.6986056, 35.652773679999996]}}, {"type": "Feature", "properties": {"muni": "渋谷区", "name": "杜の風・上原", "address": "東京都渋谷区上原2-2-17", "category": "福祉避難所", "source": "SHIBUYA OPEN DATA（渋谷区）「避難所・避難場所・一時集合場所一覧」ArcGIS Hub (https://city-shibuya-data.opendata.arcgis.com/datasets/95b3c58f32524641a5998fe41992467e_0 , FeatureServer: https://services3.arcgis.com/UtdeFTavkHfI94t2/arcgis/rest/services/131130_evacuation_space/FeatureServer/0 , 場所種別='福祉避難所'で抽出)", "license": "CC BY", "updated": "2026年3月31日時点"}, "geometry": {"type": "Point", "coordinates": [139.6841006, 35.667570669999996]}}, {"type": "Feature", "properties": {"muni": "渋谷区", "name": "グリーンポート恵比寿", "address": "東京都渋谷区恵比寿3-36-5", "category": "福祉避難所", "source": "SHIBUYA OPEN DATA（渋谷区）「避難所・避難場所・一時集合場所一覧」ArcGIS Hub (https://city-shibuya-data.opendata.arcgis.com/datasets/95b3c58f32524641a5998fe41992467e_0 , FeatureServer: https://services3.arcgis.com/UtdeFTavkHfI94t2/arcgis/rest/services/131130_evacuation_space/FeatureServer/0 , 場所種別='福祉避難所'で抽出)", "license": "CC BY", "updated": "2026年3月31日時点"}, "geometry": {"type": "Point", "coordinates": [139.7190982, 35.642353760000006]}}, {"type": "Feature", "properties": {"muni": "渋谷区", "name": "アライブ代々木大山町", "address": "東京都渋谷区大山町27-15", "category": "福祉避難所", "source": "SHIBUYA OPEN DATA（渋谷区）「避難所・避難場所・一時集合場所一覧」ArcGIS Hub (https://city-shibuya-data.opendata.arcgis.com/datasets/95b3c58f32524641a5998fe41992467e_0 , FeatureServer: https://services3.arcgis.com/UtdeFTavkHfI94t2/arcgis/rest/services/131130_evacuation_space/FeatureServer/0 , 場所種別='福祉避難所'で抽出)", "license": "CC BY", "updated": "2026年3月31日時点"}, "geometry": {"type": "Point", "coordinates": [139.6739524, 35.67100792]}}, {"type": "Feature", "properties": {"muni": "渋谷区", "name": "つばめの里・本町東", "address": "東京都渋谷区本町3-46-1", "category": "福祉避難所", "source": "SHIBUYA OPEN DATA（渋谷区）「避難所・避難場所・一時集合場所一覧」ArcGIS Hub (https://city-shibuya-data.opendata.arcgis.com/datasets/95b3c58f32524641a5998fe41992467e_0 , FeatureServer: https://services3.arcgis.com/UtdeFTavkHfI94t2/arcgis/rest/services/131130_evacuation_space/FeatureServer/0 , 場所種別='福祉避難所'で抽出)", "license": "CC BY", "updated": "2026年3月31日時点"}, "geometry": {"type": "Point", "coordinates": [139.682005, 35.68747299999999]}}, {"type": "Feature", "properties": {"muni": "渋谷区", "name": "ニチイホーム渋谷本町", "address": "東京都渋谷区本町4-49-15", "category": "福祉避難所", "source": "SHIBUYA OPEN DATA（渋谷区）「避難所・避難場所・一時集合場所一覧」ArcGIS Hub (https://city-shibuya-data.opendata.arcgis.com/datasets/95b3c58f32524641a5998fe41992467e_0 , FeatureServer: https://services3.arcgis.com/UtdeFTavkHfI94t2/arcgis/rest/services/131130_evacuation_space/FeatureServer/0 , 場所種別='福祉避難所'で抽出)", "license": "CC BY", "updated": "2026年3月31日時点"}, "geometry": {"type": "Point", "coordinates": [139.678336, 35.687001]}}, {"type": "Feature", "properties": {"muni": "渋谷区", "name": "くるるえびす", "address": "東京都渋谷区恵比寿西2-13-5", "category": "福祉避難所", "source": "SHIBUYA OPEN DATA（渋谷区）「避難所・避難場所・一時集合場所一覧」ArcGIS Hub (https://city-shibuya-data.opendata.arcgis.com/datasets/95b3c58f32524641a5998fe41992467e_0 , FeatureServer: https://services3.arcgis.com/UtdeFTavkHfI94t2/arcgis/rest/services/131130_evacuation_space/FeatureServer/0 , 場所種別='福祉避難所'で抽出)", "license": "CC BY", "updated": "2026年3月31日時点"}, "geometry": {"type": "Point", "coordinates": [139.705977, 35.65108899999999]}}, {"type": "Feature", "properties": {"muni": "渋谷区", "name": "日本赤十字社総合福祉センター　レクロス広尾", "address": "東京都渋谷区広尾4-1-23", "category": "福祉避難所", "source": "SHIBUYA OPEN DATA（渋谷区）「避難所・避難場所・一時集合場所一覧」ArcGIS Hub (https://city-shibuya-data.opendata.arcgis.com/datasets/95b3c58f32524641a5998fe41992467e_0 , FeatureServer: https://services3.arcgis.com/UtdeFTavkHfI94t2/arcgis/rest/services/131130_evacuation_space/FeatureServer/0 , 場所種別='福祉避難所'で抽出)", "license": "CC BY", "updated": "2026年3月31日時点"}, "geometry": {"type": "Point", "coordinates": [139.718627, 35.653196999999984]}}, {"type": "Feature", "properties": {"muni": "渋谷区", "name": "幡ヶ谷保健相談所", "address": "東京都渋谷区幡ヶ谷3-39-1", "category": "福祉避難所", "source": "SHIBUYA OPEN DATA（渋谷区）「避難所・避難場所・一時集合場所一覧」ArcGIS Hub (https://city-shibuya-data.opendata.arcgis.com/datasets/95b3c58f32524641a5998fe41992467e_0 , FeatureServer: https://services3.arcgis.com/UtdeFTavkHfI94t2/arcgis/rest/services/131130_evacuation_space/FeatureServer/0 , 場所種別='福祉避難所'で抽出)", "license": "CC BY", "updated": "2026年3月31日時点"}, "geometry": {"type": "Point", "coordinates": [139.672126, 35.67937736999999]}}, {"type": "Feature", "properties": {"muni": "練馬区", "name": "第2育秀苑デイサービスセンター", "address": "東京都練馬区羽沢2-8-16", "category": "福祉避難所", "source": "練馬区「福祉避難所一覧」PDF（避難拠点運営の手引 令和3年一部改訂版 資料編 p.80、02kyotentebiki80.pdf、令和3年4月1日現在）掲載元: https://www.city.nerima.tokyo.jp/kurashi/bosai/jishinsonae/hinankyoten.html PDF: https://www.city.nerima.tokyo.jp/kurashi/bosai/jishinsonae/hinankyoten.files/02kyotentebiki80.pdf", "license": null, "updated": "令和3年4月1日現在"}, "geometry": {"type": "Point", "coordinates": [139.670883, 35.743847]}}, {"type": "Feature", "properties": {"muni": "練馬区", "name": "豊玉南しあわせの里デイサービスセンター", "address": "東京都練馬区豊玉南2-26-6", "category": "福祉避難所", "source": "練馬区「福祉避難所一覧」PDF（避難拠点運営の手引 令和3年一部改訂版 資料編 p.80、02kyotentebiki80.pdf、令和3年4月1日現在）掲載元: https://www.city.nerima.tokyo.jp/kurashi/bosai/jishinsonae/hinankyoten.html PDF: https://www.city.nerima.tokyo.jp/kurashi/bosai/jishinsonae/hinankyoten.files/02kyotentebiki80.pdf", "license": null, "updated": "令和3年4月1日現在"}, "geometry": {"type": "Point", "coordinates": [139.65416, 35.728714]}}, {"type": "Feature", "properties": {"muni": "練馬区", "name": "豊玉デイサービスセンター", "address": "東京都練馬区豊玉南3-9-13", "category": "福祉避難所", "source": "練馬区「福祉避難所一覧」PDF（避難拠点運営の手引 令和3年一部改訂版 資料編 p.80、02kyotentebiki80.pdf、令和3年4月1日現在）掲載元: https://www.city.nerima.tokyo.jp/kurashi/bosai/jishinsonae/hinankyoten.html PDF: https://www.city.nerima.tokyo.jp/kurashi/bosai/jishinsonae/hinankyoten.files/02kyotentebiki80.pdf", "license": null, "updated": "令和3年4月1日現在"}, "geometry": {"type": "Point", "coordinates": [139.652664, 35.727814]}}, {"type": "Feature", "properties": {"muni": "練馬区", "name": "特別養護老人ホーム育秀苑", "address": "東京都練馬区桜台2-2-8", "category": "福祉避難所", "source": "練馬区「福祉避難所一覧」PDF（避難拠点運営の手引 令和3年一部改訂版 資料編 p.80、02kyotentebiki80.pdf、令和3年4月1日現在）掲載元: https://www.city.nerima.tokyo.jp/kurashi/bosai/jishinsonae/hinankyoten.html PDF: https://www.city.nerima.tokyo.jp/kurashi/bosai/jishinsonae/hinankyoten.files/02kyotentebiki80.pdf", "license": null, "updated": "令和3年4月1日現在"}, "geometry": {"type": "Point", "coordinates": [139.667496, 35.742908]}}, {"type": "Feature", "properties": {"muni": "練馬区", "name": "練馬の丘キングス・ガーデンデイサービス", "address": "東京都練馬区練馬2-27-7", "category": "福祉避難所", "source": "練馬区「福祉避難所一覧」PDF（避難拠点運営の手引 令和3年一部改訂版 資料編 p.80、02kyotentebiki80.pdf、令和3年4月1日現在）掲載元: https://www.city.nerima.tokyo.jp/kurashi/bosai/jishinsonae/hinankyoten.html PDF: https://www.city.nerima.tokyo.jp/kurashi/bosai/jishinsonae/hinankyoten.files/02kyotentebiki80.pdf", "license": null, "updated": "令和3年4月1日現在"}, "geometry": {"type": "Point", "coordinates": [139.651413, 35.743301]}}, {"type": "Feature", "properties": {"muni": "練馬区", "name": "練馬デイサービスセンター", "address": "東京都練馬区練馬2-24-3", "category": "福祉避難所", "source": "練馬区「福祉避難所一覧」PDF（避難拠点運営の手引 令和3年一部改訂版 資料編 p.80、02kyotentebiki80.pdf、令和3年4月1日現在）掲載元: https://www.city.nerima.tokyo.jp/kurashi/bosai/jishinsonae/hinankyoten.html PDF: https://www.city.nerima.tokyo.jp/kurashi/bosai/jishinsonae/hinankyoten.files/02kyotentebiki80.pdf", "license": null, "updated": "令和3年4月1日現在"}, "geometry": {"type": "Point", "coordinates": [139.654236, 35.743214]}}, {"type": "Feature", "properties": {"muni": "練馬区", "name": "心身障害者福祉センター", "address": "東京都練馬区貫井1-9-1", "category": "福祉避難所", "source": "練馬区「福祉避難所一覧」PDF（避難拠点運営の手引 令和3年一部改訂版 資料編 p.80、02kyotentebiki80.pdf、令和3年4月1日現在）掲載元: https://www.city.nerima.tokyo.jp/kurashi/bosai/jishinsonae/hinankyoten.html PDF: https://www.city.nerima.tokyo.jp/kurashi/bosai/jishinsonae/hinankyoten.files/02kyotentebiki80.pdf", "license": null, "updated": "令和3年4月1日現在"}, "geometry": {"type": "Point", "coordinates": [139.635544, 35.738159]}}, {"type": "Feature", "properties": {"muni": "練馬区", "name": "貫井福祉園", "address": "東京都練馬区貫井2-16-12", "category": "福祉避難所", "source": "練馬区「福祉避難所一覧」PDF（避難拠点運営の手引 令和3年一部改訂版 資料編 p.80、02kyotentebiki80.pdf、令和3年4月1日現在）掲載元: https://www.city.nerima.tokyo.jp/kurashi/bosai/jishinsonae/hinankyoten.html PDF: https://www.city.nerima.tokyo.jp/kurashi/bosai/jishinsonae/hinankyoten.files/02kyotentebiki80.pdf", "license": null, "updated": "令和3年4月1日現在"}, "geometry": {"type": "Point", "coordinates": [139.630692, 35.738457]}}, {"type": "Feature", "properties": {"muni": "練馬区", "name": "錦デイサービスセンター", "address": "東京都練馬区錦2-6-14", "category": "福祉避難所", "source": "練馬区「福祉避難所一覧」PDF（避難拠点運営の手引 令和3年一部改訂版 資料編 p.80、02kyotentebiki80.pdf、令和3年4月1日現在）掲載元: https://www.city.nerima.tokyo.jp/kurashi/bosai/jishinsonae/hinankyoten.html PDF: https://www.city.nerima.tokyo.jp/kurashi/bosai/jishinsonae/hinankyoten.files/02kyotentebiki80.pdf", "license": null, "updated": "令和3年4月1日現在"}, "geometry": {"type": "Point", "coordinates": [139.666153, 35.761749]}}, {"type": "Feature", "properties": {"muni": "練馬区", "name": "氷川台福祉園", "address": "東京都練馬区氷川台2-16-2", "category": "福祉避難所", "source": "練馬区「福祉避難所一覧」PDF（避難拠点運営の手引 令和3年一部改訂版 資料編 p.80、02kyotentebiki80.pdf、令和3年4月1日現在）掲載元: https://www.city.nerima.tokyo.jp/kurashi/bosai/jishinsonae/hinankyoten.html PDF: https://www.city.nerima.tokyo.jp/kurashi/bosai/jishinsonae/hinankyoten.files/02kyotentebiki80.pdf", "license": null, "updated": "令和3年4月1日現在"}, "geometry": {"type": "Point", "coordinates": [139.668015, 35.756405]}}, {"type": "Feature", "properties": {"muni": "練馬区", "name": "練馬キングス・ガーデンデイサービスセンター", "address": "東京都練馬区早宮2-10-22", "category": "福祉避難所", "source": "練馬区「福祉避難所一覧」PDF（避難拠点運営の手引 令和3年一部改訂版 資料編 p.80、02kyotentebiki80.pdf、令和3年4月1日現在）掲載元: https://www.city.nerima.tokyo.jp/kurashi/bosai/jishinsonae/hinankyoten.html PDF: https://www.city.nerima.tokyo.jp/kurashi/bosai/jishinsonae/hinankyoten.files/02kyotentebiki80.pdf", "license": null, "updated": "令和3年4月1日現在"}, "geometry": {"type": "Point", "coordinates": [139.65329, 35.75526]}}, {"type": "Feature", "properties": {"muni": "練馬区", "name": "練馬高松園デイサービスセンター", "address": "東京都練馬区高松2-9-3", "category": "福祉避難所", "source": "練馬区「福祉避難所一覧」PDF（避難拠点運営の手引 令和3年一部改訂版 資料編 p.80、02kyotentebiki80.pdf、令和3年4月1日現在）掲載元: https://www.city.nerima.tokyo.jp/kurashi/bosai/jishinsonae/hinankyoten.html PDF: https://www.city.nerima.tokyo.jp/kurashi/bosai/jishinsonae/hinankyoten.files/02kyotentebiki80.pdf", "license": null, "updated": "令和3年4月1日現在"}, "geometry": {"type": "Point", "coordinates": [139.630127, 35.746502]}}, {"type": "Feature", "properties": {"muni": "練馬区", "name": "高松デイサービスセンター", "address": "東京都練馬区高松6-3-24", "category": "福祉避難所", "source": "練馬区「福祉避難所一覧」PDF（避難拠点運営の手引 令和3年一部改訂版 資料編 p.80、02kyotentebiki80.pdf、令和3年4月1日現在）掲載元: https://www.city.nerima.tokyo.jp/kurashi/bosai/jishinsonae/hinankyoten.html PDF: https://www.city.nerima.tokyo.jp/kurashi/bosai/jishinsonae/hinankyoten.files/02kyotentebiki80.pdf", "license": null, "updated": "令和3年4月1日現在"}, "geometry": {"type": "Point", "coordinates": [139.619888, 35.756756]}}, {"type": "Feature", "properties": {"muni": "練馬区", "name": "都立練馬特別支援学校", "address": "東京都練馬区高松6-17-1", "category": "福祉避難所", "source": "練馬区「福祉避難所一覧」PDF（避難拠点運営の手引 令和3年一部改訂版 資料編 p.80、02kyotentebiki80.pdf、令和3年4月1日現在）掲載元: https://www.city.nerima.tokyo.jp/kurashi/bosai/jishinsonae/hinankyoten.html PDF: https://www.city.nerima.tokyo.jp/kurashi/bosai/jishinsonae/hinankyoten.files/02kyotentebiki80.pdf", "license": null, "updated": "令和3年4月1日現在"}, "geometry": {"type": "Point", "coordinates": [139.614532, 35.75856]}}, {"type": "Feature", "properties": {"muni": "練馬区", "name": "デイサービスセンターさくらの苑", "address": "東京都練馬区北町8-21-19", "category": "福祉避難所", "source": "練馬区「福祉避難所一覧」PDF（避難拠点運営の手引 令和3年一部改訂版 資料編 p.80、02kyotentebiki80.pdf、令和3年4月1日現在）掲載元: https://www.city.nerima.tokyo.jp/kurashi/bosai/jishinsonae/hinankyoten.html PDF: https://www.city.nerima.tokyo.jp/kurashi/bosai/jishinsonae/hinankyoten.files/02kyotentebiki80.pdf", "license": null, "updated": "令和3年4月1日現在"}, "geometry": {"type": "Point", "coordinates": [139.651093, 35.767475]}}, {"type": "Feature", "properties": {"muni": "練馬区", "name": "田柄福祉園", "address": "東京都練馬区田柄3-14-9", "category": "福祉避難所", "source": "練馬区「福祉避難所一覧」PDF（避難拠点運営の手引 令和3年一部改訂版 資料編 p.80、02kyotentebiki80.pdf、令和3年4月1日現在）掲載元: https://www.city.nerima.tokyo.jp/kurashi/bosai/jishinsonae/hinankyoten.html PDF: https://www.city.nerima.tokyo.jp/kurashi/bosai/jishinsonae/hinankyoten.files/02kyotentebiki80.pdf", "license": null, "updated": "令和3年4月1日現在"}, "geometry": {"type": "Point", "coordinates": [139.63562, 35.75988]}}, {"type": "Feature", "properties": {"muni": "練馬区", "name": "田柄デイサービスセンター", "address": "東京都練馬区田柄4-12-10", "category": "福祉避難所", "source": "練馬区「福祉避難所一覧」PDF（避難拠点運営の手引 令和3年一部改訂版 資料編 p.80、02kyotentebiki80.pdf、令和3年4月1日現在）掲載元: https://www.city.nerima.tokyo.jp/kurashi/bosai/jishinsonae/hinankyoten.html PDF: https://www.city.nerima.tokyo.jp/kurashi/bosai/jishinsonae/hinankyoten.files/02kyotentebiki80.pdf", "license": null, "updated": "令和3年4月1日現在"}, "geometry": {"type": "Point", "coordinates": [139.635559, 35.76297]}}, {"type": "Feature", "properties": {"muni": "練馬区", "name": "光が丘福祉園", "address": "東京都練馬区光が丘2-4-10", "category": "福祉避難所", "source": "練馬区「福祉避難所一覧」PDF（避難拠点運営の手引 令和3年一部改訂版 資料編 p.80、02kyotentebiki80.pdf、令和3年4月1日現在）掲載元: https://www.city.nerima.tokyo.jp/kurashi/bosai/jishinsonae/hinankyoten.html PDF: https://www.city.nerima.tokyo.jp/kurashi/bosai/jishinsonae/hinankyoten.files/02kyotentebiki80.pdf", "license": null, "updated": "令和3年4月1日現在"}, "geometry": {"type": "Point", "coordinates": [139.631653, 35.763229]}}, {"type": "Feature", "properties": {"muni": "練馬区", "name": "光が丘デイサービスセンター", "address": "東京都練馬区光が丘2-9-6", "category": "福祉避難所", "source": "練馬区「福祉避難所一覧」PDF（避難拠点運営の手引 令和3年一部改訂版 資料編 p.80、02kyotentebiki80.pdf、令和3年4月1日現在）掲載元: https://www.city.nerima.tokyo.jp/kurashi/bosai/jishinsonae/hinankyoten.html PDF: https://www.city.nerima.tokyo.jp/kurashi/bosai/jishinsonae/hinankyoten.files/02kyotentebiki80.pdf", "license": null, "updated": "令和3年4月1日現在"}, "geometry": {"type": "Point", "coordinates": [139.630356, 35.75914]}}, {"type": "Feature", "properties": {"muni": "練馬区", "name": "第3育秀苑デイサービスセンター", "address": "東京都練馬区土支田1-31-5", "category": "福祉避難所", "source": "練馬区「福祉避難所一覧」PDF（避難拠点運営の手引 令和3年一部改訂版 資料編 p.80、02kyotentebiki80.pdf、令和3年4月1日現在）掲載元: https://www.city.nerima.tokyo.jp/kurashi/bosai/jishinsonae/hinankyoten.html PDF: https://www.city.nerima.tokyo.jp/kurashi/bosai/jishinsonae/hinankyoten.files/02kyotentebiki80.pdf", "license": null, "updated": "令和3年4月1日現在"}, "geometry": {"type": "Point", "coordinates": [139.617767, 35.766136]}}, {"type": "Feature", "properties": {"muni": "練馬区", "name": "土支田デイサービスセンター", "address": "東京都練馬区土支田2-40-18", "category": "福祉避難所", "source": "練馬区「福祉避難所一覧」PDF（避難拠点運営の手引 令和3年一部改訂版 資料編 p.80、02kyotentebiki80.pdf、令和3年4月1日現在）掲載元: https://www.city.nerima.tokyo.jp/kurashi/bosai/jishinsonae/hinankyoten.html PDF: https://www.city.nerima.tokyo.jp/kurashi/bosai/jishinsonae/hinankyoten.files/02kyotentebiki80.pdf", "license": null, "updated": "令和3年4月1日現在"}, "geometry": {"type": "Point", "coordinates": [139.611206, 35.764351]}}, {"type": "Feature", "properties": {"muni": "練馬区", "name": "老人デイサービスセンター土支田創生苑", "address": "東京都練馬区土支田3-4-20", "category": "福祉避難所", "source": "練馬区「福祉避難所一覧」PDF（避難拠点運営の手引 令和3年一部改訂版 資料編 p.80、02kyotentebiki80.pdf、令和3年4月1日現在）掲載元: https://www.city.nerima.tokyo.jp/kurashi/bosai/jishinsonae/hinankyoten.html PDF: https://www.city.nerima.tokyo.jp/kurashi/bosai/jishinsonae/hinankyoten.files/02kyotentebiki80.pdf", "license": null, "updated": "令和3年4月1日現在"}, "geometry": {"type": "Point", "coordinates": [139.610306, 35.759609]}}, {"type": "Feature", "properties": {"muni": "練馬区", "name": "富士見台デイサービスセンター", "address": "東京都練馬区富士見台1-22-4", "category": "福祉避難所", "source": "練馬区「福祉避難所一覧」PDF（避難拠点運営の手引 令和3年一部改訂版 資料編 p.80、02kyotentebiki80.pdf、令和3年4月1日現在）掲載元: https://www.city.nerima.tokyo.jp/kurashi/bosai/jishinsonae/hinankyoten.html PDF: https://www.city.nerima.tokyo.jp/kurashi/bosai/jishinsonae/hinankyoten.files/02kyotentebiki80.pdf", "license": null, "updated": "令和3年4月1日現在"}, "geometry": {"type": "Point", "coordinates": [139.621216, 35.733025]}}, {"type": "Feature", "properties": {"muni": "練馬区", "name": "高野台デイサービスセンター", "address": "東京都練馬区高野台5-24-1", "category": "福祉避難所", "source": "練馬区「福祉避難所一覧」PDF（避難拠点運営の手引 令和3年一部改訂版 資料編 p.80、02kyotentebiki80.pdf、令和3年4月1日現在）掲載元: https://www.city.nerima.tokyo.jp/kurashi/bosai/jishinsonae/hinankyoten.html PDF: https://www.city.nerima.tokyo.jp/kurashi/bosai/jishinsonae/hinankyoten.files/02kyotentebiki80.pdf", "license": null, "updated": "令和3年4月1日現在"}, "geometry": {"type": "Point", "coordinates": [139.609665, 35.746582]}}, {"type": "Feature", "properties": {"muni": "練馬区", "name": "石神井町福祉園", "address": "東京都練馬区石神井町2-12-5", "category": "福祉避難所", "source": "練馬区「福祉避難所一覧」PDF（避難拠点運営の手引 令和3年一部改訂版 資料編 p.80、02kyotentebiki80.pdf、令和3年4月1日現在）掲載元: https://www.city.nerima.tokyo.jp/kurashi/bosai/jishinsonae/hinankyoten.html PDF: https://www.city.nerima.tokyo.jp/kurashi/bosai/jishinsonae/hinankyoten.files/02kyotentebiki80.pdf", "license": null, "updated": "令和3年4月1日現在"}, "geometry": {"type": "Point", "coordinates": [139.610489, 35.744629]}}, {"type": "Feature", "properties": {"muni": "練馬区", "name": "石神井特別支援学校", "address": "東京都練馬区石神井台8-20-35", "category": "福祉避難所", "source": "練馬区「福祉避難所一覧」PDF（避難拠点運営の手引 令和3年一部改訂版 資料編 p.80、02kyotentebiki80.pdf、令和3年4月1日現在）掲載元: https://www.city.nerima.tokyo.jp/kurashi/bosai/jishinsonae/hinankyoten.html PDF: https://www.city.nerima.tokyo.jp/kurashi/bosai/jishinsonae/hinankyoten.files/02kyotentebiki80.pdf", "license": null, "updated": "令和3年4月1日現在"}, "geometry": {"type": "Point", "coordinates": [139.581131, 35.737221]}}, {"type": "Feature", "properties": {"muni": "練馬区", "name": "特別養護老人ホーム上石神井幸朋苑", "address": "東京都練馬区上石神井3-2-18", "category": "福祉避難所", "source": "練馬区「福祉避難所一覧」PDF（避難拠点運営の手引 令和3年一部改訂版 資料編 p.80、02kyotentebiki80.pdf、令和3年4月1日現在）掲載元: https://www.city.nerima.tokyo.jp/kurashi/bosai/jishinsonae/hinankyoten.html PDF: https://www.city.nerima.tokyo.jp/kurashi/bosai/jishinsonae/hinankyoten.files/02kyotentebiki80.pdf", "license": null, "updated": "令和3年4月1日現在"}, "geometry": {"type": "Point", "coordinates": [139.597122, 35.73077]}}, {"type": "Feature", "properties": {"muni": "練馬区", "name": "デイサービスセンターフローラ石神井公園", "address": "東京都練馬区下石神井3-6-13", "category": "福祉避難所", "source": "練馬区「福祉避難所一覧」PDF（避難拠点運営の手引 令和3年一部改訂版 資料編 p.80、02kyotentebiki80.pdf、令和3年4月1日現在）掲載元: https://www.city.nerima.tokyo.jp/kurashi/bosai/jishinsonae/hinankyoten.html PDF: https://www.city.nerima.tokyo.jp/kurashi/bosai/jishinsonae/hinankyoten.files/02kyotentebiki80.pdf", "license": null, "updated": "令和3年4月1日現在"}, "geometry": {"type": "Point", "coordinates": [139.606552, 35.733494]}}, {"type": "Feature", "properties": {"muni": "練馬区", "name": "大泉デイサービスセンター", "address": "東京都練馬区東大泉2-11-21", "category": "福祉避難所", "source": "練馬区「福祉避難所一覧」PDF（避難拠点運営の手引 令和3年一部改訂版 資料編 p.80、02kyotentebiki80.pdf、令和3年4月1日現在）掲載元: https://www.city.nerima.tokyo.jp/kurashi/bosai/jishinsonae/hinankyoten.html PDF: https://www.city.nerima.tokyo.jp/kurashi/bosai/jishinsonae/hinankyoten.files/02kyotentebiki80.pdf", "license": null, "updated": "令和3年4月1日現在"}, "geometry": {"type": "Point", "coordinates": [139.596146, 35.750656]}}, {"type": "Feature", "properties": {"muni": "練馬区", "name": "東大泉デイサービスセンター", "address": "東京都練馬区東大泉5-15-2", "category": "福祉避難所", "source": "練馬区「福祉避難所一覧」PDF（避難拠点運営の手引 令和3年一部改訂版 資料編 p.80、02kyotentebiki80.pdf、令和3年4月1日現在）掲載元: https://www.city.nerima.tokyo.jp/kurashi/bosai/jishinsonae/hinankyoten.html PDF: https://www.city.nerima.tokyo.jp/kurashi/bosai/jishinsonae/hinankyoten.files/02kyotentebiki80.pdf", "license": null, "updated": "令和3年4月1日現在"}, "geometry": {"type": "Point", "coordinates": [139.58963, 35.743916]}}, {"type": "Feature", "properties": {"muni": "練馬区", "name": "光陽苑デイサービスセンター", "address": "東京都練馬区西大泉5-21-2", "category": "福祉避難所", "source": "練馬区「福祉避難所一覧」PDF（避難拠点運営の手引 令和3年一部改訂版 資料編 p.80、02kyotentebiki80.pdf、令和3年4月1日現在）掲載元: https://www.city.nerima.tokyo.jp/kurashi/bosai/jishinsonae/hinankyoten.html PDF: https://www.city.nerima.tokyo.jp/kurashi/bosai/jishinsonae/hinankyoten.files/02kyotentebiki80.pdf", "license": null, "updated": "令和3年4月1日現在"}, "geometry": {"type": "Point", "coordinates": [139.569611, 35.756702]}}, {"type": "Feature", "properties": {"muni": "練馬区", "name": "大泉町福祉園", "address": "東京都練馬区大泉町3-29-20", "category": "福祉避難所", "source": "練馬区「福祉避難所一覧」PDF（避難拠点運営の手引 令和3年一部改訂版 資料編 p.80、02kyotentebiki80.pdf、令和3年4月1日現在）掲載元: https://www.city.nerima.tokyo.jp/kurashi/bosai/jishinsonae/hinankyoten.html PDF: https://www.city.nerima.tokyo.jp/kurashi/bosai/jishinsonae/hinankyoten.files/02kyotentebiki80.pdf", "license": null, "updated": "令和3年4月1日現在"}, "geometry": {"type": "Point", "coordinates": [139.597183, 35.767265]}}, {"type": "Feature", "properties": {"muni": "練馬区", "name": "やすらぎミラージュデイサービスセンター", "address": "東京都練馬区大泉町4-24-7", "category": "福祉避難所", "source": "練馬区「福祉避難所一覧」PDF（避難拠点運営の手引 令和3年一部改訂版 資料編 p.80、02kyotentebiki80.pdf、令和3年4月1日現在）掲載元: https://www.city.nerima.tokyo.jp/kurashi/bosai/jishinsonae/hinankyoten.html PDF: https://www.city.nerima.tokyo.jp/kurashi/bosai/jishinsonae/hinankyoten.files/02kyotentebiki80.pdf", "license": null, "updated": "令和3年4月1日現在"}, "geometry": {"type": "Point", "coordinates": [139.597153, 35.762409]}}, {"type": "Feature", "properties": {"muni": "練馬区", "name": "大泉学園デイサービスセンター", "address": "東京都練馬区大泉学園町2-20-21", "category": "福祉避難所", "source": "練馬区「福祉避難所一覧」PDF（避難拠点運営の手引 令和3年一部改訂版 資料編 p.80、02kyotentebiki80.pdf、令和3年4月1日現在）掲載元: https://www.city.nerima.tokyo.jp/kurashi/bosai/jishinsonae/hinankyoten.html PDF: https://www.city.nerima.tokyo.jp/kurashi/bosai/jishinsonae/hinankyoten.files/02kyotentebiki80.pdf", "license": null, "updated": "令和3年4月1日現在"}, "geometry": {"type": "Point", "coordinates": [139.587418, 35.759933]}}, {"type": "Feature", "properties": {"muni": "練馬区", "name": "大泉学園町福祉園", "address": "東京都練馬区大泉学園町3-9-20", "category": "福祉避難所", "source": "練馬区「福祉避難所一覧」PDF（避難拠点運営の手引 令和3年一部改訂版 資料編 p.80、02kyotentebiki80.pdf、令和3年4月1日現在）掲載元: https://www.city.nerima.tokyo.jp/kurashi/bosai/jishinsonae/hinankyoten.html PDF: https://www.city.nerima.tokyo.jp/kurashi/bosai/jishinsonae/hinankyoten.files/02kyotentebiki80.pdf", "license": null, "updated": "令和3年4月1日現在"}, "geometry": {"type": "Point", "coordinates": [139.581955, 35.761078]}}, {"type": "Feature", "properties": {"muni": "練馬区", "name": "やすらぎ舎デイサービスセンター", "address": "東京都練馬区大泉学園町7-12-32", "category": "福祉避難所", "source": "練馬区「福祉避難所一覧」PDF（避難拠点運営の手引 令和3年一部改訂版 資料編 p.80、02kyotentebiki80.pdf、令和3年4月1日現在）掲載元: https://www.city.nerima.tokyo.jp/kurashi/bosai/jishinsonae/hinankyoten.html PDF: https://www.city.nerima.tokyo.jp/kurashi/bosai/jishinsonae/hinankyoten.files/02kyotentebiki80.pdf", "license": null, "updated": "令和3年4月1日現在"}, "geometry": {"type": "Point", "coordinates": [139.591293, 35.773228]}}, {"type": "Feature", "properties": {"muni": "練馬区", "name": "大泉特別支援学校", "address": "東京都練馬区大泉学園町9-3-1", "category": "福祉避難所", "source": "練馬区「福祉避難所一覧」PDF（避難拠点運営の手引 令和3年一部改訂版 資料編 p.80、02kyotentebiki80.pdf、令和3年4月1日現在）掲載元: https://www.city.nerima.tokyo.jp/kurashi/bosai/jishinsonae/hinankyoten.html PDF: https://www.city.nerima.tokyo.jp/kurashi/bosai/jishinsonae/hinankyoten.files/02kyotentebiki80.pdf", "license": null, "updated": "令和3年4月1日現在"}, "geometry": {"type": "Point", "coordinates": [139.592804, 35.775917]}}, {"type": "Feature", "properties": {"muni": "練馬区", "name": "練馬福祉園", "address": "東京都練馬区大泉学園町9-4-1", "category": "福祉避難所", "source": "練馬区「福祉避難所一覧」PDF（避難拠点運営の手引 令和3年一部改訂版 資料編 p.80、02kyotentebiki80.pdf、令和3年4月1日現在）掲載元: https://www.city.nerima.tokyo.jp/kurashi/bosai/jishinsonae/hinankyoten.html PDF: https://www.city.nerima.tokyo.jp/kurashi/bosai/jishinsonae/hinankyoten.files/02kyotentebiki80.pdf", "license": null, "updated": "令和3年4月1日現在"}, "geometry": {"type": "Point", "coordinates": [139.598526, 35.774788]}}, {"type": "Feature", "properties": {"muni": "練馬区", "name": "やすらぎの杜", "address": "東京都練馬区関町北5-7-10", "category": "福祉避難所", "source": "練馬区「福祉避難所一覧」PDF（避難拠点運営の手引 令和3年一部改訂版 資料編 p.80、02kyotentebiki80.pdf、令和3年4月1日現在）掲載元: https://www.city.nerima.tokyo.jp/kurashi/bosai/jishinsonae/hinankyoten.html PDF: https://www.city.nerima.tokyo.jp/kurashi/bosai/jishinsonae/hinankyoten.files/02kyotentebiki80.pdf", "license": null, "updated": "令和3年4月1日現在"}, "geometry": {"type": "Point", "coordinates": [139.571381, 35.731972]}}, {"type": "Feature", "properties": {"muni": "練馬区", "name": "第二光陽苑デイサービスセンター", "address": "東京都練馬区関町北5-7-22", "category": "福祉避難所", "source": "練馬区「福祉避難所一覧」PDF（避難拠点運営の手引 令和3年一部改訂版 資料編 p.80、02kyotentebiki80.pdf、令和3年4月1日現在）掲載元: https://www.city.nerima.tokyo.jp/kurashi/bosai/jishinsonae/hinankyoten.html PDF: https://www.city.nerima.tokyo.jp/kurashi/bosai/jishinsonae/hinankyoten.files/02kyotentebiki80.pdf", "license": null, "updated": "令和3年4月1日現在"}, "geometry": {"type": "Point", "coordinates": [139.571793, 35.732861]}}, {"type": "Feature", "properties": {"muni": "練馬区", "name": "関町福祉園", "address": "東京都練馬区関町南3-15-35", "category": "福祉避難所", "source": "練馬区「福祉避難所一覧」PDF（避難拠点運営の手引 令和3年一部改訂版 資料編 p.80、02kyotentebiki80.pdf、令和3年4月1日現在）掲載元: https://www.city.nerima.tokyo.jp/kurashi/bosai/jishinsonae/hinankyoten.html PDF: https://www.city.nerima.tokyo.jp/kurashi/bosai/jishinsonae/hinankyoten.files/02kyotentebiki80.pdf", "license": null, "updated": "令和3年4月1日現在"}, "geometry": {"type": "Point", "coordinates": [139.579742, 35.722481]}}, {"type": "Feature", "properties": {"muni": "練馬区", "name": "関町デイサービスセンター", "address": "東京都練馬区関町南4-9-28", "category": "福祉避難所", "source": "練馬区「福祉避難所一覧」PDF（避難拠点運営の手引 令和3年一部改訂版 資料編 p.80、02kyotentebiki80.pdf、令和3年4月1日現在）掲載元: https://www.city.nerima.tokyo.jp/kurashi/bosai/jishinsonae/hinankyoten.html PDF: https://www.city.nerima.tokyo.jp/kurashi/bosai/jishinsonae/hinankyoten.files/02kyotentebiki80.pdf", "license": null, "updated": "令和3年4月1日現在"}, "geometry": {"type": "Point", "coordinates": [139.574387, 35.722294]}}, {"type": "Feature", "properties": {"muni": "葛飾区", "name": "地域福祉・障害者センター（ウェルピアかつしか）", "address": "東京都葛飾区堀切三丁目34-1", "category": "福祉避難所（第２順位：憩い交流館、高齢者施設及び障害者施設等）", "source": "葛飾区公式PDF「福祉避難所（第２順位　憩い交流館、高齢者施設及び障害者施設等）一覧」(https://www.city.katsushika.lg.jp/_res/projects/default_project/_page_/001/021/421/fukushi.pdf) 掲載元: 葛飾区防災ページ内リンク", "license": null, "updated": null}, "geometry": {"type": "Point", "coordinates": [139.834457, 35.744019]}}, {"type": "Feature", "properties": {"muni": "葛飾区", "name": "水元特別支援学校", "address": "東京都葛飾区西水元五丁目2-1", "category": "福祉避難所（第２順位：憩い交流館、高齢者施設及び障害者施設等）", "source": "葛飾区公式PDF「福祉避難所（第２順位　憩い交流館、高齢者施設及び障害者施設等）一覧」(https://www.city.katsushika.lg.jp/_res/projects/default_project/_page_/001/021/421/fukushi.pdf) 掲載元: 葛飾区防災ページ内リンク", "license": null, "updated": null}, "geometry": {"type": "Point", "coordinates": [139.853622, 35.783672]}}, {"type": "Feature", "properties": {"muni": "葛飾区", "name": "葛飾特別支援学校", "address": "東京都葛飾区金町二丁目14-1", "category": "福祉避難所（第２順位：憩い交流館、高齢者施設及び障害者施設等）", "source": "葛飾区公式PDF「福祉避難所（第２順位　憩い交流館、高齢者施設及び障害者施設等）一覧」(https://www.city.katsushika.lg.jp/_res/projects/default_project/_page_/001/021/421/fukushi.pdf) 掲載元: 葛飾区防災ページ内リンク", "license": null, "updated": null}, "geometry": {"type": "Point", "coordinates": [139.870636, 35.763508]}}, {"type": "Feature", "properties": {"muni": "葛飾区", "name": "葛飾盲学校", "address": "東京都葛飾区堀切七丁目31-5", "category": "福祉避難所（第２順位：憩い交流館、高齢者施設及び障害者施設等）", "source": "葛飾区公式PDF「福祉避難所（第２順位　憩い交流館、高齢者施設及び障害者施設等）一覧」(https://www.city.katsushika.lg.jp/_res/projects/default_project/_page_/001/021/421/fukushi.pdf) 掲載元: 葛飾区防災ページ内リンク", "license": null, "updated": null}, "geometry": {"type": "Point", "coordinates": [139.828857, 35.756252]}}, {"type": "Feature", "properties": {"muni": "葛飾区", "name": "葛飾ろう学校", "address": "東京都葛飾区西亀有二丁目58-1", "category": "福祉避難所（第２順位：憩い交流館、高齢者施設及び障害者施設等）", "source": "葛飾区公式PDF「福祉避難所（第２順位　憩い交流館、高齢者施設及び障害者施設等）一覧」(https://www.city.katsushika.lg.jp/_res/projects/default_project/_page_/001/021/421/fukushi.pdf) 掲載元: 葛飾区防災ページ内リンク", "license": null, "updated": null}, "geometry": {"type": "Point", "coordinates": [139.832306, 35.763496]}}, {"type": "Feature", "properties": {"muni": "葛飾区", "name": "水元そよかぜ園", "address": "東京都葛飾区水元五丁目16-11", "category": "福祉避難所（第２順位：憩い交流館、高齢者施設及び障害者施設等）", "source": "葛飾区公式PDF「福祉避難所（第２順位　憩い交流館、高齢者施設及び障害者施設等）一覧」(https://www.city.katsushika.lg.jp/_res/projects/default_project/_page_/001/021/421/fukushi.pdf) 掲載元: 葛飾区防災ページ内リンク", "license": null, "updated": null}, "geometry": {"type": "Point", "coordinates": [139.862976, 35.789547]}}, {"type": "Feature", "properties": {"muni": "葛飾区", "name": "きね川福祉作業所", "address": "東京都葛飾区東四つ木三丁目8-10", "category": "福祉避難所（第２順位：憩い交流館、高齢者施設及び障害者施設等）", "source": "葛飾区公式PDF「福祉避難所（第２順位　憩い交流館、高齢者施設及び障害者施設等）一覧」(https://www.city.katsushika.lg.jp/_res/projects/default_project/_page_/001/021/421/fukushi.pdf) 掲載元: 葛飾区防災ページ内リンク", "license": null, "updated": null}, "geometry": {"type": "Point", "coordinates": [139.838226, 35.729691]}}, {"type": "Feature", "properties": {"muni": "葛飾区", "name": "高砂福祉館", "address": "東京都葛飾区高砂五丁目10-1", "category": "福祉避難所（第２順位：憩い交流館、高齢者施設及び障害者施設等）", "source": "葛飾区公式PDF「福祉避難所（第２順位　憩い交流館、高齢者施設及び障害者施設等）一覧」(https://www.city.katsushika.lg.jp/_res/projects/default_project/_page_/001/021/421/fukushi.pdf) 掲載元: 葛飾区防災ページ内リンク", "license": null, "updated": null}, "geometry": {"type": "Point", "coordinates": [139.863937, 35.751698]}}, {"type": "Feature", "properties": {"muni": "葛飾区", "name": "鎌倉福祉館", "address": "東京都葛飾区鎌倉三丁目7-1", "category": "福祉避難所（第２順位：憩い交流館、高齢者施設及び障害者施設等）", "source": "葛飾区公式PDF「福祉避難所（第２順位　憩い交流館、高齢者施設及び障害者施設等）一覧」(https://www.city.katsushika.lg.jp/_res/projects/default_project/_page_/001/021/421/fukushi.pdf) 掲載元: 葛飾区防災ページ内リンク", "license": null, "updated": null}, "geometry": {"type": "Point", "coordinates": [139.874969, 35.749119]}}, {"type": "Feature", "properties": {"muni": "葛飾区", "name": "奥戸福祉館", "address": "東京都葛飾区奥戸三丁目17-4-101", "category": "福祉避難所（第２順位：憩い交流館、高齢者施設及び障害者施設等）", "source": "葛飾区公式PDF「福祉避難所（第２順位　憩い交流館、高齢者施設及び障害者施設等）一覧」(https://www.city.katsushika.lg.jp/_res/projects/default_project/_page_/001/021/421/fukushi.pdf) 掲載元: 葛飾区防災ページ内リンク", "license": null, "updated": null}, "geometry": {"type": "Point", "coordinates": [139.860687, 35.730217]}}, {"type": "Feature", "properties": {"muni": "葛飾区", "name": "西水元福祉館", "address": "東京都葛飾区西水元三丁目11-1", "category": "福祉避難所（第２順位：憩い交流館、高齢者施設及び障害者施設等）", "source": "葛飾区公式PDF「福祉避難所（第２順位　憩い交流館、高齢者施設及び障害者施設等）一覧」(https://www.city.katsushika.lg.jp/_res/projects/default_project/_page_/001/021/421/fukushi.pdf) 掲載元: 葛飾区防災ページ内リンク", "license": null, "updated": null}, "geometry": {"type": "Point", "coordinates": [139.846756, 35.788319]}}, {"type": "Feature", "properties": {"muni": "葛飾区", "name": "白鳥福祉館", "address": "東京都葛飾区白鳥四丁目8-1", "category": "福祉避難所（第２順位：憩い交流館、高齢者施設及び障害者施設等）", "source": "葛飾区公式PDF「福祉避難所（第２順位　憩い交流館、高齢者施設及び障害者施設等）一覧」(https://www.city.katsushika.lg.jp/_res/projects/default_project/_page_/001/021/421/fukushi.pdf) 掲載元: 葛飾区防災ページ内リンク", "license": null, "updated": null}, "geometry": {"type": "Point", "coordinates": [139.846313, 35.752228]}}, {"type": "Feature", "properties": {"muni": "葛飾区", "name": "東堀切くすのき園", "address": "東京都葛飾区東堀切一丁目21-3", "category": "福祉避難所（第２順位：憩い交流館、高齢者施設及び障害者施設等）", "source": "葛飾区公式PDF「福祉避難所（第２順位　憩い交流館、高齢者施設及び障害者施設等）一覧」(https://www.city.katsushika.lg.jp/_res/projects/default_project/_page_/001/021/421/fukushi.pdf) 掲載元: 葛飾区防災ページ内リンク", "license": null, "updated": null}, "geometry": {"type": "Point", "coordinates": [139.83606, 35.749203]}}, {"type": "Feature", "properties": {"muni": "葛飾区", "name": "水元ふれあいの家", "address": "東京都葛飾区水元一丁目26-20", "category": "福祉避難所（第２順位：憩い交流館、高齢者施設及び障害者施設等）", "source": "葛飾区公式PDF「福祉避難所（第２順位　憩い交流館、高齢者施設及び障害者施設等）一覧」(https://www.city.katsushika.lg.jp/_res/projects/default_project/_page_/001/021/421/fukushi.pdf) 掲載元: 葛飾区防災ページ内リンク", "license": null, "updated": null}, "geometry": {"type": "Point", "coordinates": [139.860046, 35.783394]}}, {"type": "Feature", "properties": {"muni": "葛飾区", "name": "奥戸くつろぎの郷", "address": "東京都葛飾区奥戸三丁目25-1", "category": "福祉避難所（第２順位：憩い交流館、高齢者施設及び障害者施設等）", "source": "葛飾区公式PDF「福祉避難所（第２順位　憩い交流館、高齢者施設及び障害者施設等）一覧」(https://www.city.katsushika.lg.jp/_res/projects/default_project/_page_/001/021/421/fukushi.pdf) 掲載元: 葛飾区防災ページ内リンク", "license": null, "updated": null}, "geometry": {"type": "Point", "coordinates": [139.862503, 35.732151]}}, {"type": "Feature", "properties": {"muni": "葛飾区", "name": "東四つ木ほほえみの里", "address": "東京都葛飾区東四つ木二丁目27-1", "category": "福祉避難所（第２順位：憩い交流館、高齢者施設及び障害者施設等）", "source": "葛飾区公式PDF「福祉避難所（第２順位　憩い交流館、高齢者施設及び障害者施設等）一覧」(https://www.city.katsushika.lg.jp/_res/projects/default_project/_page_/001/021/421/fukushi.pdf) 掲載元: 葛飾区防災ページ内リンク", "license": null, "updated": null}, "geometry": {"type": "Point", "coordinates": [139.843918, 35.73225]}}, {"type": "Feature", "properties": {"muni": "葛飾区", "name": "西水元あやめ園", "address": "東京都葛飾区西水元二丁目2-8", "category": "福祉避難所（第２順位：憩い交流館、高齢者施設及び障害者施設等）", "source": "葛飾区公式PDF「福祉避難所（第２順位　憩い交流館、高齢者施設及び障害者施設等）一覧」(https://www.city.katsushika.lg.jp/_res/projects/default_project/_page_/001/021/421/fukushi.pdf) 掲載元: 葛飾区防災ページ内リンク", "license": null, "updated": null}, "geometry": {"type": "Point", "coordinates": [139.849152, 35.785263]}}, {"type": "Feature", "properties": {"muni": "葛飾区", "name": "シニア活動支援センター", "address": "東京都葛飾区立石六丁目38-11", "category": "福祉避難所（第２順位：憩い交流館、高齢者施設及び障害者施設等）", "source": "葛飾区公式PDF「福祉避難所（第２順位　憩い交流館、高齢者施設及び障害者施設等）一覧」(https://www.city.katsushika.lg.jp/_res/projects/default_project/_page_/001/021/421/fukushi.pdf) 掲載元: 葛飾区防災ページ内リンク", "license": null, "updated": null}, "geometry": {"type": "Point", "coordinates": [139.854538, 35.743801]}}, {"type": "Feature", "properties": {"muni": "葛飾区", "name": "堀切憩い交流館", "address": "東京都葛飾区堀切一丁目23-6", "category": "福祉避難所（第２順位：憩い交流館、高齢者施設及び障害者施設等）", "source": "葛飾区公式PDF「福祉避難所（第２順位　憩い交流館、高齢者施設及び障害者施設等）一覧」(https://www.city.katsushika.lg.jp/_res/projects/default_project/_page_/001/021/421/fukushi.pdf) 掲載元: 葛飾区防災ページ内リンク", "license": null, "updated": null}, "geometry": {"type": "Point", "coordinates": [139.829193, 35.740402]}}, {"type": "Feature", "properties": {"muni": "葛飾区", "name": "柴又憩い交流館", "address": "東京都葛飾区柴又二丁目4-5", "category": "福祉避難所（第２順位：憩い交流館、高齢者施設及び障害者施設等）", "source": "葛飾区公式PDF「福祉避難所（第２順位　憩い交流館、高齢者施設及び障害者施設等）一覧」(https://www.city.katsushika.lg.jp/_res/projects/default_project/_page_/001/021/421/fukushi.pdf) 掲載元: 葛飾区防災ページ内リンク", "license": null, "updated": null}, "geometry": {"type": "Point", "coordinates": [139.870041, 35.757923]}}, {"type": "Feature", "properties": {"muni": "葛飾区", "name": "中道憩い交流館", "address": "東京都葛飾区西亀有一丁目2-7", "category": "福祉避難所（第２順位：憩い交流館、高齢者施設及び障害者施設等）", "source": "葛飾区公式PDF「福祉避難所（第２順位　憩い交流館、高齢者施設及び障害者施設等）一覧」(https://www.city.katsushika.lg.jp/_res/projects/default_project/_page_/001/021/421/fukushi.pdf) 掲載元: 葛飾区防災ページ内リンク", "license": null, "updated": null}, "geometry": {"type": "Point", "coordinates": [139.836899, 35.756908]}}, {"type": "Feature", "properties": {"muni": "葛飾区", "name": "東金町憩い交流館", "address": "東京都葛飾区東金町五丁目22-18", "category": "福祉避難所（第２順位：憩い交流館、高齢者施設及び障害者施設等）", "source": "葛飾区公式PDF「福祉避難所（第２順位　憩い交流館、高齢者施設及び障害者施設等）一覧」(https://www.city.katsushika.lg.jp/_res/projects/default_project/_page_/001/021/421/fukushi.pdf) 掲載元: 葛飾区防災ページ内リンク", "license": null, "updated": null}, "geometry": {"type": "Point", "coordinates": [139.878052, 35.779144]}}, {"type": "Feature", "properties": {"muni": "葛飾区", "name": "鎌倉憩い交流館", "address": "東京都葛飾区鎌倉二丁目6-20", "category": "福祉避難所（第２順位：憩い交流館、高齢者施設及び障害者施設等）", "source": "葛飾区公式PDF「福祉避難所（第２順位　憩い交流館、高齢者施設及び障害者施設等）一覧」(https://www.city.katsushika.lg.jp/_res/projects/default_project/_page_/001/021/421/fukushi.pdf) 掲載元: 葛飾区防災ページ内リンク", "license": null, "updated": null}, "geometry": {"type": "Point", "coordinates": [139.874863, 35.745243]}}, {"type": "Feature", "properties": {"muni": "葛飾区", "name": "末広憩い交流館", "address": "東京都葛飾区金町五丁目4-1", "category": "福祉避難所（第２順位：憩い交流館、高齢者施設及び障害者施設等）", "source": "葛飾区公式PDF「福祉避難所（第２順位　憩い交流館、高齢者施設及び障害者施設等）一覧」(https://www.city.katsushika.lg.jp/_res/projects/default_project/_page_/001/021/421/fukushi.pdf) 掲載元: 葛飾区防災ページ内リンク", "license": null, "updated": null}, "geometry": {"type": "Point", "coordinates": [139.866241, 35.766102]}}, {"type": "Feature", "properties": {"muni": "葛飾区", "name": "青戸中央憩い交流館", "address": "東京都葛飾区青戸六丁目16-12", "category": "福祉避難所（第２順位：憩い交流館、高齢者施設及び障害者施設等）", "source": "葛飾区公式PDF「福祉避難所（第２順位　憩い交流館、高齢者施設及び障害者施設等）一覧」(https://www.city.katsushika.lg.jp/_res/projects/default_project/_page_/001/021/421/fukushi.pdf) 掲載元: 葛飾区防災ページ内リンク", "license": null, "updated": null}, "geometry": {"type": "Point", "coordinates": [139.857101, 35.753235]}}, {"type": "Feature", "properties": {"muni": "葛飾区", "name": "小菅憩い交流館", "address": "東京都葛飾区小菅三丁目6-1", "category": "福祉避難所（第２順位：憩い交流館、高齢者施設及び障害者施設等）", "source": "葛飾区公式PDF「福祉避難所（第２順位　憩い交流館、高齢者施設及び障害者施設等）一覧」(https://www.city.katsushika.lg.jp/_res/projects/default_project/_page_/001/021/421/fukushi.pdf) 掲載元: 葛飾区防災ページ内リンク", "license": null, "updated": null}, "geometry": {"type": "Point", "coordinates": [139.823441, 35.754517]}}, {"type": "Feature", "properties": {"muni": "葛飾区", "name": "たつみ憩い交流館", "address": "東京都葛飾区西新小岩二丁目1-4", "category": "福祉避難所（第２順位：憩い交流館、高齢者施設及び障害者施設等）", "source": "葛飾区公式PDF「福祉避難所（第２順位　憩い交流館、高齢者施設及び障害者施設等）一覧」(https://www.city.katsushika.lg.jp/_res/projects/default_project/_page_/001/021/421/fukushi.pdf) 掲載元: 葛飾区防災ページ内リンク", "license": null, "updated": null}, "geometry": {"type": "Point", "coordinates": [139.853867, 35.718185]}}, {"type": "Feature", "properties": {"muni": "葛飾区", "name": "新宿憩い交流館", "address": "東京都葛飾区新宿一丁目5-6", "category": "福祉避難所（第２順位：憩い交流館、高齢者施設及び障害者施設等）", "source": "葛飾区公式PDF「福祉避難所（第２順位　憩い交流館、高齢者施設及び障害者施設等）一覧」(https://www.city.katsushika.lg.jp/_res/projects/default_project/_page_/001/021/421/fukushi.pdf) 掲載元: 葛飾区防災ページ内リンク", "license": null, "updated": null}, "geometry": {"type": "Point", "coordinates": [139.85881, 35.759087]}}, {"type": "Feature", "properties": {"muni": "葛飾区", "name": "西奥戸憩い交流館", "address": "東京都葛飾区奥戸一丁目12-1", "category": "福祉避難所（第２順位：憩い交流館、高齢者施設及び障害者施設等）", "source": "葛飾区公式PDF「福祉避難所（第２順位　憩い交流館、高齢者施設及び障害者施設等）一覧」(https://www.city.katsushika.lg.jp/_res/projects/default_project/_page_/001/021/421/fukushi.pdf) 掲載元: 葛飾区防災ページ内リンク", "license": null, "updated": null}, "geometry": {"type": "Point", "coordinates": [139.853989, 35.728798]}}, {"type": "Feature", "properties": {"muni": "葛飾区", "name": "東奥戸憩い交流館", "address": "東京都葛飾区奥戸四丁目20-11", "category": "福祉避難所（第２順位：憩い交流館、高齢者施設及び障害者施設等）", "source": "葛飾区公式PDF「福祉避難所（第２順位　憩い交流館、高齢者施設及び障害者施設等）一覧」(https://www.city.katsushika.lg.jp/_res/projects/default_project/_page_/001/021/421/fukushi.pdf) 掲載元: 葛飾区防災ページ内リンク", "license": null, "updated": null}, "geometry": {"type": "Point", "coordinates": [139.867661, 35.72897]}}, {"type": "Feature", "properties": {"muni": "葛飾区", "name": "宝町憩い交流館", "address": "東京都葛飾区宝町二丁目38-19", "category": "福祉避難所（第２順位：憩い交流館、高齢者施設及び障害者施設等）", "source": "葛飾区公式PDF「福祉避難所（第２順位　憩い交流館、高齢者施設及び障害者施設等）一覧」(https://www.city.katsushika.lg.jp/_res/projects/default_project/_page_/001/021/421/fukushi.pdf) 掲載元: 葛飾区防災ページ内リンク", "license": null, "updated": null}, "geometry": {"type": "Point", "coordinates": [139.837097, 35.74754]}}, {"type": "Feature", "properties": {"muni": "葛飾区", "name": "砂原憩い交流館", "address": "東京都葛飾区西亀有三丁目12-1", "category": "福祉避難所（第２順位：憩い交流館、高齢者施設及び障害者施設等）", "source": "葛飾区公式PDF「福祉避難所（第２順位　憩い交流館、高齢者施設及び障害者施設等）一覧」(https://www.city.katsushika.lg.jp/_res/projects/default_project/_page_/001/021/421/fukushi.pdf) 掲載元: 葛飾区防災ページ内リンク", "license": null, "updated": null}, "geometry": {"type": "Point", "coordinates": [139.838577, 35.762791]}}, {"type": "Feature", "properties": {"muni": "葛飾区", "name": "水元憩い交流館", "address": "東京都葛飾区水元四丁目6-15", "category": "福祉避難所（第２順位：憩い交流館、高齢者施設及び障害者施設等）", "source": "葛飾区公式PDF「福祉避難所（第２順位　憩い交流館、高齢者施設及び障害者施設等）一覧」(https://www.city.katsushika.lg.jp/_res/projects/default_project/_page_/001/021/421/fukushi.pdf) 掲載元: 葛飾区防災ページ内リンク", "license": null, "updated": null}, "geometry": {"type": "Point", "coordinates": [139.86084, 35.788143]}}, {"type": "Feature", "properties": {"muni": "葛飾区", "name": "水元学び交流館（いこいの家）", "address": "東京都葛飾区南水元二丁目13-1", "category": "福祉避難所（第２順位：憩い交流館、高齢者施設及び障害者施設等）", "source": "葛飾区公式PDF「福祉避難所（第２順位　憩い交流館、高齢者施設及び障害者施設等）一覧」(https://www.city.katsushika.lg.jp/_res/projects/default_project/_page_/001/021/421/fukushi.pdf) 掲載元: 葛飾区防災ページ内リンク", "license": null, "updated": null}, "geometry": {"type": "Point", "coordinates": [139.855728, 35.779438]}}, {"type": "Feature", "properties": {"muni": "葛飾区", "name": "柴又学び交流館（ゆうの家）", "address": "東京都葛飾区柴又五丁目33-8", "category": "福祉避難所（第２順位：憩い交流館、高齢者施設及び障害者施設等）", "source": "葛飾区公式PDF「福祉避難所（第２順位　憩い交流館、高齢者施設及び障害者施設等）一覧」(https://www.city.katsushika.lg.jp/_res/projects/default_project/_page_/001/021/421/fukushi.pdf) 掲載元: 葛飾区防災ページ内リンク", "license": null, "updated": null}, "geometry": {"type": "Point", "coordinates": [139.881638, 35.753838]}}, {"type": "Feature", "properties": {"muni": "葛飾区", "name": "水元園", "address": "東京都葛飾区西水元四丁目6-1", "category": "福祉避難所（第２順位：憩い交流館、高齢者施設及び障害者施設等）", "source": "葛飾区公式PDF「福祉避難所（第２順位　憩い交流館、高齢者施設及び障害者施設等）一覧」(https://www.city.katsushika.lg.jp/_res/projects/default_project/_page_/001/021/421/fukushi.pdf) 掲載元: 葛飾区防災ページ内リンク", "license": null, "updated": null}, "geometry": {"type": "Point", "coordinates": [139.846375, 35.794125]}}, {"type": "Feature", "properties": {"muni": "葛飾区", "name": "高砂園", "address": "東京都葛飾区西水元四丁目5-1", "category": "福祉避難所（第２順位：憩い交流館、高齢者施設及び障害者施設等）", "source": "葛飾区公式PDF「福祉避難所（第２順位　憩い交流館、高齢者施設及び障害者施設等）一覧」(https://www.city.katsushika.lg.jp/_res/projects/default_project/_page_/001/021/421/fukushi.pdf) 掲載元: 葛飾区防災ページ内リンク", "license": null, "updated": null}, "geometry": {"type": "Point", "coordinates": [139.84581, 35.793922]}}, {"type": "Feature", "properties": {"muni": "葛飾区", "name": "中川園", "address": "東京都葛飾区西水元四丁目5-1", "category": "福祉避難所（第２順位：憩い交流館、高齢者施設及び障害者施設等）", "source": "葛飾区公式PDF「福祉避難所（第２順位　憩い交流館、高齢者施設及び障害者施設等）一覧」(https://www.city.katsushika.lg.jp/_res/projects/default_project/_page_/001/021/421/fukushi.pdf) 掲載元: 葛飾区防災ページ内リンク", "license": null, "updated": null}, "geometry": {"type": "Point", "coordinates": [139.84581, 35.793922]}}, {"type": "Feature", "properties": {"muni": "葛飾区", "name": "すずうらホーム", "address": "東京都葛飾区西新小岩三丁目37-27", "category": "福祉避難所（第２順位：憩い交流館、高齢者施設及び障害者施設等）", "source": "葛飾区公式PDF「福祉避難所（第２順位　憩い交流館、高齢者施設及び障害者施設等）一覧」(https://www.city.katsushika.lg.jp/_res/projects/default_project/_page_/001/021/421/fukushi.pdf) 掲載元: 葛飾区防災ページ内リンク", "license": null, "updated": null}, "geometry": {"type": "Point", "coordinates": [139.846893, 35.722454]}}, {"type": "Feature", "properties": {"muni": "葛飾区", "name": "西水元ナーシングホーム", "address": "東京都葛飾区西水元六丁目12-2", "category": "福祉避難所（第２順位：憩い交流館、高齢者施設及び障害者施設等）", "source": "葛飾区公式PDF「福祉避難所（第２順位　憩い交流館、高齢者施設及び障害者施設等）一覧」(https://www.city.katsushika.lg.jp/_res/projects/default_project/_page_/001/021/421/fukushi.pdf) 掲載元: 葛飾区防災ページ内リンク", "license": null, "updated": null}, "geometry": {"type": "Point", "coordinates": [139.853928, 35.790298]}}, {"type": "Feature", "properties": {"muni": "葛飾区", "name": "ケア新小岩", "address": "東京都葛飾区東新小岩二丁目1-12", "category": "福祉避難所（第２順位：憩い交流館、高齢者施設及び障害者施設等）", "source": "葛飾区公式PDF「福祉避難所（第２順位　憩い交流館、高齢者施設及び障害者施設等）一覧」(https://www.city.katsushika.lg.jp/_res/projects/default_project/_page_/001/021/421/fukushi.pdf) 掲載元: 葛飾区防災ページ内リンク", "license": null, "updated": null}, "geometry": {"type": "Point", "coordinates": [139.865051, 35.722439]}}, {"type": "Feature", "properties": {"muni": "葛飾区", "name": "かつしか苑", "address": "東京都葛飾区白鳥二丁目9-18", "category": "福祉避難所（第２順位：憩い交流館、高齢者施設及び障害者施設等）", "source": "葛飾区公式PDF「福祉避難所（第２順位　憩い交流館、高齢者施設及び障害者施設等）一覧」(https://www.city.katsushika.lg.jp/_res/projects/default_project/_page_/001/021/421/fukushi.pdf) 掲載元: 葛飾区防災ページ内リンク", "license": null, "updated": null}, "geometry": {"type": "Point", "coordinates": [139.842987, 35.749496]}}, {"type": "Feature", "properties": {"muni": "葛飾区", "name": "かつしか苑亀有", "address": "東京都葛飾区亀有一丁目6-11", "category": "福祉避難所（第２順位：憩い交流館、高齢者施設及び障害者施設等）", "source": "葛飾区公式PDF「福祉避難所（第２順位　憩い交流館、高齢者施設及び障害者施設等）一覧」(https://www.city.katsushika.lg.jp/_res/projects/default_project/_page_/001/021/421/fukushi.pdf) 掲載元: 葛飾区防災ページ内リンク", "license": null, "updated": null}, "geometry": {"type": "Point", "coordinates": [139.849091, 35.756573]}}, {"type": "Feature", "properties": {"muni": "葛飾区", "name": "青戸こはるびの里", "address": "東京都葛飾区青戸七丁目34-6", "category": "福祉避難所（第２順位：憩い交流館、高齢者施設及び障害者施設等）", "source": "葛飾区公式PDF「福祉避難所（第２順位　憩い交流館、高齢者施設及び障害者施設等）一覧」(https://www.city.katsushika.lg.jp/_res/projects/default_project/_page_/001/021/421/fukushi.pdf) 掲載元: 葛飾区防災ページ内リンク", "license": null, "updated": null}, "geometry": {"type": "Point", "coordinates": [139.856537, 35.756401]}}, {"type": "Feature", "properties": {"muni": "葛飾区", "name": "葛飾しょうぶ園", "address": "東京都葛飾区高砂二丁目8-1", "category": "福祉避難所（第２順位：憩い交流館、高齢者施設及び障害者施設等）", "source": "葛飾区公式PDF「福祉避難所（第２順位　憩い交流館、高齢者施設及び障害者施設等）一覧」(https://www.city.katsushika.lg.jp/_res/projects/default_project/_page_/001/021/421/fukushi.pdf) 掲載元: 葛飾区防災ページ内リンク", "license": null, "updated": null}, "geometry": {"type": "Point", "coordinates": [139.86412, 35.748936]}}, {"type": "Feature", "properties": {"muni": "葛飾区", "name": "しょうぶエバンズ", "address": "東京都葛飾区奥戸一丁目1-1", "category": "福祉避難所（第２順位：憩い交流館、高齢者施設及び障害者施設等）", "source": "葛飾区公式PDF「福祉避難所（第２順位　憩い交流館、高齢者施設及び障害者施設等）一覧」(https://www.city.katsushika.lg.jp/_res/projects/default_project/_page_/001/021/421/fukushi.pdf) 掲載元: 葛飾区防災ページ内リンク", "license": null, "updated": null}, "geometry": {"type": "Point", "coordinates": [139.850586, 35.728737]}}, {"type": "Feature", "properties": {"muni": "葛飾区", "name": "かがやけ共同作業所", "address": "東京都葛飾区細田三丁目5-3", "category": "福祉避難所（第２順位：憩い交流館、高齢者施設及び障害者施設等）", "source": "葛飾区公式PDF「福祉避難所（第２順位　憩い交流館、高齢者施設及び障害者施設等）一覧」(https://www.city.katsushika.lg.jp/_res/projects/default_project/_page_/001/021/421/fukushi.pdf) 掲載元: 葛飾区防災ページ内リンク", "license": null, "updated": null}, "geometry": {"type": "Point", "coordinates": [139.866638, 35.741596]}}, {"type": "Feature", "properties": {"muni": "葛飾区", "name": "かがやけ第2共同作業所", "address": "東京都葛飾区新宿一丁目1-15", "category": "福祉避難所（第２順位：憩い交流館、高齢者施設及び障害者施設等）", "source": "葛飾区公式PDF「福祉避難所（第２順位　憩い交流館、高齢者施設及び障害者施設等）一覧」(https://www.city.katsushika.lg.jp/_res/projects/default_project/_page_/001/021/421/fukushi.pdf) 掲載元: 葛飾区防災ページ内リンク", "license": null, "updated": null}, "geometry": {"type": "Point", "coordinates": [139.859436, 35.757313]}}, {"type": "Feature", "properties": {"muni": "葛飾区", "name": "東かなまち桜園", "address": "東京都葛飾区東金町二丁目13-10", "category": "福祉避難所（第２順位：憩い交流館、高齢者施設及び障害者施設等）", "source": "葛飾区公式PDF「福祉避難所（第２順位　憩い交流館、高齢者施設及び障害者施設等）一覧」(https://www.city.katsushika.lg.jp/_res/projects/default_project/_page_/001/021/421/fukushi.pdf) 掲載元: 葛飾区防災ページ内リンク", "license": null, "updated": null}, "geometry": {"type": "Point", "coordinates": [139.868591, 35.775177]}}, {"type": "Feature", "properties": {"muni": "葛飾区", "name": "バタフライヒル細田", "address": "東京都葛飾区細田四丁目20-14", "category": "福祉避難所（第２順位：憩い交流館、高齢者施設及び障害者施設等）", "source": "葛飾区公式PDF「福祉避難所（第２順位　憩い交流館、高齢者施設及び障害者施設等）一覧」(https://www.city.katsushika.lg.jp/_res/projects/default_project/_page_/001/021/421/fukushi.pdf) 掲載元: 葛飾区防災ページ内リンク", "license": null, "updated": null}, "geometry": {"type": "Point", "coordinates": [139.872894, 35.74258]}}, {"type": "Feature", "properties": {"muni": "葛飾区", "name": "ルソラリオン葛飾", "address": "東京都葛飾区青戸四丁目16-7", "category": "福祉避難所（第２順位：憩い交流館、高齢者施設及び障害者施設等）", "source": "葛飾区公式PDF「福祉避難所（第２順位　憩い交流館、高齢者施設及び障害者施設等）一覧」(https://www.city.katsushika.lg.jp/_res/projects/default_project/_page_/001/021/421/fukushi.pdf) 掲載元: 葛飾区防災ページ内リンク", "license": null, "updated": null}, "geometry": {"type": "Point", "coordinates": [139.849777, 35.751141]}}, {"type": "Feature", "properties": {"muni": "葛飾区", "name": "癒しの里青戸", "address": "東京都葛飾区青戸八丁目18-13", "category": "福祉避難所（第２順位：憩い交流館、高齢者施設及び障害者施設等）", "source": "葛飾区公式PDF「福祉避難所（第２順位　憩い交流館、高齢者施設及び障害者施設等）一覧」(https://www.city.katsushika.lg.jp/_res/projects/default_project/_page_/001/021/421/fukushi.pdf) 掲載元: 葛飾区防災ページ内リンク", "license": null, "updated": null}, "geometry": {"type": "Point", "coordinates": [139.853775, 35.758453]}}, {"type": "Feature", "properties": {"muni": "葛飾区", "name": "癒しの里亀有", "address": "東京都葛飾区亀有二丁目60-5", "category": "福祉避難所（第２順位：憩い交流館、高齢者施設及び障害者施設等）", "source": "葛飾区公式PDF「福祉避難所（第２順位　憩い交流館、高齢者施設及び障害者施設等）一覧」(https://www.city.katsushika.lg.jp/_res/projects/default_project/_page_/001/021/421/fukushi.pdf) 掲載元: 葛飾区防災ページ内リンク", "license": null, "updated": null}, "geometry": {"type": "Point", "coordinates": [139.848602, 35.762886]}}, {"type": "Feature", "properties": {"muni": "葛飾区", "name": "葛飾やすらぎの郷", "address": "東京都葛飾区新宿三丁目4-10", "category": "福祉避難所（第２順位：憩い交流館、高齢者施設及び障害者施設等）", "source": "葛飾区公式PDF「福祉避難所（第２順位　憩い交流館、高齢者施設及び障害者施設等）一覧」(https://www.city.katsushika.lg.jp/_res/projects/default_project/_page_/001/021/421/fukushi.pdf) 掲載元: 葛飾区防災ページ内リンク", "license": null, "updated": null}, "geometry": {"type": "Point", "coordinates": [139.862335, 35.758972]}}, {"type": "Feature", "properties": {"muni": "葛飾区", "name": "エトワール", "address": "東京都葛飾区新宿六丁目2-13", "category": "福祉避難所（第２順位：憩い交流館、高齢者施設及び障害者施設等）", "source": "葛飾区公式PDF「福祉避難所（第２順位　憩い交流館、高齢者施設及び障害者施設等）一覧」(https://www.city.katsushika.lg.jp/_res/projects/default_project/_page_/001/021/421/fukushi.pdf) 掲載元: 葛飾区防災ページ内リンク", "license": null, "updated": null}, "geometry": {"type": "Point", "coordinates": [139.862808, 35.770107]}}, {"type": "Feature", "properties": {"muni": "葛飾区", "name": "アルターかつしかばし", "address": "東京都葛飾区東金町七丁目30-14", "category": "福祉避難所（第２順位：憩い交流館、高齢者施設及び障害者施設等）", "source": "葛飾区公式PDF「福祉避難所（第２順位　憩い交流館、高齢者施設及び障害者施設等）一覧」(https://www.city.katsushika.lg.jp/_res/projects/default_project/_page_/001/021/421/fukushi.pdf) 掲載元: 葛飾区防災ページ内リンク", "license": null, "updated": null}, "geometry": {"type": "Point", "coordinates": [139.884842, 35.778057]}}, {"type": "Feature", "properties": {"muni": "葛飾区", "name": "葛飾ロイヤルケアセンター", "address": "東京都葛飾区堀切二丁目66-17", "category": "福祉避難所（第２順位：憩い交流館、高齢者施設及び障害者施設等）", "source": "葛飾区公式PDF「福祉避難所（第２順位　憩い交流館、高齢者施設及び障害者施設等）一覧」(https://www.city.katsushika.lg.jp/_res/projects/default_project/_page_/001/021/421/fukushi.pdf) 掲載元: 葛飾区防災ページ内リンク", "license": null, "updated": null}, "geometry": {"type": "Point", "coordinates": [139.831589, 35.744816]}}, {"type": "Feature", "properties": {"muni": "葛飾区", "name": "お花茶屋ロイヤルケアセンター", "address": "東京都葛飾区四つ木五丁目19-7", "category": "福祉避難所（第２順位：憩い交流館、高齢者施設及び障害者施設等）", "source": "葛飾区公式PDF「福祉避難所（第２順位　憩い交流館、高齢者施設及び障害者施設等）一覧」(https://www.city.katsushika.lg.jp/_res/projects/default_project/_page_/001/021/421/fukushi.pdf) 掲載元: 葛飾区防災ページ内リンク", "license": null, "updated": null}, "geometry": {"type": "Point", "coordinates": [139.840515, 35.743656]}}, {"type": "Feature", "properties": {"muni": "葛飾区", "name": "リハビリケアかつしか", "address": "東京都葛飾区西新小岩三丁目37-8", "category": "福祉避難所（第２順位：憩い交流館、高齢者施設及び障害者施設等）", "source": "葛飾区公式PDF「福祉避難所（第２順位　憩い交流館、高齢者施設及び障害者施設等）一覧」(https://www.city.katsushika.lg.jp/_res/projects/default_project/_page_/001/021/421/fukushi.pdf) 掲載元: 葛飾区防災ページ内リンク", "license": null, "updated": null}, "geometry": {"type": "Point", "coordinates": [139.845352, 35.722317]}}, {"type": "Feature", "properties": {"muni": "葛飾区", "name": "東京愛育苑ケアレジデンス", "address": "東京都葛飾区水元三丁目13-2", "category": "福祉避難所（第２順位：憩い交流館、高齢者施設及び障害者施設等）", "source": "葛飾区公式PDF「福祉避難所（第２順位　憩い交流館、高齢者施設及び障害者施設等）一覧」(https://www.city.katsushika.lg.jp/_res/projects/default_project/_page_/001/021/421/fukushi.pdf) 掲載元: 葛飾区防災ページ内リンク", "license": null, "updated": null}, "geometry": {"type": "Point", "coordinates": [139.863266, 35.782352]}}, {"type": "Feature", "properties": {"muni": "葛飾区", "name": "アンブル宝町", "address": "東京都葛飾区宝町一丁目2-9", "category": "福祉避難所（第２順位：憩い交流館、高齢者施設及び障害者施設等）", "source": "葛飾区公式PDF「福祉避難所（第２順位　憩い交流館、高齢者施設及び障害者施設等）一覧」(https://www.city.katsushika.lg.jp/_res/projects/default_project/_page_/001/021/421/fukushi.pdf) 掲載元: 葛飾区防災ページ内リンク", "license": null, "updated": null}, "geometry": {"type": "Point", "coordinates": [139.83522, 35.741253]}}, {"type": "Feature", "properties": {"muni": "葛飾区", "name": "花の木", "address": "東京都葛飾区新宿二丁目16-4", "category": "福祉避難所（第２順位：憩い交流館、高齢者施設及び障害者施設等）", "source": "葛飾区公式PDF「福祉避難所（第２順位　憩い交流館、高齢者施設及び障害者施設等）一覧」(https://www.city.katsushika.lg.jp/_res/projects/default_project/_page_/001/021/421/fukushi.pdf) 掲載元: 葛飾区防災ページ内リンク", "license": null, "updated": null}, "geometry": {"type": "Point", "coordinates": [139.856857, 35.760788]}}, {"type": "Feature", "properties": {"muni": "葛飾区", "name": "第二奥戸くつろぎの郷", "address": "東京都葛飾区奥戸三丁目25-23", "category": "福祉避難所（第２順位：憩い交流館、高齢者施設及び障害者施設等）", "source": "葛飾区公式PDF「福祉避難所（第２順位　憩い交流館、高齢者施設及び障害者施設等）一覧」(https://www.city.katsushika.lg.jp/_res/projects/default_project/_page_/001/021/421/fukushi.pdf) 掲載元: 葛飾区防災ページ内リンク", "license": null, "updated": null}, "geometry": {"type": "Point", "coordinates": [139.863037, 35.731846]}}, {"type": "Feature", "properties": {"muni": "葛飾区", "name": "スマイルホーム西井堀", "address": "東京都葛飾区奥戸三丁目24-15", "category": "福祉避難所（第２順位：憩い交流館、高齢者施設及び障害者施設等）", "source": "葛飾区公式PDF「福祉避難所（第２順位　憩い交流館、高齢者施設及び障害者施設等）一覧」(https://www.city.katsushika.lg.jp/_res/projects/default_project/_page_/001/021/421/fukushi.pdf) 掲載元: 葛飾区防災ページ内リンク", "license": null, "updated": null}, "geometry": {"type": "Point", "coordinates": [139.863571, 35.731304]}}, {"type": "Feature", "properties": {"muni": "葛飾区", "name": "パランしょうぶ", "address": "東京都葛飾区青戸八丁目24-27", "category": "福祉避難所（第２順位：憩い交流館、高齢者施設及び障害者施設等）", "source": "葛飾区公式PDF「福祉避難所（第２順位　憩い交流館、高齢者施設及び障害者施設等）一覧」(https://www.city.katsushika.lg.jp/_res/projects/default_project/_page_/001/021/421/fukushi.pdf) 掲載元: 葛飾区防災ページ内リンク", "license": null, "updated": null}, "geometry": {"type": "Point", "coordinates": [139.855698, 35.758266]}}, {"type": "Feature", "properties": {"muni": "葛飾区", "name": "ケアホーム葛飾", "address": "東京都葛飾区小菅一丁目35-10", "category": "福祉避難所（第２順位：憩い交流館、高齢者施設及び障害者施設等）", "source": "葛飾区公式PDF「福祉避難所（第２順位　憩い交流館、高齢者施設及び障害者施設等）一覧」(https://www.city.katsushika.lg.jp/_res/projects/default_project/_page_/001/021/421/fukushi.pdf) 掲載元: 葛飾区防災ページ内リンク", "license": null, "updated": null}, "geometry": {"type": "Point", "coordinates": [139.818176, 35.756767]}}, {"type": "Feature", "properties": {"muni": "葛飾区", "name": "癒しの里西亀有", "address": "東京都葛飾区西亀有三丁目18-1", "category": "福祉避難所（第２順位：憩い交流館、高齢者施設及び障害者施設等）", "source": "葛飾区公式PDF「福祉避難所（第２順位　憩い交流館、高齢者施設及び障害者施設等）一覧」(https://www.city.katsushika.lg.jp/_res/projects/default_project/_page_/001/021/421/fukushi.pdf) 掲載元: 葛飾区防災ページ内リンク", "license": null, "updated": null}, "geometry": {"type": "Point", "coordinates": [139.838516, 35.759254]}}, {"type": "Feature", "properties": {"muni": "葛飾区", "name": "高砂発達支援センター", "address": "東京都葛飾区高砂三丁目26-9", "category": "福祉避難所（第２順位：憩い交流館、高齢者施設及び障害者施設等）", "source": "葛飾区公式PDF「福祉避難所（第２順位　憩い交流館、高齢者施設及び障害者施設等）一覧」(https://www.city.katsushika.lg.jp/_res/projects/default_project/_page_/001/021/421/fukushi.pdf) 掲載元: 葛飾区防災ページ内リンク", "license": null, "updated": null}, "geometry": {"type": "Point", "coordinates": [139.870514, 35.748463]}}, {"type": "Feature", "properties": {"muni": "葛飾区", "name": "のぞみ学園かめあり", "address": "東京都葛飾区亀有二丁目22-11", "category": "福祉避難所（第２順位：憩い交流館、高齢者施設及び障害者施設等）", "source": "葛飾区公式PDF「福祉避難所（第２順位　憩い交流館、高齢者施設及び障害者施設等）一覧」(https://www.city.katsushika.lg.jp/_res/projects/default_project/_page_/001/021/421/fukushi.pdf) 掲載元: 葛飾区防災ページ内リンク", "license": null, "updated": null}, "geometry": {"type": "Point", "coordinates": [139.852509, 35.75993]}}, {"type": "Feature", "properties": {"muni": "葛飾区", "name": "やすらぎリバーシティ", "address": "東京都葛飾区新小岩一丁目5-2", "category": "福祉避難所（第２順位：憩い交流館、高齢者施設及び障害者施設等）", "source": "葛飾区公式PDF「福祉避難所（第２順位　憩い交流館、高齢者施設及び障害者施設等）一覧」(https://www.city.katsushika.lg.jp/_res/projects/default_project/_page_/001/021/421/fukushi.pdf) 掲載元: 葛飾区防災ページ内リンク", "license": null, "updated": null}, "geometry": {"type": "Point", "coordinates": [139.853668, 35.713711]}}, {"type": "Feature", "properties": {"muni": "葛飾区", "name": "スプラウト柴又", "address": "東京都葛飾区柴又六丁目36-14", "category": "福祉避難所（第２順位：憩い交流館、高齢者施設及び障害者施設等）", "source": "葛飾区公式PDF「福祉避難所（第２順位　憩い交流館、高齢者施設及び障害者施設等）一覧」(https://www.city.katsushika.lg.jp/_res/projects/default_project/_page_/001/021/421/fukushi.pdf) 掲載元: 葛飾区防災ページ内リンク", "license": null, "updated": null}, "geometry": {"type": "Point", "coordinates": [139.88208, 35.754753]}}, {"type": "Feature", "properties": {"muni": "葛飾区", "name": "水元小合学園", "address": "東京都葛飾区水元一丁目24-1", "category": "福祉避難所（第２順位：憩い交流館、高齢者施設及び障害者施設等）", "source": "葛飾区公式PDF「福祉避難所（第２順位　憩い交流館、高齢者施設及び障害者施設等）一覧」(https://www.city.katsushika.lg.jp/_res/projects/default_project/_page_/001/021/421/fukushi.pdf) 掲載元: 葛飾区防災ページ内リンク", "license": null, "updated": null}, "geometry": {"type": "Point", "coordinates": [139.859329, 35.782513]}}, {"type": "Feature", "properties": {"muni": "葛飾区", "name": "新小岩地域活動センター（にこわ新小岩）", "address": "東京都葛飾区西新小岩四丁目33-2", "category": "福祉避難所（第２順位：憩い交流館、高齢者施設及び障害者施設等）", "source": "葛飾区公式PDF「福祉避難所（第２順位　憩い交流館、高齢者施設及び障害者施設等）一覧」(https://www.city.katsushika.lg.jp/_res/projects/default_project/_page_/001/021/421/fukushi.pdf) 掲載元: 葛飾区防災ページ内リンク", "license": null, "updated": null}, "geometry": {"type": "Point", "coordinates": [139.853775, 35.719006]}}, {"type": "Feature", "properties": {"muni": "目黒区", "name": "駒場苑", "address": "東京都目黒区大橋2-19-1", "category": "福祉避難所（高齢者）", "source": "目黒区地域防災計画（令和5年修正）資料編 第1章 震災対策資料／第2節 施設・備蓄等 p.46「福祉避難所」一覧 (PDF: https://www.city.meguro.tokyo.jp/documents/738/shiryohen1.pdf ／掲載元: https://www.city.meguro.tokyo.jp/kikikanri/kusei/keikaku/keikaku_siryouhenn.html)", "license": "unknown", "updated": "令和5年修正（2023年度）"}, "geometry": {"type": "Point", "coordinates": [139.682449, 35.655602]}}, {"type": "Feature", "properties": {"muni": "目黒区", "name": "大橋えのき園", "address": "東京都目黒区大橋2-19-38", "category": "福祉避難所（障害者）", "source": "目黒区地域防災計画（令和5年修正）資料編 第1章 震災対策資料／第2節 施設・備蓄等 p.46「福祉避難所」一覧 (PDF: https://www.city.meguro.tokyo.jp/documents/738/shiryohen1.pdf ／掲載元: https://www.city.meguro.tokyo.jp/kikikanri/kusei/keikaku/keikaku_siryouhenn.html)", "license": "unknown", "updated": "令和5年修正（2023年度）"}, "geometry": {"type": "Point", "coordinates": [139.682098, 35.655571]}}, {"type": "Feature", "properties": {"muni": "目黒区", "name": "青葉台さくら苑", "address": "東京都目黒区青葉台3-21-6", "category": "福祉避難所（高齢者）", "source": "目黒区地域防災計画（令和5年修正）資料編 第1章 震災対策資料／第2節 施設・備蓄等 p.46「福祉避難所」一覧 (PDF: https://www.city.meguro.tokyo.jp/documents/738/shiryohen1.pdf ／掲載元: https://www.city.meguro.tokyo.jp/kikikanri/kusei/keikaku/keikaku_siryouhenn.html)", "license": "unknown", "updated": "令和5年修正（2023年度）"}, "geometry": {"type": "Point", "coordinates": [139.692413, 35.649391]}}, {"type": "Feature", "properties": {"muni": "目黒区", "name": "駒場保育園", "address": "東京都目黒区駒場1-22-1", "category": "福祉避難所（乳幼児）", "source": "目黒区地域防災計画（令和5年修正）資料編 第1章 震災対策資料／第2節 施設・備蓄等 p.46「福祉避難所」一覧 (PDF: https://www.city.meguro.tokyo.jp/documents/738/shiryohen1.pdf ／掲載元: https://www.city.meguro.tokyo.jp/kikikanri/kusei/keikaku/keikaku_siryouhenn.html)", "license": "unknown", "updated": "令和5年修正（2023年度）"}, "geometry": {"type": "Point", "coordinates": [139.686707, 35.656574]}}, {"type": "Feature", "properties": {"muni": "目黒区", "name": "ひがしやまホーム", "address": "東京都目黒区東山3-24-6", "category": "福祉避難所（高齢者）", "source": "目黒区地域防災計画（令和5年修正）資料編 第1章 震災対策資料／第2節 施設・備蓄等 p.46「福祉避難所」一覧 (PDF: https://www.city.meguro.tokyo.jp/documents/738/shiryohen1.pdf ／掲載元: https://www.city.meguro.tokyo.jp/kikikanri/kusei/keikaku/keikaku_siryouhenn.html)", "license": "unknown", "updated": "令和5年修正（2023年度）"}, "geometry": {"type": "Point", "coordinates": [139.685852, 35.64753]}}, {"type": "Feature", "properties": {"muni": "目黒区", "name": "なかめぐろホーム", "address": "東京都目黒区中目黒5-7-35", "category": "福祉避難所（高齢者）", "source": "目黒区地域防災計画（令和5年修正）資料編 第1章 震災対策資料／第2節 施設・備蓄等 p.46「福祉避難所」一覧 (PDF: https://www.city.meguro.tokyo.jp/documents/738/shiryohen1.pdf ／掲載元: https://www.city.meguro.tokyo.jp/kikikanri/kusei/keikaku/keikaku_siryouhenn.html)", "license": "unknown", "updated": "令和5年修正（2023年度）"}, "geometry": {"type": "Point", "coordinates": [139.700912, 35.63575]}}, {"type": "Feature", "properties": {"muni": "目黒区", "name": "田道ふれあい館（高齢者センター）", "address": "東京都目黒区目黒1-25-26", "category": "福祉避難所（高齢者）", "source": "目黒区地域防災計画（令和5年修正）資料編 第1章 震災対策資料／第2節 施設・備蓄等 p.46「福祉避難所」一覧 (PDF: https://www.city.meguro.tokyo.jp/documents/738/shiryohen1.pdf ／掲載元: https://www.city.meguro.tokyo.jp/kikikanri/kusei/keikaku/keikaku_siryouhenn.html)", "license": "unknown", "updated": "令和5年修正（2023年度）"}, "geometry": {"type": "Point", "coordinates": [139.70787, 35.636791]}}, {"type": "Feature", "properties": {"muni": "目黒区", "name": "田道ふれあい館（在宅ケア多機能センター）", "address": "東京都目黒区目黒1-25-26", "category": "福祉避難所（高齢者）", "source": "目黒区地域防災計画（令和5年修正）資料編 第1章 震災対策資料／第2節 施設・備蓄等 p.46「福祉避難所」一覧 (PDF: https://www.city.meguro.tokyo.jp/documents/738/shiryohen1.pdf ／掲載元: https://www.city.meguro.tokyo.jp/kikikanri/kusei/keikaku/keikaku_siryouhenn.html)", "license": "unknown", "updated": "令和5年修正（2023年度）"}, "geometry": {"type": "Point", "coordinates": [139.70787, 35.636791]}}, {"type": "Feature", "properties": {"muni": "目黒区", "name": "田道保育園", "address": "東京都目黒区目黒3-4-4", "category": "福祉避難所（乳幼児）", "source": "目黒区地域防災計画（令和5年修正）資料編 第1章 震災対策資料／第2節 施設・備蓄等 p.46「福祉避難所」一覧 (PDF: https://www.city.meguro.tokyo.jp/documents/738/shiryohen1.pdf ／掲載元: https://www.city.meguro.tokyo.jp/kikikanri/kusei/keikaku/keikaku_siryouhenn.html)", "license": "unknown", "updated": "令和5年修正（2023年度）"}, "geometry": {"type": "Point", "coordinates": [139.706268, 35.634888]}}, {"type": "Feature", "properties": {"muni": "目黒区", "name": "さんホーム目黒", "address": "東京都目黒区目黒3-20-8", "category": "福祉避難所（高齢者）", "source": "目黒区地域防災計画（令和5年修正）資料編 第1章 震災対策資料／第2節 施設・備蓄等 p.46「福祉避難所」一覧 (PDF: https://www.city.meguro.tokyo.jp/documents/738/shiryohen1.pdf ／掲載元: https://www.city.meguro.tokyo.jp/kikikanri/kusei/keikaku/keikaku_siryouhenn.html)", "license": "unknown", "updated": "令和5年修正（2023年度）"}, "geometry": {"type": "Point", "coordinates": [139.704514, 35.633736]}}, {"type": "Feature", "properties": {"muni": "目黒区", "name": "下目黒福祉工房", "address": "東京都目黒区下目黒3-10-2", "category": "福祉避難所（障害者）", "source": "目黒区地域防災計画（令和5年修正）資料編 第1章 震災対策資料／第2節 施設・備蓄等 p.46「福祉避難所」一覧 (PDF: https://www.city.meguro.tokyo.jp/documents/738/shiryohen1.pdf ／掲載元: https://www.city.meguro.tokyo.jp/kikikanri/kusei/keikaku/keikaku_siryouhenn.html)", "license": "unknown", "updated": "令和5年修正（2023年度）"}, "geometry": {"type": "Point", "coordinates": [139.711426, 35.628155]}}, {"type": "Feature", "properties": {"muni": "目黒区", "name": "こぶしえん（特別養護老人ホーム）", "address": "東京都目黒区下目黒6-18-2", "category": "福祉避難所（高齢者）", "source": "目黒区地域防災計画（令和5年修正）資料編 第1章 震災対策資料／第2節 施設・備蓄等 p.46「福祉避難所」一覧 (PDF: https://www.city.meguro.tokyo.jp/documents/738/shiryohen1.pdf ／掲載元: https://www.city.meguro.tokyo.jp/kikikanri/kusei/keikaku/keikaku_siryouhenn.html)", "license": "unknown", "updated": "令和5年修正（2023年度）"}, "geometry": {"type": "Point", "coordinates": [139.69725, 35.628864]}}, {"type": "Feature", "properties": {"muni": "目黒区", "name": "こぶしえん（障害者支援施設）", "address": "東京都目黒区下目黒6-18-2", "category": "福祉避難所（障害者）", "source": "目黒区地域防災計画（令和5年修正）資料編 第1章 震災対策資料／第2節 施設・備蓄等 p.46「福祉避難所」一覧 (PDF: https://www.city.meguro.tokyo.jp/documents/738/shiryohen1.pdf ／掲載元: https://www.city.meguro.tokyo.jp/kikikanri/kusei/keikaku/keikaku_siryouhenn.html)", "license": "unknown", "updated": "令和5年修正（2023年度）"}, "geometry": {"type": "Point", "coordinates": [139.69725, 35.628864]}}, {"type": "Feature", "properties": {"muni": "目黒区", "name": "目黒本町福祉工房", "address": "東京都目黒区目黒本町1-14-24", "category": "福祉避難所（障害者）", "source": "目黒区地域防災計画（令和5年修正）資料編 第1章 震災対策資料／第2節 施設・備蓄等 p.46「福祉避難所」一覧 (PDF: https://www.city.meguro.tokyo.jp/documents/738/shiryohen1.pdf ／掲載元: https://www.city.meguro.tokyo.jp/kikikanri/kusei/keikaku/keikaku_siryouhenn.html)", "license": "unknown", "updated": "令和5年修正（2023年度）"}, "geometry": {"type": "Point", "coordinates": [139.695724, 35.628666]}}, {"type": "Feature", "properties": {"muni": "目黒区", "name": "かみよん工房", "address": "東京都目黒区上目黒4-1-26", "category": "福祉避難所（障害者）", "source": "目黒区地域防災計画（令和5年修正）資料編 第1章 震災対策資料／第2節 施設・備蓄等 p.46「福祉避難所」一覧 (PDF: https://www.city.meguro.tokyo.jp/documents/738/shiryohen1.pdf ／掲載元: https://www.city.meguro.tokyo.jp/kikikanri/kusei/keikaku/keikaku_siryouhenn.html)", "license": "unknown", "updated": "令和5年修正（2023年度）"}, "geometry": {"type": "Point", "coordinates": [139.6922, 35.641846]}}, {"type": "Feature", "properties": {"muni": "目黒区", "name": "中町保育園", "address": "東京都目黒区中町2-37-15", "category": "福祉避難所（乳幼児）", "source": "目黒区地域防災計画（令和5年修正）資料編 第1章 震災対策資料／第2節 施設・備蓄等 p.46「福祉避難所」一覧 (PDF: https://www.city.meguro.tokyo.jp/documents/738/shiryohen1.pdf ／掲載元: https://www.city.meguro.tokyo.jp/kikikanri/kusei/keikaku/keikaku_siryouhenn.html)", "license": "unknown", "updated": "令和5年修正（2023年度）"}, "geometry": {"type": "Point", "coordinates": [139.694855, 35.634209]}}, {"type": "Feature", "properties": {"muni": "目黒区", "name": "ひまわりプラザ（すくすくのびのび園）", "address": "東京都目黒区中央町2-23-24", "category": "福祉避難所（障害者）", "source": "目黒区地域防災計画（令和5年修正）資料編 第1章 震災対策資料／第2節 施設・備蓄等 p.46「福祉避難所」一覧 (PDF: https://www.city.meguro.tokyo.jp/documents/738/shiryohen1.pdf ／掲載元: https://www.city.meguro.tokyo.jp/kikikanri/kusei/keikaku/keikaku_siryouhenn.html)", "license": "unknown", "updated": "令和5年修正（2023年度）"}, "geometry": {"type": "Point", "coordinates": [139.690796, 35.630939]}}, {"type": "Feature", "properties": {"muni": "目黒区", "name": "スマイルプラザ中央町", "address": "東京都目黒区中央町2-32-5", "category": "福祉避難所（障害者）", "source": "目黒区地域防災計画（令和5年修正）資料編 第1章 震災対策資料／第2節 施設・備蓄等 p.46「福祉避難所」一覧 (PDF: https://www.city.meguro.tokyo.jp/documents/738/shiryohen1.pdf ／掲載元: https://www.city.meguro.tokyo.jp/kikikanri/kusei/keikaku/keikaku_siryouhenn.html)", "license": "unknown", "updated": "令和5年修正（2023年度）"}, "geometry": {"type": "Point", "coordinates": [139.688629, 35.631733]}}, {"type": "Feature", "properties": {"muni": "目黒区", "name": "目黒中央の家", "address": "東京都目黒区中央町2-32-23", "category": "福祉避難所（高齢者）", "source": "目黒区地域防災計画（令和5年修正）資料編 第1章 震災対策資料／第2節 施設・備蓄等 p.46「福祉避難所」一覧 (PDF: https://www.city.meguro.tokyo.jp/documents/738/shiryohen1.pdf ／掲載元: https://www.city.meguro.tokyo.jp/kikikanri/kusei/keikaku/keikaku_siryouhenn.html)", "license": "unknown", "updated": "令和5年修正（2023年度）"}, "geometry": {"type": "Point", "coordinates": [139.68811, 35.630871]}}, {"type": "Feature", "properties": {"muni": "目黒区", "name": "清徳苑", "address": "東京都目黒区目黒本町4-2-1", "category": "福祉避難所（高齢者）", "source": "目黒区地域防災計画（令和5年修正）資料編 第1章 震災対策資料／第2節 施設・備蓄等 p.46「福祉避難所」一覧 (PDF: https://www.city.meguro.tokyo.jp/documents/738/shiryohen1.pdf ／掲載元: https://www.city.meguro.tokyo.jp/kikikanri/kusei/keikaku/keikaku_siryouhenn.html)", "license": "unknown", "updated": "令和5年修正（2023年度）"}, "geometry": {"type": "Point", "coordinates": [139.698441, 35.623085]}}, {"type": "Feature", "properties": {"muni": "目黒区", "name": "南保育園", "address": "東京都目黒区南1-18-30", "category": "福祉避難所（乳幼児）", "source": "目黒区地域防災計画（令和5年修正）資料編 第1章 震災対策資料／第2節 施設・備蓄等 p.46「福祉避難所」一覧 (PDF: https://www.city.meguro.tokyo.jp/documents/738/shiryohen1.pdf ／掲載元: https://www.city.meguro.tokyo.jp/kikikanri/kusei/keikaku/keikaku_siryouhenn.html)", "license": "unknown", "updated": "令和5年修正（2023年度）"}, "geometry": {"type": "Point", "coordinates": [139.68924, 35.61385]}}, {"type": "Feature", "properties": {"muni": "目黒区", "name": "八雲保育園", "address": "東京都目黒区八雲3-10-18", "category": "福祉避難所（乳幼児）", "source": "目黒区地域防災計画（令和5年修正）資料編 第1章 震災対策資料／第2節 施設・備蓄等 p.46「福祉避難所」一覧 (PDF: https://www.city.meguro.tokyo.jp/documents/738/shiryohen1.pdf ／掲載元: https://www.city.meguro.tokyo.jp/kikikanri/kusei/keikaku/keikaku_siryouhenn.html)", "license": "unknown", "updated": "令和5年修正（2023年度）"}, "geometry": {"type": "Point", "coordinates": [139.668121, 35.615776]}}, {"type": "Feature", "properties": {"muni": "目黒区", "name": "心身障害者センターあいアイ館", "address": "東京都目黒区八雲1-1-8", "category": "福祉避難所（障害者）", "source": "目黒区地域防災計画（令和5年修正）資料編 第1章 震災対策資料／第2節 施設・備蓄等 p.46「福祉避難所」一覧 (PDF: https://www.city.meguro.tokyo.jp/documents/738/shiryohen1.pdf ／掲載元: https://www.city.meguro.tokyo.jp/kikikanri/kusei/keikaku/keikaku_siryouhenn.html)", "license": "unknown", "updated": "令和5年修正（2023年度）"}, "geometry": {"type": "Point", "coordinates": [139.673965, 35.621422]}}, {"type": "Feature", "properties": {"muni": "目黒区", "name": "ひがしがおかホーム", "address": "東京都目黒区東が丘1-6-4", "category": "福祉避難所（高齢者）", "source": "目黒区地域防災計画（令和5年修正）資料編 第1章 震災対策資料／第2節 施設・備蓄等 p.46「福祉避難所」一覧 (PDF: https://www.city.meguro.tokyo.jp/documents/738/shiryohen1.pdf ／掲載元: https://www.city.meguro.tokyo.jp/kikikanri/kusei/keikaku/keikaku_siryouhenn.html)", "license": "unknown", "updated": "令和5年修正（2023年度）"}, "geometry": {"type": "Point", "coordinates": [139.67099, 35.626492]}}, {"type": "Feature", "properties": {"muni": "目黒区", "name": "東が丘障害福祉施設", "address": "東京都目黒区東が丘1-21-15", "category": "福祉避難所（障害者）", "source": "目黒区地域防災計画（令和5年修正）資料編 第1章 震災対策資料／第2節 施設・備蓄等 p.46「福祉避難所」一覧 (PDF: https://www.city.meguro.tokyo.jp/documents/738/shiryohen1.pdf ／掲載元: https://www.city.meguro.tokyo.jp/kikikanri/kusei/keikaku/keikaku_siryouhenn.html)", "license": "unknown", "updated": "令和5年修正（2023年度）"}, "geometry": {"type": "Point", "coordinates": [139.667725, 35.627743]}}, {"type": "Feature", "geometry": {"type": "Point", "coordinates": [139.813782, 35.665825]}, "properties": {"muni": "江東区", "name": "特別養護老人ホーム江東ホーム", "address": "東陽2丁目1番2号", "category": "福祉避難所", "source": "江東区「避難所・避難場所」福祉避難所一覧 https://www.city.koto.lg.jp/057101/bosai/bosai-top/taiou/map_7077_5000.html", "license": "unknown", "updated": "2026-05-14"}}, {"type": "Feature", "geometry": {"type": "Point", "coordinates": [139.838745, 35.683098]}, "properties": {"muni": "江東区", "name": "特別養護老人ホーム北砂ホーム", "address": "北砂6丁目20番30号", "category": "福祉避難所", "source": "江東区「避難所・避難場所」福祉避難所一覧 https://www.city.koto.lg.jp/057101/bosai/bosai-top/taiou/map_7077_5000.html", "license": "unknown", "updated": "2026-05-14"}}, {"type": "Feature", "geometry": {"type": "Point", "coordinates": [139.807312, 35.662922]}, "properties": {"muni": "江東区", "name": "特別養護老人ホーム塩浜ホーム", "address": "塩浜2丁目7番17号", "category": "福祉避難所", "source": "江東区「避難所・避難場所」福祉避難所一覧 https://www.city.koto.lg.jp/057101/bosai/bosai-top/taiou/map_7077_5000.html", "license": "unknown", "updated": "2026-05-14"}}, {"type": "Feature", "geometry": {"type": "Point", "coordinates": [139.801208, 35.67514]}, "properties": {"muni": "江東区", "name": "特別養護老人ホーム深川愛の園", "address": "冬木16番7号", "category": "福祉避難所", "source": "江東区「避難所・避難場所」福祉避難所一覧 https://www.city.koto.lg.jp/057101/bosai/bosai-top/taiou/map_7077_5000.html", "license": "unknown", "updated": "2026-05-14"}}, {"type": "Feature", "geometry": {"type": "Point", "coordinates": [139.842133, 35.691746]}, "properties": {"muni": "江東区", "name": "特別養護老人ホームあかつき苑", "address": "大島7丁目38番15号", "category": "福祉避難所", "source": "江東区「避難所・避難場所」福祉避難所一覧 https://www.city.koto.lg.jp/057101/bosai/bosai-top/taiou/map_7077_5000.html", "license": "unknown", "updated": "2026-05-14"}}, {"type": "Feature", "geometry": {"type": "Point", "coordinates": [139.797791, 35.673744]}, "properties": {"muni": "江東区", "name": "特別養護老人ホームむつみ園", "address": "深川2丁目1番12号", "category": "福祉避難所", "source": "江東区「避難所・避難場所」福祉避難所一覧 https://www.city.koto.lg.jp/057101/bosai/bosai-top/taiou/map_7077_5000.html", "license": "unknown", "updated": "2026-05-14"}}, {"type": "Feature", "geometry": {"type": "Point", "coordinates": [139.812103, 35.687843]}, "properties": {"muni": "江東区", "name": "特別養護老人ホームあそか園", "address": "住吉1丁目9番5号", "category": "福祉避難所", "source": "江東区「避難所・避難場所」福祉避難所一覧 https://www.city.koto.lg.jp/057101/bosai/bosai-top/taiou/map_7077_5000.html", "license": "unknown", "updated": "2026-05-14"}}, {"type": "Feature", "geometry": {"type": "Point", "coordinates": [139.801971, 35.663887]}, "properties": {"muni": "江東区", "name": "特別養護老人ホーム故郷の家・東京", "address": "塩浜1丁目4番48号", "category": "福祉避難所", "source": "江東区「避難所・避難場所」福祉避難所一覧 https://www.city.koto.lg.jp/057101/bosai/bosai-top/taiou/map_7077_5000.html", "license": "unknown", "updated": "2026-05-14"}}, {"type": "Feature", "geometry": {"type": "Point", "coordinates": [139.826828, 35.679123]}, "properties": {"muni": "江東区", "name": "寿園", "address": "北砂2丁目1番16号", "category": "福祉避難所", "source": "江東区「避難所・避難場所」福祉避難所一覧 https://www.city.koto.lg.jp/057101/bosai/bosai-top/taiou/map_7077_5000.html", "license": "unknown", "updated": "2026-05-14"}}, {"type": "Feature", "geometry": {"type": "Point", "coordinates": [139.844589, 35.692814]}, "properties": {"muni": "江東区", "name": "コスモス老人福祉施設", "address": "大島9丁目6番16号", "category": "福祉避難所", "source": "江東区「避難所・避難場所」福祉避難所一覧 https://www.city.koto.lg.jp/057101/bosai/bosai-top/taiou/map_7077_5000.html", "license": "unknown", "updated": "2026-05-14"}}, {"type": "Feature", "geometry": {"type": "Point", "coordinates": [139.842102, 35.696175]}, "properties": {"muni": "江東区", "name": "タムスさくらの杜亀戸", "address": "亀戸9丁目6番27号", "category": "福祉避難所", "source": "江東区「避難所・避難場所」福祉避難所一覧 https://www.city.koto.lg.jp/057101/bosai/bosai-top/taiou/map_7077_5000.html", "license": "unknown", "updated": "2026-05-14"}}, {"type": "Feature", "geometry": {"type": "Point", "coordinates": [139.832886, 35.666809]}, "properties": {"muni": "江東区", "name": "地域密着型介護施設", "address": "新砂3丁目3番11号", "category": "福祉避難所", "source": "江東区「避難所・避難場所」福祉避難所一覧 https://www.city.koto.lg.jp/057101/bosai/bosai-top/taiou/map_7077_5000.html", "license": "unknown", "updated": "2026-05-14"}}, {"type": "Feature", "geometry": {"type": "Point", "coordinates": [139.802383, 35.657299]}, "properties": {"muni": "江東区", "name": "枝川高齢者在宅サービスセンター", "address": "枝川1丁目8番15号", "category": "福祉避難所", "source": "江東区「避難所・避難場所」福祉避難所一覧 https://www.city.koto.lg.jp/057101/bosai/bosai-top/taiou/map_7077_5000.html", "license": "unknown", "updated": "2026-05-14"}}, {"type": "Feature", "geometry": {"type": "Point", "coordinates": [139.805374, 35.682259]}, "properties": {"muni": "江東区", "name": "白河高齢者在宅サービスセンター", "address": "白河3丁目4番3号", "category": "福祉避難所", "source": "江東区「避難所・避難場所」福祉避難所一覧 https://www.city.koto.lg.jp/057101/bosai/bosai-top/taiou/map_7077_5000.html", "license": "unknown", "updated": "2026-05-14"}}, {"type": "Feature", "geometry": {"type": "Point", "coordinates": [139.812103, 35.674683]}, "properties": {"muni": "江東区", "name": "東陽高齢者在宅サービスセンター", "address": "東陽6丁目2番17号", "category": "福祉避難所", "source": "江東区「避難所・避難場所」福祉避難所一覧 https://www.city.koto.lg.jp/057101/bosai/bosai-top/taiou/map_7077_5000.html", "license": "unknown", "updated": "2026-05-14"}}, {"type": "Feature", "geometry": {"type": "Point", "coordinates": [139.826797, 35.702396]}, "properties": {"muni": "江東区", "name": "亀戸高齢者在宅サービスセンター", "address": "亀戸4丁目21番13号", "category": "福祉避難所", "source": "江東区「避難所・避難場所」福祉避難所一覧 https://www.city.koto.lg.jp/057101/bosai/bosai-top/taiou/map_7077_5000.html", "license": "unknown", "updated": "2026-05-14"}}, {"type": "Feature", "geometry": {"type": "Point", "coordinates": [139.83638, 35.692703]}, "properties": {"muni": "江東区", "name": "大島高齢者在宅サービスセンター", "address": "大島6丁目14番4号", "category": "福祉避難所", "source": "江東区「避難所・避難場所」福祉避難所一覧 https://www.city.koto.lg.jp/057101/bosai/bosai-top/taiou/map_7077_5000.html", "license": "unknown", "updated": "2026-05-14"}}, {"type": "Feature", "geometry": {"type": "Point", "coordinates": [139.823013, 35.671898]}, "properties": {"muni": "江東区", "name": "南砂高齢者在宅サービスセンター", "address": "南砂2丁目3番5号", "category": "福祉避難所", "source": "江東区「避難所・避難場所」福祉避難所一覧 https://www.city.koto.lg.jp/057101/bosai/bosai-top/taiou/map_7077_5000.html", "license": "unknown", "updated": "2026-05-14"}}, {"type": "Feature", "geometry": {"type": "Point", "coordinates": [139.800339, 35.667465]}, "properties": {"muni": "江東区", "name": "古石場高齢者在宅サービスセンター", "address": "古石場2丁目14番1号", "category": "福祉避難所", "source": "江東区「避難所・避難場所」福祉避難所一覧 https://www.city.koto.lg.jp/057101/bosai/bosai-top/taiou/map_7077_5000.html", "license": "unknown", "updated": "2026-05-14"}}, {"type": "Feature", "geometry": {"type": "Point", "coordinates": [139.805634, 35.662201]}, "properties": {"muni": "江東区", "name": "塩浜福祉園(塩浜福祉会館を含む)", "address": "塩浜2丁目5番20号", "category": "福祉避難所", "source": "江東区「避難所・避難場所」福祉避難所一覧 https://www.city.koto.lg.jp/057101/bosai/bosai-top/taiou/map_7077_5000.html", "license": "unknown", "updated": "2026-05-14"}}, {"type": "Feature", "geometry": {"type": "Point", "coordinates": [139.845184, 35.680843]}, "properties": {"muni": "江東区", "name": "東砂福祉園", "address": "東砂3丁目30番6号", "category": "福祉避難所", "source": "江東区「避難所・避難場所」福祉避難所一覧 https://www.city.koto.lg.jp/057101/bosai/bosai-top/taiou/map_7077_5000.html", "license": "unknown", "updated": "2026-05-14"}}, {"type": "Feature", "geometry": {"type": "Point", "coordinates": [139.841843, 35.696339]}, "properties": {"muni": "江東区", "name": "亀戸福祉園", "address": "亀戸9丁目6番29号", "category": "福祉避難所", "source": "江東区「避難所・避難場所」福祉避難所一覧 https://www.city.koto.lg.jp/057101/bosai/bosai-top/taiou/map_7077_5000.html", "license": "unknown", "updated": "2026-05-14"}}, {"type": "Feature", "geometry": {"type": "Point", "coordinates": [139.820404, 35.682396]}, "properties": {"muni": "江東区", "name": "障害者福祉センター", "address": "扇橋3丁目7番2号", "category": "福祉避難所", "source": "江東区「避難所・避難場所」福祉避難所一覧 https://www.city.koto.lg.jp/057101/bosai/bosai-top/taiou/map_7077_5000.html", "license": "unknown", "updated": "2026-05-14"}}, {"type": "Feature", "geometry": {"type": "Point", "coordinates": [139.834976, 35.691833]}, "properties": {"muni": "江東区", "name": "城東特別支援学校", "address": "大島6丁目7番3号", "category": "福祉避難所", "source": "江東区「避難所・避難場所」福祉避難所一覧 https://www.city.koto.lg.jp/057101/bosai/bosai-top/taiou/map_7077_5000.html", "license": "unknown", "updated": "2026-05-14"}}, {"type": "Feature", "geometry": {"type": "Point", "coordinates": [139.818008, 35.674114]}, "properties": {"muni": "江東区", "name": "江東特別支援学校", "address": "東陽4丁目11番45号", "category": "福祉避難所", "source": "江東区「避難所・避難場所」福祉避難所一覧 https://www.city.koto.lg.jp/057101/bosai/bosai-top/taiou/map_7077_5000.html", "license": "unknown", "updated": "2026-05-14"}}, {"type": "Feature", "geometry": {"type": "Point", "coordinates": [139.818176, 35.685562]}, "properties": {"muni": "江東区", "name": "墨東特別支援学校", "address": "猿江2丁目16番18号", "category": "福祉避難所", "source": "江東区「避難所・避難場所」福祉避難所一覧 https://www.city.koto.lg.jp/057101/bosai/bosai-top/taiou/map_7077_5000.html", "license": "unknown", "updated": "2026-05-14"}}, {"type": "Feature", "geometry": {"type": "Point", "coordinates": [139.803802, 35.660706]}, "properties": {"muni": "江東区", "name": "Up to You 塩浜 Living", "address": "塩浜2丁目5番3号", "category": "福祉避難所", "source": "江東区「避難所・避難場所」福祉避難所一覧 https://www.city.koto.lg.jp/057101/bosai/bosai-top/taiou/map_7077_5000.html", "license": "unknown", "updated": "2026-05-14"}}, {"type": "Feature", "geometry": {"type": "Point", "coordinates": [139.804993, 35.662392]}, "properties": {"muni": "江東区", "name": "塩崎荘", "address": "塩浜2丁目5番16号", "category": "福祉避難所", "source": "江東区「避難所・避難場所」福祉避難所一覧 https://www.city.koto.lg.jp/057101/bosai/bosai-top/taiou/map_7077_5000.html", "license": "unknown", "updated": "2026-05-14"}}, {"type": "Feature", "properties": {"muni": "杉並区", "name": "すぎのき生活園", "address": "東京都杉並区井草3-18-14", "category": "福祉救援所（区立施設・障害者通所施設）", "source": "杉並区地域防災計画（震災・風水害編）別冊資料（令和6年修正）資料240「第二次救援所・福祉救援所一覧」 https://www.city.suginami.tokyo.jp/documents/5986/shiryo.pdf", "license": "unknown", "updated": "令和6年修正版"}, "geometry": {"type": "Point", "coordinates": [139.615814, 35.727673]}}, {"type": "Feature", "properties": {"muni": "杉並区", "name": "こども発達センター", "address": "東京都杉並区高井戸東1-18-5", "category": "福祉救援所（区立施設・児童発達支援センター）", "source": "杉並区地域防災計画（震災・風水害編）別冊資料（令和6年修正）資料240「第二次救援所・福祉救援所一覧」 https://www.city.suginami.tokyo.jp/documents/5986/shiryo.pdf", "license": "unknown", "updated": "令和6年修正版"}, "geometry": {"type": "Point", "coordinates": [139.619919, 35.682281]}}, {"type": "Feature", "properties": {"muni": "杉並区", "name": "こすもす生活園", "address": "東京都杉並区堀ノ内1-27-9", "category": "福祉救援所（区立施設・障害者通所施設）", "source": "杉並区地域防災計画（震災・風水害編）別冊資料（令和6年修正）資料240「第二次救援所・福祉救援所一覧」 https://www.city.suginami.tokyo.jp/documents/5986/shiryo.pdf", "license": "unknown", "updated": "令和6年修正版"}, "geometry": {"type": "Point", "coordinates": [139.648026, 35.687065]}}, {"type": "Feature", "properties": {"muni": "杉並区", "name": "済美養護学校", "address": "東京都杉並区堀ノ内1-19-25", "category": "福祉救援所（区立施設・特別支援学校）", "source": "杉並区地域防災計画（震災・風水害編）別冊資料（令和6年修正）資料240「第二次救援所・福祉救援所一覧」 https://www.city.suginami.tokyo.jp/documents/5986/shiryo.pdf", "license": "unknown", "updated": "令和6年修正版"}, "geometry": {"type": "Point", "coordinates": [139.651001, 35.685665]}}, {"type": "Feature", "properties": {"muni": "杉並区", "name": "なのはな生活園", "address": "東京都杉並区宮前2-22-4", "category": "福祉救援所（区立施設・障害者通所施設）", "source": "杉並区地域防災計画（震災・風水害編）別冊資料（令和6年修正）資料240「第二次救援所・福祉救援所一覧」 https://www.city.suginami.tokyo.jp/documents/5986/shiryo.pdf", "license": "unknown", "updated": "令和6年修正版"}, "geometry": {"type": "Point", "coordinates": [139.613281, 35.692017]}}, {"type": "Feature", "properties": {"muni": "杉並区", "name": "永福学園", "address": "東京都杉並区永福1-7-28", "category": "福祉救援所（都立施設・特別支援学校）", "source": "杉並区地域防災計画（震災・風水害編）別冊資料（令和6年修正）資料240「第二次救援所・福祉救援所一覧」 https://www.city.suginami.tokyo.jp/documents/5986/shiryo.pdf", "license": "unknown", "updated": "令和6年修正版"}, "geometry": {"type": "Point", "coordinates": [139.644867, 35.670731]}}, {"type": "Feature", "properties": {"muni": "杉並区", "name": "中央ろう学校", "address": "東京都杉並区下高井戸2-22-10", "category": "福祉救援所（都立施設・聴覚障害特別支援学校）", "source": "杉並区地域防災計画（震災・風水害編）別冊資料（令和6年修正）資料240「第二次救援所・福祉救援所一覧」 https://www.city.suginami.tokyo.jp/documents/5986/shiryo.pdf", "license": "unknown", "updated": "令和6年修正版"}, "geometry": {"type": "Point", "coordinates": [139.641327, 35.66938]}}, {"type": "Feature", "properties": {"muni": "杉並区", "name": "沓掛ホーム", "address": "東京都杉並区本天沼3-34-28", "category": "福祉救援所（民間施設・特養ホーム）", "source": "杉並区地域防災計画（震災・風水害編）別冊資料（令和6年修正）資料240「第二次救援所・福祉救援所一覧」 https://www.city.suginami.tokyo.jp/documents/5986/shiryo.pdf", "license": "unknown", "updated": "令和6年修正版"}, "geometry": {"type": "Point", "coordinates": [139.62236, 35.716404]}}, {"type": "Feature", "properties": {"muni": "杉並区", "name": "ベネッセケアハウス今川", "address": "東京都杉並区今川2-5-18", "category": "福祉救援所（民間施設・軽費老人ホーム）", "source": "杉並区地域防災計画（震災・風水害編）別冊資料（令和6年修正）資料240「第二次救援所・福祉救援所一覧」 https://www.city.suginami.tokyo.jp/documents/5986/shiryo.pdf", "license": "unknown", "updated": "令和6年修正版"}, "geometry": {"type": "Point", "coordinates": [139.608536, 35.715569]}}, {"type": "Feature", "properties": {"muni": "杉並区", "name": "杉並育成園すだちの里すぎなみ", "address": "東京都杉並区今川2-14-12", "category": "福祉救援所（民間施設・知的障害者入所更生施設）", "source": "杉並区地域防災計画（震災・風水害編）別冊資料（令和6年修正）資料240「第二次救援所・福祉救援所一覧」 https://www.city.suginami.tokyo.jp/documents/5986/shiryo.pdf", "license": "unknown", "updated": "令和6年修正版"}, "geometry": {"type": "Point", "coordinates": [139.608887, 35.71804]}}, {"type": "Feature", "properties": {"muni": "杉並区", "name": "すぎなみ正吉苑", "address": "東京都杉並区清水2-15-24", "category": "福祉救援所（民間施設・特養ホーム）", "source": "杉並区地域防災計画（震災・風水害編）別冊資料（令和6年修正）資料240「第二次救援所・福祉救援所一覧」 https://www.city.suginami.tokyo.jp/documents/5986/shiryo.pdf", "license": "unknown", "updated": "令和6年修正版"}, "geometry": {"type": "Point", "coordinates": [139.618286, 35.714237]}}, {"type": "Feature", "properties": {"muni": "杉並区", "name": "リバービレッジ杉並", "address": "東京都杉並区清水3-3-13", "category": "福祉救援所（民間施設・特養ホーム）", "source": "杉並区地域防災計画（震災・風水害編）別冊資料（令和6年修正）資料240「第二次救援所・福祉救援所一覧」 https://www.city.suginami.tokyo.jp/documents/5986/shiryo.pdf", "license": "unknown", "updated": "令和6年修正版"}, "geometry": {"type": "Point", "coordinates": [139.619324, 35.716778]}}, {"type": "Feature", "properties": {"muni": "杉並区", "name": "ビーステップ井草", "address": "東京都杉並区井草5-10-22", "category": "福祉救援所（民間施設・通所介護施設）", "source": "杉並区地域防災計画（震災・風水害編）別冊資料（令和6年修正）資料240「第二次救援所・福祉救援所一覧」 https://www.city.suginami.tokyo.jp/documents/5986/shiryo.pdf", "license": "unknown", "updated": "令和6年修正版"}, "geometry": {"type": "Point", "coordinates": [139.607758, 35.726192]}}, {"type": "Feature", "properties": {"muni": "杉並区", "name": "上井草園", "address": "東京都杉並区上井草3-33-10", "category": "福祉救援所（民間施設・特養ホーム）", "source": "杉並区地域防災計画（震災・風水害編）別冊資料（令和6年修正）資料240「第二次救援所・福祉救援所一覧」 https://www.city.suginami.tokyo.jp/documents/5986/shiryo.pdf", "license": "unknown", "updated": "令和6年修正版"}, "geometry": {"type": "Point", "coordinates": [139.602463, 35.724243]}}, {"type": "Feature", "properties": {"muni": "杉並区", "name": "サンフレンズ善福寺", "address": "東京都杉並区善福寺3-27-11", "category": "福祉救援所（民間施設・特養ホーム）", "source": "杉並区地域防災計画（震災・風水害編）別冊資料（令和6年修正）資料240「第二次救援所・福祉救援所一覧」 https://www.city.suginami.tokyo.jp/documents/5986/shiryo.pdf", "license": "unknown", "updated": "令和6年修正版"}, "geometry": {"type": "Point", "coordinates": [139.587357, 35.715229]}}, {"type": "Feature", "properties": {"muni": "杉並区", "name": "シーダ・ウォーク", "address": "東京都杉並区桃井3-4-9", "category": "福祉救援所（民間施設・介護老人保健施設）", "source": "杉並区地域防災計画（震災・風水害編）別冊資料（令和6年修正）資料240「第二次救援所・福祉救援所一覧」 https://www.city.suginami.tokyo.jp/documents/5986/shiryo.pdf", "license": "unknown", "updated": "令和6年修正版"}, "geometry": {"type": "Point", "coordinates": [139.605484, 35.711887]}}, {"type": "Feature", "properties": {"muni": "杉並区", "name": "上井草グルップボエンデ", "address": "東京都杉並区上井草4-3-22", "category": "福祉救援所（民間施設・認知症高齢者グループホーム）", "source": "杉並区地域防災計画（震災・風水害編）別冊資料（令和6年修正）資料240「第二次救援所・福祉救援所一覧」 https://www.city.suginami.tokyo.jp/documents/5986/shiryo.pdf", "license": "unknown", "updated": "令和6年修正版"}, "geometry": {"type": "Point", "coordinates": [139.597534, 35.718563]}}, {"type": "Feature", "properties": {"muni": "杉並区", "name": "あけぼの作業所", "address": "東京都杉並区上井草4-3-11", "category": "福祉救援所（民間施設・障害者通所施設）", "source": "杉並区地域防災計画（震災・風水害編）別冊資料（令和6年修正）資料240「第二次救援所・福祉救援所一覧」 https://www.city.suginami.tokyo.jp/documents/5986/shiryo.pdf", "license": "unknown", "updated": "令和6年修正版"}, "geometry": {"type": "Point", "coordinates": [139.596954, 35.717697]}}, {"type": "Feature", "properties": {"muni": "杉並区", "name": "さんじゅ阿佐谷", "address": "東京都杉並区阿佐谷北1-2-1", "category": "福祉救援所（民間施設・特養ホーム）", "source": "杉並区地域防災計画（震災・風水害編）別冊資料（令和6年修正）資料240「第二次救援所・福祉救援所一覧」 https://www.city.suginami.tokyo.jp/documents/5986/shiryo.pdf", "license": "unknown", "updated": "令和6年修正版"}, "geometry": {"type": "Point", "coordinates": [139.639618, 35.705116]}}, {"type": "Feature", "properties": {"muni": "杉並区", "name": "阿佐谷福祉工房", "address": "東京都杉並区天沼1-15-18", "category": "福祉救援所（民間施設・障害者通所施設）", "source": "杉並区地域防災計画（震災・風水害編）別冊資料（令和6年修正）資料240「第二次救援所・福祉救援所一覧」 https://www.city.suginami.tokyo.jp/documents/5986/shiryo.pdf", "license": "unknown", "updated": "令和6年修正版"}, "geometry": {"type": "Point", "coordinates": [139.630249, 35.70779]}}, {"type": "Feature", "properties": {"muni": "杉並区", "name": "フェニックス杉並", "address": "東京都杉並区天沼3-19-14", "category": "福祉救援所（民間施設・特養ホーム）", "source": "杉並区地域防災計画（震災・風水害編）別冊資料（令和6年修正）資料240「第二次救援所・福祉救援所一覧」 https://www.city.suginami.tokyo.jp/documents/5986/shiryo.pdf", "license": "unknown", "updated": "令和6年修正版"}, "geometry": {"type": "Point", "coordinates": [139.620377, 35.710262]}}, {"type": "Feature", "properties": {"muni": "杉並区", "name": "バンブーワァオ高円寺校", "address": "東京都杉並区高円寺北4-15-2", "category": "福祉救援所（民間施設・放課後等デイサービス施設）", "source": "杉並区地域防災計画（震災・風水害編）別冊資料（令和6年修正）資料240「第二次救援所・福祉救援所一覧」 https://www.city.suginami.tokyo.jp/documents/5986/shiryo.pdf", "license": "unknown", "updated": "令和6年修正版"}, "geometry": {"type": "Point", "coordinates": [139.645065, 35.706448]}}, {"type": "Feature", "properties": {"muni": "杉並区", "name": "マイルドハート高円寺ほのぼの", "address": "東京都杉並区高円寺北1-28-1", "category": "福祉救援所（民間施設・特養ホーム）", "source": "杉並区地域防災計画（震災・風水害編）別冊資料（令和6年修正）資料240「第二次救援所・福祉救援所一覧」 https://www.city.suginami.tokyo.jp/documents/5986/shiryo.pdf", "license": "unknown", "updated": "令和6年修正版"}, "geometry": {"type": "Point", "coordinates": [139.657852, 35.708057]}}, {"type": "Feature", "properties": {"muni": "杉並区", "name": "マイルドハート高円寺なでしこ", "address": "東京都杉並区高円寺北1-28-1", "category": "福祉救援所（民間施設・障害者支援施設）", "source": "杉並区地域防災計画（震災・風水害編）別冊資料（令和6年修正）資料240「第二次救援所・福祉救援所一覧」 https://www.city.suginami.tokyo.jp/documents/5986/shiryo.pdf", "license": "unknown", "updated": "令和6年修正版"}, "geometry": {"type": "Point", "coordinates": [139.657852, 35.708057]}}, {"type": "Feature", "properties": {"muni": "杉並区", "name": "ブース記念老人保健施設グレイス", "address": "東京都杉並区和田1-40-15", "category": "福祉救援所（民間施設・介護老人保健施設）", "source": "杉並区地域防災計画（震災・風水害編）別冊資料（令和6年修正）資料240「第二次救援所・福祉救援所一覧」 https://www.city.suginami.tokyo.jp/documents/5986/shiryo.pdf", "license": "unknown", "updated": "令和6年修正版"}, "geometry": {"type": "Point", "coordinates": [139.659836, 35.690884]}}, {"type": "Feature", "properties": {"muni": "杉並区", "name": "ニチイホーム杉並堀ノ内", "address": "東京都杉並区堀ノ内2-29-16", "category": "福祉救援所（民間施設・介護付き有料老人ホーム）", "source": "杉並区地域防災計画（震災・風水害編）別冊資料（令和6年修正）資料240「第二次救援所・福祉救援所一覧」 https://www.city.suginami.tokyo.jp/documents/5986/shiryo.pdf", "license": "unknown", "updated": "令和6年修正版"}, "geometry": {"type": "Point", "coordinates": [139.653961, 35.690529]}}, {"type": "Feature", "properties": {"muni": "杉並区", "name": "プライムガーデンズ高円寺", "address": "東京都杉並区高円寺南5-33-7", "category": "福祉救援所（民間施設・特養ホーム）", "source": "杉並区地域防災計画（震災・風水害編）別冊資料（令和6年修正）資料240「第二次救援所・福祉救援所一覧」 https://www.city.suginami.tokyo.jp/documents/5986/shiryo.pdf", "license": "unknown", "updated": "令和6年修正版"}, "geometry": {"type": "Point", "coordinates": [139.654968, 35.705055]}}, {"type": "Feature", "properties": {"muni": "杉並区", "name": "愛敬苑", "address": "東京都杉並区和田1-3-7", "category": "福祉救援所（民間施設・特養ホーム）", "source": "杉並区地域防災計画（震災・風水害編）別冊資料（令和6年修正）資料240「第二次救援所・福祉救援所一覧」 https://www.city.suginami.tokyo.jp/documents/5986/shiryo.pdf", "license": "unknown", "updated": "令和6年修正版"}, "geometry": {"type": "Point", "coordinates": [139.663986, 35.68948]}}, {"type": "Feature", "properties": {"muni": "杉並区", "name": "和田堀ホーム", "address": "東京都杉並区和田2-27-8", "category": "福祉救援所（民間施設・特養ホーム）", "source": "杉並区地域防災計画（震災・風水害編）別冊資料（令和6年修正）資料240「第二次救援所・福祉救援所一覧」 https://www.city.suginami.tokyo.jp/documents/5986/shiryo.pdf", "license": "unknown", "updated": "令和6年修正版"}, "geometry": {"type": "Point", "coordinates": [139.655014, 35.690464]}}, {"type": "Feature", "properties": {"muni": "杉並区", "name": "南陽園等", "address": "東京都杉並区高井戸西1-12-1", "category": "福祉救援所（民間施設・特養ホーム）", "source": "杉並区地域防災計画（震災・風水害編）別冊資料（令和6年修正）資料240「第二次救援所・福祉救援所一覧」 https://www.city.suginami.tokyo.jp/documents/5986/shiryo.pdf", "license": "unknown", "updated": "令和6年修正版"}, "geometry": {"type": "Point", "coordinates": [139.609787, 35.67963]}}, {"type": "Feature", "properties": {"muni": "杉並区", "name": "さんじゅ久我山", "address": "東京都杉並区久我山3-47-16", "category": "福祉救援所（民間施設・特養ホーム）", "source": "杉並区地域防災計画（震災・風水害編）別冊資料（令和6年修正）資料240「第二次救援所・福祉救援所一覧」 https://www.city.suginami.tokyo.jp/documents/5986/shiryo.pdf", "license": "unknown", "updated": "令和6年修正版"}, "geometry": {"type": "Point", "coordinates": [139.593414, 35.690121]}}, {"type": "Feature", "properties": {"muni": "杉並区", "name": "ひまわり作業所", "address": "東京都杉並区松庵2-22-22", "category": "福祉救援所（民間施設・障害者通所施設）", "source": "杉並区地域防災計画（震災・風水害編）別冊資料（令和6年修正）資料240「第二次救援所・福祉救援所一覧」 https://www.city.suginami.tokyo.jp/documents/5986/shiryo.pdf", "license": "unknown", "updated": "令和6年修正版"}, "geometry": {"type": "Point", "coordinates": [139.592896, 35.698528]}}, {"type": "Feature", "properties": {"muni": "杉並区", "name": "かえで園", "address": "東京都杉並区宮前5-5-1", "category": "福祉救援所（民間施設・特養ホーム）", "source": "杉並区地域防災計画（震災・風水害編）別冊資料（令和6年修正）資料240「第二次救援所・福祉救援所一覧」 https://www.city.suginami.tokyo.jp/documents/5986/shiryo.pdf", "license": "unknown", "updated": "令和6年修正版"}, "geometry": {"type": "Point", "coordinates": [139.598648, 35.69223]}}, {"type": "Feature", "properties": {"muni": "杉並区", "name": "山河", "address": "東京都杉並区高井戸東3-30-13", "category": "福祉救援所（民間施設・特養ホーム）", "source": "杉並区地域防災計画（震災・風水害編）別冊資料（令和6年修正）資料240「第二次救援所・福祉救援所一覧」 https://www.city.suginami.tokyo.jp/documents/5986/shiryo.pdf", "license": "unknown", "updated": "令和6年修正版"}, "geometry": {"type": "Point", "coordinates": [139.618408, 35.687244]}}, {"type": "Feature", "properties": {"muni": "杉並区", "name": "ウェルファー", "address": "東京都杉並区堀ノ内1-6-6", "category": "福祉救援所（民間施設・介護老人保健施設）", "source": "杉並区地域防災計画（震災・風水害編）別冊資料（令和6年修正）資料240「第二次救援所・福祉救援所一覧」 https://www.city.suginami.tokyo.jp/documents/5986/shiryo.pdf", "license": "unknown", "updated": "令和6年修正版"}, "geometry": {"type": "Point", "coordinates": [139.653595, 35.683041]}}, {"type": "Feature", "properties": {"muni": "杉並区", "name": "和泉サナホーム", "address": "東京都杉並区和泉4-16-10", "category": "福祉救援所（民間施設・特養ホーム）", "source": "杉並区地域防災計画（震災・風水害編）別冊資料（令和6年修正）資料240「第二次救援所・福祉救援所一覧」 https://www.city.suginami.tokyo.jp/documents/5986/shiryo.pdf", "license": "unknown", "updated": "令和6年修正版"}, "geometry": {"type": "Point", "coordinates": [139.649002, 35.678677]}}, {"type": "Feature", "properties": {"muni": "杉並区", "name": "方南二丁目複合施設", "address": "東京都杉並区方南2-6-28", "category": "福祉救援所（民間施設・小規模多機能型居宅介護施設等）", "source": "杉並区地域防災計画（震災・風水害編）別冊資料（令和6年修正）資料240「第二次救援所・福祉救援所一覧」 https://www.city.suginami.tokyo.jp/documents/5986/shiryo.pdf", "license": "unknown", "updated": "令和6年修正版"}, "geometry": {"type": "Point", "coordinates": [139.659454, 35.680653]}}, {"type": "Feature", "properties": {"muni": "杉並区", "name": "永福南社会福祉ガーデン", "address": "東京都杉並区永福1-7-6", "category": "福祉救援所（民間施設・特養ホーム等）", "source": "杉並区地域防災計画（震災・風水害編）別冊資料（令和6年修正）資料240「第二次救援所・福祉救援所一覧」 https://www.city.suginami.tokyo.jp/documents/5986/shiryo.pdf", "license": "unknown", "updated": "令和6年修正版"}, "geometry": {"type": "Point", "coordinates": [139.641998, 35.669518]}}, {"type": "Feature", "properties": {"muni": "杉並区", "name": "新泉サナホーム", "address": "東京都杉並区和泉1-44-19", "category": "福祉救援所（民間施設・特養ホーム）", "source": "杉並区地域防災計画（震災・風水害編）別冊資料（令和6年修正）資料240「第二次救援所・福祉救援所一覧」 https://www.city.suginami.tokyo.jp/documents/5986/shiryo.pdf", "license": "unknown", "updated": "令和6年修正版"}, "geometry": {"type": "Point", "coordinates": [139.656158, 35.676262]}}, {"type": "Feature", "properties": {"muni": "杉並区", "name": "おぎくぼ紫苑", "address": "東京都杉並区荻窪3-7-30", "category": "福祉救援所（民間施設・特養ホーム）", "source": "杉並区地域防災計画（震災・風水害編）別冊資料（令和6年修正）資料240「第二次救援所・福祉救援所一覧」 https://www.city.suginami.tokyo.jp/documents/5986/shiryo.pdf", "license": "unknown", "updated": "令和6年修正版"}, "geometry": {"type": "Point", "coordinates": [139.625595, 35.696812]}}, {"type": "Feature", "properties": {"muni": "杉並区", "name": "ハートフル成田東", "address": "東京都杉並区成田東3-26-6", "category": "福祉救援所（民間施設・特養ホーム）", "source": "杉並区地域防災計画（震災・風水害編）別冊資料（令和6年修正）資料240「第二次救援所・福祉救援所一覧」 https://www.city.suginami.tokyo.jp/documents/5986/shiryo.pdf", "license": "unknown", "updated": "令和6年修正版"}, "geometry": {"type": "Point", "coordinates": [139.636597, 35.693928]}}, {"type": "Feature", "properties": {"muni": "荒川区", "name": "町屋ふれあい館", "address": "東京都荒川区町屋1-35-8", "category": "二次避難所", "source": "荒川区公式サイト「地震時に区が開設する避難所」 https://www.city.arakawa.tokyo.jp/a013/bousai/jishinnisonaete/hinajo.html", "license": "unknown", "updated": null}, "geometry": {"type": "Point", "coordinates": [139.785629, 35.744049]}}, {"type": "Feature", "properties": {"muni": "荒川区", "name": "荒木田ふれあい館", "address": "東京都荒川区町屋6-13-2", "category": "二次避難所", "source": "荒川区公式サイト「地震時に区が開設する避難所」 https://www.city.arakawa.tokyo.jp/a013/bousai/jishinnisonaete/hinajo.html", "license": "unknown", "updated": null}, "geometry": {"type": "Point", "coordinates": [139.783493, 35.750278]}}, {"type": "Feature", "properties": {"muni": "荒川区", "name": "ゆいの森あらかわ", "address": "東京都荒川区荒川2-50-1", "category": "二次避難所", "source": "荒川区公式サイト「地震時に区が開設する避難所」 https://www.city.arakawa.tokyo.jp/a013/bousai/jishinnisonaete/hinajo.html", "license": "unknown", "updated": null}, "geometry": {"type": "Point", "coordinates": [139.784164, 35.739521]}}, {"type": "Feature", "properties": {"muni": "荒川区", "name": "峡田ふれあい館", "address": "東京都荒川区荒川3-3-10", "category": "二次避難所", "source": "荒川区公式サイト「地震時に区が開設する避難所」 https://www.city.arakawa.tokyo.jp/a013/bousai/jishinnisonaete/hinajo.html", "license": "unknown", "updated": null}, "geometry": {"type": "Point", "coordinates": [139.783875, 35.733818]}}, {"type": "Feature", "properties": {"muni": "荒川区", "name": "花の木ひろば館", "address": "東京都荒川区荒川5-50-5", "category": "二次避難所", "source": "荒川区公式サイト「地震時に区が開設する避難所」 https://www.city.arakawa.tokyo.jp/a013/bousai/jishinnisonaete/hinajo.html", "license": "unknown", "updated": null}, "geometry": {"type": "Point", "coordinates": [139.774704, 35.740208]}}, {"type": "Feature", "properties": {"muni": "荒川区", "name": "荒川山吹ふれあい館", "address": "東京都荒川区荒川7-6-8", "category": "二次避難所", "source": "荒川区公式サイト「地震時に区が開設する避難所」 https://www.city.arakawa.tokyo.jp/a013/bousai/jishinnisonaete/hinajo.html", "license": "unknown", "updated": null}, "geometry": {"type": "Point", "coordinates": [139.783936, 35.742664]}}, {"type": "Feature", "properties": {"muni": "荒川区", "name": "荒川さつき会館", "address": "東京都荒川区荒川8-16-13", "category": "二次避難所", "source": "荒川区公式サイト「地震時に区が開設する避難所」 https://www.city.arakawa.tokyo.jp/a013/bousai/jishinnisonaete/hinajo.html", "license": "unknown", "updated": null}, "geometry": {"type": "Point", "coordinates": [139.787033, 35.739185]}}, {"type": "Feature", "properties": {"muni": "荒川区", "name": "石浜ふれあい館", "address": "東京都荒川区南千住3-28-2", "category": "二次避難所", "source": "荒川区公式サイト「地震時に区が開設する避難所」 https://www.city.arakawa.tokyo.jp/a013/bousai/jishinnisonaete/hinajo.html", "license": "unknown", "updated": null}, "geometry": {"type": "Point", "coordinates": [139.805466, 35.728836]}}, {"type": "Feature", "properties": {"muni": "荒川区", "name": "南千住ふれあい館", "address": "東京都荒川区南千住6-36-13", "category": "二次避難所", "source": "荒川区公式サイト「地震時に区が開設する避難所」 https://www.city.arakawa.tokyo.jp/a013/bousai/jishinnisonaete/hinajo.html", "license": "unknown", "updated": null}, "geometry": {"type": "Point", "coordinates": [139.791199, 35.738144]}}, {"type": "Feature", "properties": {"muni": "荒川区", "name": "南千住駅前ふれあい館", "address": "東京都荒川区南千住7-1-1", "category": "二次避難所", "source": "荒川区公式サイト「地震時に区が開設する避難所」 https://www.city.arakawa.tokyo.jp/a013/bousai/jishinnisonaete/hinajo.html", "license": "unknown", "updated": null}, "geometry": {"type": "Point", "coordinates": [139.798203, 35.733074]}}, {"type": "Feature", "properties": {"muni": "荒川区", "name": "汐入ふれあい館", "address": "東京都荒川区南千住8-2-2", "category": "二次避難所", "source": "荒川区公式サイト「地震時に区が開設する避難所」 https://www.city.arakawa.tokyo.jp/a013/bousai/jishinnisonaete/hinajo.html", "license": "unknown", "updated": null}, "geometry": {"type": "Point", "coordinates": [139.807388, 35.735054]}}, {"type": "Feature", "properties": {"muni": "荒川区", "name": "尾久ふれあい館", "address": "東京都荒川区西尾久2-25-13", "category": "二次避難所", "source": "荒川区公式サイト「地震時に区が開設する避難所」 https://www.city.arakawa.tokyo.jp/a013/bousai/jishinnisonaete/hinajo.html", "license": "unknown", "updated": null}, "geometry": {"type": "Point", "coordinates": [139.763321, 35.750423]}}, {"type": "Feature", "properties": {"muni": "荒川区", "name": "西尾久みどりひろば館", "address": "東京都荒川区西尾久4-6-4", "category": "二次避難所", "source": "荒川区公式サイト「地震時に区が開設する避難所」 https://www.city.arakawa.tokyo.jp/a013/bousai/jishinnisonaete/hinajo.html", "license": "unknown", "updated": null}, "geometry": {"type": "Point", "coordinates": [139.761002, 35.743816]}}, {"type": "Feature", "properties": {"muni": "荒川区", "name": "西尾久ふれあい館", "address": "東京都荒川区西尾久8-33-31", "category": "二次避難所", "source": "荒川区公式サイト「地震時に区が開設する避難所」 https://www.city.arakawa.tokyo.jp/a013/bousai/jishinnisonaete/hinajo.html", "license": "unknown", "updated": null}, "geometry": {"type": "Point", "coordinates": [139.75351, 35.751556]}}, {"type": "Feature", "properties": {"muni": "荒川区", "name": "東尾久小沼ひろば館", "address": "東京都荒川区東尾久1-21-23", "category": "二次避難所", "source": "荒川区公式サイト「地震時に区が開設する避難所」 https://www.city.arakawa.tokyo.jp/a013/bousai/jishinnisonaete/hinajo.html", "license": "unknown", "updated": null}, "geometry": {"type": "Point", "coordinates": [139.771164, 35.739429]}}, {"type": "Feature", "properties": {"muni": "荒川区", "name": "東尾久本町通りふれあい館", "address": "東京都荒川区東尾久2-37-14", "category": "二次避難所", "source": "荒川区公式サイト「地震時に区が開設する避難所」 https://www.city.arakawa.tokyo.jp/a013/bousai/jishinnisonaete/hinajo.html", "license": "unknown", "updated": null}, "geometry": {"type": "Point", "coordinates": [139.771332, 35.744865]}}, {"type": "Feature", "properties": {"muni": "荒川区", "name": "熊野前ひろば館・男女平等推進センター", "address": "東京都荒川区東尾久5-9-3", "category": "二次避難所", "source": "荒川区公式サイト「地震時に区が開設する避難所」 https://www.city.arakawa.tokyo.jp/a013/bousai/jishinnisonaete/hinajo.html", "license": "unknown", "updated": null}, "geometry": {"type": "Point", "coordinates": [139.768723, 35.748184]}}, {"type": "Feature", "properties": {"muni": "荒川区", "name": "宮の前ひろば館", "address": "東京都荒川区東尾久5-45-11", "category": "二次避難所", "source": "荒川区公式サイト「地震時に区が開設する避難所」 https://www.city.arakawa.tokyo.jp/a013/bousai/jishinnisonaete/hinajo.html", "license": "unknown", "updated": null}, "geometry": {"type": "Point", "coordinates": [139.766434, 35.74873]}}, {"type": "Feature", "properties": {"muni": "荒川区", "name": "諏訪台ひろば館", "address": "東京都荒川区西日暮里3-3-12", "category": "二次避難所", "source": "荒川区公式サイト「地震時に区が開設する避難所」 https://www.city.arakawa.tokyo.jp/a013/bousai/jishinnisonaete/hinajo.html", "license": "unknown", "updated": null}, "geometry": {"type": "Point", "coordinates": [139.767548, 35.729588]}}, {"type": "Feature", "properties": {"muni": "荒川区", "name": "西日暮里ふれあい館", "address": "東京都荒川区西日暮里6-24-4", "category": "二次避難所", "source": "荒川区公式サイト「地震時に区が開設する避難所」 https://www.city.arakawa.tokyo.jp/a013/bousai/jishinnisonaete/hinajo.html", "license": "unknown", "updated": null}, "geometry": {"type": "Point", "coordinates": [139.770828, 35.736153]}}, {"type": "Feature", "properties": {"muni": "荒川区", "name": "東日暮里ふれあい館", "address": "東京都荒川区東日暮里1-17-13", "category": "二次避難所", "source": "荒川区公式サイト「地震時に区が開設する避難所」 https://www.city.arakawa.tokyo.jp/a013/bousai/jishinnisonaete/hinajo.html", "license": "unknown", "updated": null}, "geometry": {"type": "Point", "coordinates": [139.790192, 35.729561]}}, {"type": "Feature", "properties": {"muni": "荒川区", "name": "夕やけこやけふれあい館", "address": "東京都荒川区東日暮里3-11-19", "category": "二次避難所", "source": "荒川区公式サイト「地震時に区が開設する避難所」 https://www.city.arakawa.tokyo.jp/a013/bousai/jishinnisonaete/hinajo.html", "license": "unknown", "updated": null}, "geometry": {"type": "Point", "coordinates": [139.781189, 35.730007]}}, {"type": "Feature", "properties": {"muni": "荒川区", "name": "ひぐらしふれあい館", "address": "東京都荒川区東日暮里6-28-15", "category": "二次避難所", "source": "荒川区公式サイト「地震時に区が開設する避難所」 https://www.city.arakawa.tokyo.jp/a013/bousai/jishinnisonaete/hinajo.html", "license": "unknown", "updated": null}, "geometry": {"type": "Point", "coordinates": [139.776093, 35.733192]}}, {"type": "Feature", "properties": {"muni": "荒川区", "name": "特別養護老人ホームおたけの郷", "address": "東京都荒川区町屋7-18-11", "category": "福祉避難所（高齢者用）", "source": "荒川区公式サイト「地震時に区が開設する避難所」 https://www.city.arakawa.tokyo.jp/a013/bousai/jishinnisonaete/hinajo.html", "license": "unknown", "updated": null}, "geometry": {"type": "Point", "coordinates": [139.78894, 35.749836]}}, {"type": "Feature", "properties": {"muni": "荒川区", "name": "特別養護老人ホームさくら館", "address": "東京都荒川区町屋7-10-6", "category": "福祉避難所（高齢者用）", "source": "荒川区公式サイト「地震時に区が開設する避難所」 https://www.city.arakawa.tokyo.jp/a013/bousai/jishinnisonaete/hinajo.html", "license": "unknown", "updated": null}, "geometry": {"type": "Point", "coordinates": [139.786621, 35.749084]}}, {"type": "Feature", "properties": {"muni": "荒川区", "name": "荒川東部在宅高齢者通所サービスセンター （荒川老人福祉センター併設）", "address": "東京都荒川区荒川1-34-6", "category": "福祉避難所（高齢者用）", "source": "荒川区公式サイト「地震時に区が開設する避難所」 https://www.city.arakawa.tokyo.jp/a013/bousai/jishinnisonaete/hinajo.html", "license": "unknown", "updated": null}, "geometry": {"type": "Point", "coordinates": [139.78685, 35.734135]}}, {"type": "Feature", "properties": {"muni": "荒川区", "name": "特別養護老人ホーム花の木ハイム荒川", "address": "東京都荒川区荒川5-47-2", "category": "福祉避難所（高齢者用）", "source": "荒川区公式サイト「地震時に区が開設する避難所」 https://www.city.arakawa.tokyo.jp/a013/bousai/jishinnisonaete/hinajo.html", "license": "unknown", "updated": null}, "geometry": {"type": "Point", "coordinates": [139.776016, 35.739952]}}, {"type": "Feature", "properties": {"muni": "荒川区", "name": "養護老人ホーム千寿苑", "address": "東京都荒川区南千住3-5-13", "category": "福祉避難所（高齢者用）", "source": "荒川区公式サイト「地震時に区が開設する避難所」 https://www.city.arakawa.tokyo.jp/a013/bousai/jishinnisonaete/hinajo.html", "license": "unknown", "updated": null}, "geometry": {"type": "Point", "coordinates": [139.800781, 35.729183]}}, {"type": "Feature", "properties": {"muni": "荒川区", "name": "特別養護老人ホームサンハイム荒川", "address": "東京都荒川区南千住3-14-7", "category": "福祉避難所（高齢者用）", "source": "荒川区公式サイト「地震時に区が開設する避難所」 https://www.city.arakawa.tokyo.jp/a013/bousai/jishinnisonaete/hinajo.html", "license": "unknown", "updated": null}, "geometry": {"type": "Point", "coordinates": [139.803268, 35.730125]}}, {"type": "Feature", "properties": {"muni": "荒川区", "name": "南千住中部在宅高齢者通所サービスセンター", "address": "東京都荒川区南千住4-9-6", "category": "福祉避難所（高齢者用）", "source": "荒川区公式サイト「地震時に区が開設する避難所」 https://www.city.arakawa.tokyo.jp/a013/bousai/jishinnisonaete/hinajo.html", "license": "unknown", "updated": null}, "geometry": {"type": "Point", "coordinates": [139.803864, 35.736294]}}, {"type": "Feature", "properties": {"muni": "荒川区", "name": "特別養護老人ホームグリーンハイム荒川 ※", "address": "東京都荒川区南千住6-36-5", "category": "福祉避難所（高齢者用）", "source": "荒川区公式サイト「地震時に区が開設する避難所」 https://www.city.arakawa.tokyo.jp/a013/bousai/jishinnisonaete/hinajo.html", "license": "unknown", "updated": null}, "geometry": {"type": "Point", "coordinates": [139.790939, 35.738708]}}, {"type": "Feature", "properties": {"muni": "荒川区", "name": "特別養護老人ホーム癒しの里南千住", "address": "東京都荒川区南千住6-67-8", "category": "福祉避難所（高齢者用）", "source": "荒川区公式サイト「地震時に区が開設する避難所」 https://www.city.arakawa.tokyo.jp/a013/bousai/jishinnisonaete/hinajo.html", "license": "unknown", "updated": null}, "geometry": {"type": "Point", "coordinates": [139.79454, 35.738888]}}, {"type": "Feature", "properties": {"muni": "荒川区", "name": "特別養護老人ホームあそかのぞみの郷", "address": "東京都荒川区西尾久1-1-12", "category": "福祉避難所（高齢者用）", "source": "荒川区公式サイト「地震時に区が開設する避難所」 https://www.city.arakawa.tokyo.jp/a013/bousai/jishinnisonaete/hinajo.html", "license": "unknown", "updated": null}, "geometry": {"type": "Point", "coordinates": [139.765015, 35.744434]}}, {"type": "Feature", "properties": {"muni": "荒川区", "name": "尾久生活実習所", "address": "東京都荒川区西尾久6-17-3", "category": "福祉避難所（高齢者用）", "source": "荒川区公式サイト「地震時に区が開設する避難所」 https://www.city.arakawa.tokyo.jp/a013/bousai/jishinnisonaete/hinajo.html", "license": "unknown", "updated": null}, "geometry": {"type": "Point", "coordinates": [139.759048, 35.751495]}}, {"type": "Feature", "properties": {"muni": "荒川区", "name": "東日暮里在宅高齢者通所サービスセンター", "address": "東京都荒川区東日暮里3-8-16", "category": "福祉避難所（高齢者用）", "source": "荒川区公式サイト「地震時に区が開設する避難所」 https://www.city.arakawa.tokyo.jp/a013/bousai/jishinnisonaete/hinajo.html", "license": "unknown", "updated": null}, "geometry": {"type": "Point", "coordinates": [139.782196, 35.729477]}}, {"type": "Feature", "properties": {"muni": "荒川区", "name": "スタートまちや", "address": "東京都荒川区町屋3-28-2", "category": "福祉避難所（障がい者用）", "source": "荒川区公式サイト「地震時に区が開設する避難所」 https://www.city.arakawa.tokyo.jp/a013/bousai/jishinnisonaete/hinajo.html", "license": "unknown", "updated": null}, "geometry": {"type": "Point", "coordinates": [139.782333, 35.748627]}}, {"type": "Feature", "properties": {"muni": "荒川区", "name": "スクラムあらかわ", "address": "東京都荒川区町屋6-28-13", "category": "福祉避難所（障がい者用）", "source": "荒川区公式サイト「地震時に区が開設する避難所」 https://www.city.arakawa.tokyo.jp/a013/bousai/jishinnisonaete/hinajo.html", "license": "unknown", "updated": null}, "geometry": {"type": "Point", "coordinates": [139.783981, 35.752342]}}, {"type": "Feature", "properties": {"muni": "荒川区", "name": "荒川生活実習所・福祉作業所", "address": "東京都荒川区荒川1-53-9", "category": "福祉避難所（障がい者用）", "source": "荒川区公式サイト「地震時に区が開設する避難所」 https://www.city.arakawa.tokyo.jp/a013/bousai/jishinnisonaete/hinajo.html", "license": "unknown", "updated": null}, "geometry": {"type": "Point", "coordinates": [139.785233, 35.732971]}}, {"type": "Feature", "properties": {"muni": "荒川区", "name": "心身障害者福祉センター(たんぽぽセンター)", "address": "東京都荒川区荒川1-53-20", "category": "福祉避難所（障がい者用）", "source": "荒川区公式サイト「地震時に区が開設する避難所」 https://www.city.arakawa.tokyo.jp/a013/bousai/jishinnisonaete/hinajo.html", "license": "unknown", "updated": null}, "geometry": {"type": "Point", "coordinates": [139.784317, 35.733135]}}, {"type": "Feature", "properties": {"muni": "荒川区", "name": "障害者福祉会館(アクロスあらかわ)", "address": "東京都荒川区荒川2-57-8", "category": "福祉避難所（障がい者用）", "source": "荒川区公式サイト「地震時に区が開設する避難所」 https://www.city.arakawa.tokyo.jp/a013/bousai/jishinnisonaete/hinajo.html", "license": "unknown", "updated": null}, "geometry": {"type": "Point", "coordinates": [139.783096, 35.740631]}}, {"type": "Feature", "properties": {"muni": "荒川区", "name": "尾久生活実習所・分場", "address": "東京都荒川区西尾久4-6-4", "category": "福祉避難所（障がい者用）", "source": "荒川区公式サイト「地震時に区が開設する避難所」 https://www.city.arakawa.tokyo.jp/a013/bousai/jishinnisonaete/hinajo.html", "license": "unknown", "updated": null}, "geometry": {"type": "Point", "coordinates": [139.761002, 35.743816]}}, {"type": "Feature", "properties": {"muni": "荒川区", "name": "精神障がい地域生活支援センター(アゼリア)", "address": "東京都荒川区東尾久5-45-11", "category": "福祉避難所（障がい者用）", "source": "荒川区公式サイト「地震時に区が開設する避難所」 https://www.city.arakawa.tokyo.jp/a013/bousai/jishinnisonaete/hinajo.html", "license": "unknown", "updated": null}, "geometry": {"type": "Point", "coordinates": [139.766434, 35.74873]}}, {"type": "Feature", "properties": {"muni": "荒川区", "name": "生活クラブスニーカー", "address": "東京都荒川区西日暮里6-25-3", "category": "福祉避難所（障がい者用）", "source": "荒川区公式サイト「地震時に区が開設する避難所」 https://www.city.arakawa.tokyo.jp/a013/bousai/jishinnisonaete/hinajo.html", "license": "unknown", "updated": null}, "geometry": {"type": "Point", "coordinates": [139.770859, 35.736717]}}, {"type": "Feature", "properties": {"muni": "荒川区", "name": "グループホームひぐらし", "address": "東京都荒川区東日暮里2-45-12", "category": "福祉避難所（障がい者用）", "source": "荒川区公式サイト「地震時に区が開設する避難所」 https://www.city.arakawa.tokyo.jp/a013/bousai/jishinnisonaete/hinajo.html", "license": "unknown", "updated": null}, "geometry": {"type": "Point", "coordinates": [139.783783, 35.730312]}}, {"type": "Feature", "properties": {"muni": "荒川区", "name": "作業所ボンエルフ", "address": "東京都荒川区東日暮里3-8-16", "category": "福祉避難所（障がい者用）", "source": "荒川区公式サイト「地震時に区が開設する避難所」 https://www.city.arakawa.tokyo.jp/a013/bousai/jishinnisonaete/hinajo.html", "license": "unknown", "updated": null}, "geometry": {"type": "Point", "coordinates": [139.782196, 35.729477]}}, {"type": "Feature", "properties": {"muni": "江戸川区", "name": "希望の家", "address": "江戸川区江戸川5-32-6", "category": "福祉避難所（福祉避難所・福祉避難室予定施設一覧表, 区施設）", "source": "江戸川区地域防災計画（令和7年度修正）資料編 資料5「福祉避難所・福祉避難室予定施設一覧表」(令和7年4月1日現在) https://www.city.edogawa.tokyo.jp/documents/523/14.pdf （掲載元 https://www.city.edogawa.tokyo.jp/e007/bosaianzen/bosai/kojo/kekaku/n_bousaikeikaku.html）", "license": null, "updated": "令和7年4月1日現在"}, "geometry": {"type": "Point", "coordinates": [139.882874, 35.672951]}}, {"type": "Feature", "properties": {"muni": "江戸川区", "name": "虹の家", "address": "江戸川区西篠崎2-18-22", "category": "福祉避難所（福祉避難所・福祉避難室予定施設一覧表, 区施設）", "source": "江戸川区地域防災計画（令和7年度修正）資料編 資料5「福祉避難所・福祉避難室予定施設一覧表」(令和7年4月1日現在) https://www.city.edogawa.tokyo.jp/documents/523/14.pdf （掲載元 https://www.city.edogawa.tokyo.jp/e007/bosaianzen/bosai/kojo/kekaku/n_bousaikeikaku.html）", "license": null, "updated": "令和7年4月1日現在"}, "geometry": {"type": "Point", "coordinates": [139.896622, 35.710068]}}, {"type": "Feature", "properties": {"muni": "江戸川区", "name": "みんなの家", "address": "江戸川区本一色3-38-3", "category": "福祉避難所（福祉避難所・福祉避難室予定施設一覧表, 区施設）", "source": "江戸川区地域防災計画（令和7年度修正）資料編 資料5「福祉避難所・福祉避難室予定施設一覧表」(令和7年4月1日現在) https://www.city.edogawa.tokyo.jp/documents/523/14.pdf （掲載元 https://www.city.edogawa.tokyo.jp/e007/bosaianzen/bosai/kojo/kekaku/n_bousaikeikaku.html）", "license": null, "updated": "令和7年4月1日現在"}, "geometry": {"type": "Point", "coordinates": [139.87233, 35.720776]}}, {"type": "Feature", "properties": {"muni": "江戸川区", "name": "えがおの家", "address": "江戸川区東葛西5-10-5", "category": "福祉避難所（福祉避難所・福祉避難室予定施設一覧表, 区施設）", "source": "江戸川区地域防災計画（令和7年度修正）資料編 資料5「福祉避難所・福祉避難室予定施設一覧表」(令和7年4月1日現在) https://www.city.edogawa.tokyo.jp/documents/523/14.pdf （掲載元 https://www.city.edogawa.tokyo.jp/e007/bosaianzen/bosai/kojo/kekaku/n_bousaikeikaku.html）", "license": null, "updated": "令和7年4月1日現在"}, "geometry": {"type": "Point", "coordinates": [139.874481, 35.665859]}}, {"type": "Feature", "properties": {"muni": "江戸川区", "name": "さくらの家", "address": "江戸川区小松川3-13-4", "category": "福祉避難所（福祉避難所・福祉避難室予定施設一覧表, 区施設）", "source": "江戸川区地域防災計画（令和7年度修正）資料編 資料5「福祉避難所・福祉避難室予定施設一覧表」(令和7年4月1日現在) https://www.city.edogawa.tokyo.jp/documents/523/14.pdf （掲載元 https://www.city.edogawa.tokyo.jp/e007/bosaianzen/bosai/kojo/kekaku/n_bousaikeikaku.html）", "license": null, "updated": "令和7年4月1日現在"}, "geometry": {"type": "Point", "coordinates": [139.853088, 35.699337]}}, {"type": "Feature", "properties": {"muni": "江戸川区", "name": "福祉作業所", "address": "江戸川区西小岩3-25-15", "category": "福祉避難所（福祉避難所・福祉避難室予定施設一覧表, 区施設）", "source": "江戸川区地域防災計画（令和7年度修正）資料編 資料5「福祉避難所・福祉避難室予定施設一覧表」(令和7年4月1日現在) https://www.city.edogawa.tokyo.jp/documents/523/14.pdf （掲載元 https://www.city.edogawa.tokyo.jp/e007/bosaianzen/bosai/kojo/kekaku/n_bousaikeikaku.html）", "license": null, "updated": "令和7年4月1日現在"}, "geometry": {"type": "Point", "coordinates": [139.877045, 35.737503]}}, {"type": "Feature", "properties": {"muni": "江戸川区", "name": "障害者就労支援センター", "address": "江戸川区東小岩6-15-2", "category": "福祉避難所（福祉避難所・福祉避難室予定施設一覧表, 区施設）", "source": "江戸川区地域防災計画（令和7年度修正）資料編 資料5「福祉避難所・福祉避難室予定施設一覧表」(令和7年4月1日現在) https://www.city.edogawa.tokyo.jp/documents/523/14.pdf （掲載元 https://www.city.edogawa.tokyo.jp/e007/bosaianzen/bosai/kojo/kekaku/n_bousaikeikaku.html）", "license": null, "updated": "令和7年4月1日現在"}, "geometry": {"type": "Point", "coordinates": [139.888184, 35.735023]}}, {"type": "Feature", "properties": {"muni": "江戸川区", "name": "都立鹿本学園", "address": "江戸川区本一色2-24-11", "category": "福祉避難所（福祉避難所・福祉避難室予定施設一覧表, 都施設(協定)）", "source": "江戸川区地域防災計画（令和7年度修正）資料編 資料5「福祉避難所・福祉避難室予定施設一覧表」(令和7年4月1日現在) https://www.city.edogawa.tokyo.jp/documents/523/14.pdf （掲載元 https://www.city.edogawa.tokyo.jp/e007/bosaianzen/bosai/kojo/kekaku/n_bousaikeikaku.html）", "license": null, "updated": "令和7年4月1日現在"}, "geometry": {"type": "Point", "coordinates": [139.875061, 35.7188]}}, {"type": "Feature", "properties": {"muni": "江戸川区", "name": "都立白鷺特別支援学校", "address": "江戸川区東小松川4-50-1", "category": "福祉避難所（福祉避難所・福祉避難室予定施設一覧表, 都施設(協定)）", "source": "江戸川区地域防災計画（令和7年度修正）資料編 資料5「福祉避難所・福祉避難室予定施設一覧表」(令和7年4月1日現在) https://www.city.edogawa.tokyo.jp/documents/523/14.pdf （掲載元 https://www.city.edogawa.tokyo.jp/e007/bosaianzen/bosai/kojo/kekaku/n_bousaikeikaku.html）", "license": null, "updated": "令和7年4月1日現在"}, "geometry": {"type": "Point", "coordinates": [139.864517, 35.689163]}}, {"type": "Feature", "properties": {"muni": "江戸川区", "name": "なぎさ和楽苑", "address": "江戸川区西葛西8-1-1", "category": "福祉避難所（福祉避難所・福祉避難室予定施設一覧表, 民間施設(協定)）", "source": "江戸川区地域防災計画（令和7年度修正）資料編 資料5「福祉避難所・福祉避難室予定施設一覧表」(令和7年4月1日現在) https://www.city.edogawa.tokyo.jp/documents/523/14.pdf （掲載元 https://www.city.edogawa.tokyo.jp/e007/bosaianzen/bosai/kojo/kekaku/n_bousaikeikaku.html）", "license": null, "updated": "令和7年4月1日現在"}, "geometry": {"type": "Point", "coordinates": [139.859192, 35.654945]}}, {"type": "Feature", "properties": {"muni": "江戸川区", "name": "リバーサイドグリーン", "address": "江戸川区江戸川1-11-3", "category": "福祉避難所（福祉避難所・福祉避難室予定施設一覧表, 民間施設(協定)）", "source": "江戸川区地域防災計画（令和7年度修正）資料編 資料5「福祉避難所・福祉避難室予定施設一覧表」(令和7年4月1日現在) https://www.city.edogawa.tokyo.jp/documents/523/14.pdf （掲載元 https://www.city.edogawa.tokyo.jp/e007/bosaianzen/bosai/kojo/kekaku/n_bousaikeikaku.html）", "license": null, "updated": "令和7年4月1日現在"}, "geometry": {"type": "Point", "coordinates": [139.902222, 35.688557]}}, {"type": "Feature", "properties": {"muni": "江戸川区", "name": "江東園（養護）", "address": "江戸川区江戸川1-11-3", "category": "福祉避難所（福祉避難所・福祉避難室予定施設一覧表, 民間施設(協定)）", "source": "江戸川区地域防災計画（令和7年度修正）資料編 資料5「福祉避難所・福祉避難室予定施設一覧表」(令和7年4月1日現在) https://www.city.edogawa.tokyo.jp/documents/523/14.pdf （掲載元 https://www.city.edogawa.tokyo.jp/e007/bosaianzen/bosai/kojo/kekaku/n_bousaikeikaku.html）", "license": null, "updated": "令和7年4月1日現在"}, "geometry": {"type": "Point", "coordinates": [139.902222, 35.688557]}}, {"type": "Feature", "properties": {"muni": "江戸川区", "name": "江東園ケアセンターつばき", "address": "江戸川区春江町2-5-15", "category": "福祉避難所（福祉避難所・福祉避難室予定施設一覧表, 民間施設(協定)）", "source": "江戸川区地域防災計画（令和7年度修正）資料編 資料5「福祉避難所・福祉避難室予定施設一覧表」(令和7年4月1日現在) https://www.city.edogawa.tokyo.jp/documents/523/14.pdf （掲載元 https://www.city.edogawa.tokyo.jp/e007/bosaianzen/bosai/kojo/kekaku/n_bousaikeikaku.html）", "license": null, "updated": "令和7年4月1日現在"}, "geometry": {"type": "Point", "coordinates": [139.887344, 35.70076]}}, {"type": "Feature", "properties": {"muni": "江戸川区", "name": "暖心苑", "address": "江戸川区北葛西4-3-16", "category": "福祉避難所（福祉避難所・福祉避難室予定施設一覧表, 民間施設(協定)）", "source": "江戸川区地域防災計画（令和7年度修正）資料編 資料5「福祉避難所・福祉避難室予定施設一覧表」(令和7年4月1日現在) https://www.city.edogawa.tokyo.jp/documents/523/14.pdf （掲載元 https://www.city.edogawa.tokyo.jp/e007/bosaianzen/bosai/kojo/kekaku/n_bousaikeikaku.html）", "license": null, "updated": "令和7年4月1日現在"}, "geometry": {"type": "Point", "coordinates": [139.862839, 35.671951]}}, {"type": "Feature", "properties": {"muni": "江戸川区", "name": "瑞江ホーム", "address": "江戸川区瑞江1-3-12", "category": "福祉避難所（福祉避難所・福祉避難室予定施設一覧表, 民間施設(協定)）", "source": "江戸川区地域防災計画（令和7年度修正）資料編 資料5「福祉避難所・福祉避難室予定施設一覧表」(令和7年4月1日現在) https://www.city.edogawa.tokyo.jp/documents/523/14.pdf （掲載元 https://www.city.edogawa.tokyo.jp/e007/bosaianzen/bosai/kojo/kekaku/n_bousaikeikaku.html）", "license": null, "updated": "令和7年4月1日現在"}, "geometry": {"type": "Point", "coordinates": [139.893433, 35.69965]}}, {"type": "Feature", "properties": {"muni": "江戸川区", "name": "小岩ホーム", "address": "江戸川区南小岩5-11-10", "category": "福祉避難所（福祉避難所・福祉避難室予定施設一覧表, 民間施設(協定)）", "source": "江戸川区地域防災計画（令和7年度修正）資料編 資料5「福祉避難所・福祉避難室予定施設一覧表」(令和7年4月1日現在) https://www.city.edogawa.tokyo.jp/documents/523/14.pdf （掲載元 https://www.city.edogawa.tokyo.jp/e007/bosaianzen/bosai/kojo/kekaku/n_bousaikeikaku.html）", "license": null, "updated": "令和7年4月1日現在"}, "geometry": {"type": "Point", "coordinates": [139.879684, 35.724964]}}, {"type": "Feature", "properties": {"muni": "江戸川区", "name": "長安寮", "address": "江戸川区篠崎町4-5-9", "category": "福祉避難所（福祉避難所・福祉避難室予定施設一覧表, 民間施設(協定)）", "source": "江戸川区地域防災計画（令和7年度修正）資料編 資料5「福祉避難所・福祉避難室予定施設一覧表」(令和7年4月1日現在) https://www.city.edogawa.tokyo.jp/documents/523/14.pdf （掲載元 https://www.city.edogawa.tokyo.jp/e007/bosaianzen/bosai/kojo/kekaku/n_bousaikeikaku.html）", "license": null, "updated": "令和7年4月1日現在"}, "geometry": {"type": "Point", "coordinates": [139.908035, 35.697666]}}, {"type": "Feature", "properties": {"muni": "江戸川区", "name": "江戸川光照苑", "address": "江戸川区北小岩5-7-2", "category": "福祉避難所（福祉避難所・福祉避難室予定施設一覧表, 民間施設(協定)）", "source": "江戸川区地域防災計画（令和7年度修正）資料編 資料5「福祉避難所・福祉避難室予定施設一覧表」(令和7年4月1日現在) https://www.city.edogawa.tokyo.jp/documents/523/14.pdf （掲載元 https://www.city.edogawa.tokyo.jp/e007/bosaianzen/bosai/kojo/kekaku/n_bousaikeikaku.html）", "license": null, "updated": "令和7年4月1日現在"}, "geometry": {"type": "Point", "coordinates": [139.887711, 35.740364]}}, {"type": "Feature", "properties": {"muni": "江戸川区", "name": "清心苑", "address": "江戸川区西一之江4-9-24", "category": "福祉避難所（福祉避難所・福祉避難室予定施設一覧表, 民間施設(協定)）", "source": "江戸川区地域防災計画（令和7年度修正）資料編 資料5「福祉避難所・福祉避難室予定施設一覧表」(令和7年4月1日現在) https://www.city.edogawa.tokyo.jp/documents/523/14.pdf （掲載元 https://www.city.edogawa.tokyo.jp/e007/bosaianzen/bosai/kojo/kekaku/n_bousaikeikaku.html）", "license": null, "updated": "令和7年4月1日現在"}, "geometry": {"type": "Point", "coordinates": [139.87439, 35.695541]}}, {"type": "Feature", "properties": {"muni": "江戸川区", "name": "アゼリー江戸川", "address": "江戸川区本一色2-13-25", "category": "福祉避難所（福祉避難所・福祉避難室予定施設一覧表, 民間施設(協定)）", "source": "江戸川区地域防災計画（令和7年度修正）資料編 資料5「福祉避難所・福祉避難室予定施設一覧表」(令和7年4月1日現在) https://www.city.edogawa.tokyo.jp/documents/523/14.pdf （掲載元 https://www.city.edogawa.tokyo.jp/e007/bosaianzen/bosai/kojo/kekaku/n_bousaikeikaku.html）", "license": null, "updated": "令和7年4月1日現在"}, "geometry": {"type": "Point", "coordinates": [139.873703, 35.719536]}}, {"type": "Feature", "properties": {"muni": "江戸川区", "name": "アゼリーアネックス", "address": "江戸川区大杉2-10-16", "category": "福祉避難所（福祉避難所・福祉避難室予定施設一覧表, 民間施設(協定)）", "source": "江戸川区地域防災計画（令和7年度修正）資料編 資料5「福祉避難所・福祉避難室予定施設一覧表」(令和7年4月1日現在) https://www.city.edogawa.tokyo.jp/documents/523/14.pdf （掲載元 https://www.city.edogawa.tokyo.jp/e007/bosaianzen/bosai/kojo/kekaku/n_bousaikeikaku.html）", "license": null, "updated": "令和7年4月1日現在"}, "geometry": {"type": "Point", "coordinates": [139.879532, 35.706623]}}, {"type": "Feature", "properties": {"muni": "江戸川区", "name": "ウエル江戸川", "address": "江戸川区平井7-13-32", "category": "福祉避難所（福祉避難所・福祉避難室予定施設一覧表, 民間施設(協定)）", "source": "江戸川区地域防災計画（令和7年度修正）資料編 資料5「福祉避難所・福祉避難室予定施設一覧表」(令和7年4月1日現在) https://www.city.edogawa.tokyo.jp/documents/523/14.pdf （掲載元 https://www.city.edogawa.tokyo.jp/e007/bosaianzen/bosai/kojo/kekaku/n_bousaikeikaku.html）", "license": null, "updated": "令和7年4月1日現在"}, "geometry": {"type": "Point", "coordinates": [139.837387, 35.71434]}}, {"type": "Feature", "properties": {"muni": "墨田区", "name": "墨田区特別養護老人ホーム はなみずきホーム", "address": "墨田区八広3-22-14", "category": "福祉避難所", "source": "墨田区地域防災計画（令和2年度修正・令和8年更新）別冊資料編5 避難・物資等 V-05：福祉避難所一覧（本冊P229） https://www.city.sumida.lg.jp/kuseijoho/sumida_kihon/ku_kakusyukeikaku/bousaiplan_r2.files/06bessatu2026.pdf （掲載元 https://www.city.sumida.lg.jp/kuseijoho/sumida_kihon/ku_kakusyukeikaku/bousaiplan_r2.html）", "license": "unknown（区地域防災計画PDF本文にライセンス表記なし。区オープンデータカタログ登録物ではない）", "updated": "令和8年1月1日現在"}, "geometry": {"type": "Point", "coordinates": [139.827927, 35.718136]}}, {"type": "Feature", "properties": {"muni": "墨田区", "name": "墨田区はなみずき高齢者在宅サービスセンター", "address": "墨田区八広3-22-14", "category": "福祉避難所", "source": "墨田区地域防災計画（令和2年度修正・令和8年更新）別冊資料編5 避難・物資等 V-05：福祉避難所一覧（本冊P229） https://www.city.sumida.lg.jp/kuseijoho/sumida_kihon/ku_kakusyukeikaku/bousaiplan_r2.files/06bessatu2026.pdf （掲載元 https://www.city.sumida.lg.jp/kuseijoho/sumida_kihon/ku_kakusyukeikaku/bousaiplan_r2.html）", "license": "unknown（区地域防災計画PDF本文にライセンス表記なし。区オープンデータカタログ登録物ではない）", "updated": "令和8年1月1日現在"}, "geometry": {"type": "Point", "coordinates": [139.827927, 35.718136]}}, {"type": "Feature", "properties": {"muni": "墨田区", "name": "墨田区特別養護老人ホーム たちばなホーム", "address": "墨田区立花3-10-1", "category": "福祉避難所", "source": "墨田区地域防災計画（令和2年度修正・令和8年更新）別冊資料編5 避難・物資等 V-05：福祉避難所一覧（本冊P229） https://www.city.sumida.lg.jp/kuseijoho/sumida_kihon/ku_kakusyukeikaku/bousaiplan_r2.files/06bessatu2026.pdf （掲載元 https://www.city.sumida.lg.jp/kuseijoho/sumida_kihon/ku_kakusyukeikaku/bousaiplan_r2.html）", "license": "unknown（区地域防災計画PDF本文にライセンス表記なし。区オープンデータカタログ登録物ではない）", "updated": "令和8年1月1日現在"}, "geometry": {"type": "Point", "coordinates": [139.832962, 35.705235]}}, {"type": "Feature", "properties": {"muni": "墨田区", "name": "墨田区特別養護老人ホーム なりひらホーム", "address": "墨田区業平5-6-2", "category": "福祉避難所", "source": "墨田区地域防災計画（令和2年度修正・令和8年更新）別冊資料編5 避難・物資等 V-05：福祉避難所一覧（本冊P229） https://www.city.sumida.lg.jp/kuseijoho/sumida_kihon/ku_kakusyukeikaku/bousaiplan_r2.files/06bessatu2026.pdf （掲載元 https://www.city.sumida.lg.jp/kuseijoho/sumida_kihon/ku_kakusyukeikaku/bousaiplan_r2.html）", "license": "unknown（区地域防災計画PDF本文にライセンス表記なし。区オープンデータカタログ登録物ではない）", "updated": "令和8年1月1日現在"}, "geometry": {"type": "Point", "coordinates": [139.818237, 35.706886]}}, {"type": "Feature", "properties": {"muni": "墨田区", "name": "墨田区なりひら高齢者在宅サービスセンター", "address": "墨田区業平5-6-2", "category": "福祉避難所", "source": "墨田区地域防災計画（令和2年度修正・令和8年更新）別冊資料編5 避難・物資等 V-05：福祉避難所一覧（本冊P229） https://www.city.sumida.lg.jp/kuseijoho/sumida_kihon/ku_kakusyukeikaku/bousaiplan_r2.files/06bessatu2026.pdf （掲載元 https://www.city.sumida.lg.jp/kuseijoho/sumida_kihon/ku_kakusyukeikaku/bousaiplan_r2.html）", "license": "unknown（区地域防災計画PDF本文にライセンス表記なし。区オープンデータカタログ登録物ではない）", "updated": "令和8年1月1日現在"}, "geometry": {"type": "Point", "coordinates": [139.818237, 35.706886]}}, {"type": "Feature", "properties": {"muni": "墨田区", "name": "特別養護老人ホーム 東京清風園", "address": "墨田区立花1-25-12", "category": "福祉避難所", "source": "墨田区地域防災計画（令和2年度修正・令和8年更新）別冊資料編5 避難・物資等 V-05：福祉避難所一覧（本冊P229） https://www.city.sumida.lg.jp/kuseijoho/sumida_kihon/ku_kakusyukeikaku/bousaiplan_r2.files/06bessatu2026.pdf （掲載元 https://www.city.sumida.lg.jp/kuseijoho/sumida_kihon/ku_kakusyukeikaku/bousaiplan_r2.html）", "license": "unknown（区地域防災計画PDF本文にライセンス表記なし。区オープンデータカタログ登録物ではない）", "updated": "令和8年1月1日現在"}, "geometry": {"type": "Point", "coordinates": [139.831177, 35.704311]}}, {"type": "Feature", "properties": {"muni": "墨田区", "name": "高齢者在宅サービスセンター 東京清風園", "address": "墨田区立花1-25-12", "category": "福祉避難所", "source": "墨田区地域防災計画（令和2年度修正・令和8年更新）別冊資料編5 避難・物資等 V-05：福祉避難所一覧（本冊P229） https://www.city.sumida.lg.jp/kuseijoho/sumida_kihon/ku_kakusyukeikaku/bousaiplan_r2.files/06bessatu2026.pdf （掲載元 https://www.city.sumida.lg.jp/kuseijoho/sumida_kihon/ku_kakusyukeikaku/bousaiplan_r2.html）", "license": "unknown（区地域防災計画PDF本文にライセンス表記なし。区オープンデータカタログ登録物ではない）", "updated": "令和8年1月1日現在"}, "geometry": {"type": "Point", "coordinates": [139.831177, 35.704311]}}, {"type": "Feature", "properties": {"muni": "墨田区", "name": "特別養護老人ホーム 同愛記念ホーム", "address": "墨田区横網2-1-11", "category": "福祉避難所", "source": "墨田区地域防災計画（令和2年度修正・令和8年更新）別冊資料編5 避難・物資等 V-05：福祉避難所一覧（本冊P229） https://www.city.sumida.lg.jp/kuseijoho/sumida_kihon/ku_kakusyukeikaku/bousaiplan_r2.files/06bessatu2026.pdf （掲載元 https://www.city.sumida.lg.jp/kuseijoho/sumida_kihon/ku_kakusyukeikaku/bousaiplan_r2.html）", "license": "unknown（区地域防災計画PDF本文にライセンス表記なし。区オープンデータカタログ登録物ではない）", "updated": "令和8年1月1日現在"}, "geometry": {"type": "Point", "coordinates": [139.794312, 35.700493]}}, {"type": "Feature", "properties": {"muni": "墨田区", "name": "高齢者在宅サービスセンター 同愛記念ホーム", "address": "墨田区横網2-1-11", "category": "福祉避難所", "source": "墨田区地域防災計画（令和2年度修正・令和8年更新）別冊資料編5 避難・物資等 V-05：福祉避難所一覧（本冊P229） https://www.city.sumida.lg.jp/kuseijoho/sumida_kihon/ku_kakusyukeikaku/bousaiplan_r2.files/06bessatu2026.pdf （掲載元 https://www.city.sumida.lg.jp/kuseijoho/sumida_kihon/ku_kakusyukeikaku/bousaiplan_r2.html）", "license": "unknown（区地域防災計画PDF本文にライセンス表記なし。区オープンデータカタログ登録物ではない）", "updated": "令和8年1月1日現在"}, "geometry": {"type": "Point", "coordinates": [139.794312, 35.700493]}}, {"type": "Feature", "properties": {"muni": "墨田区", "name": "特別養護老人ホーム 和翔苑", "address": "墨田区八広6-55-17", "category": "福祉避難所", "source": "墨田区地域防災計画（令和2年度修正・令和8年更新）別冊資料編5 避難・物資等 V-05：福祉避難所一覧（本冊P229） https://www.city.sumida.lg.jp/kuseijoho/sumida_kihon/ku_kakusyukeikaku/bousaiplan_r2.files/06bessatu2026.pdf （掲載元 https://www.city.sumida.lg.jp/kuseijoho/sumida_kihon/ku_kakusyukeikaku/bousaiplan_r2.html）", "license": "unknown（区地域防災計画PDF本文にライセンス表記なし。区オープンデータカタログ登録物ではない）", "updated": "令和8年1月1日現在"}, "geometry": {"type": "Point", "coordinates": [139.830658, 35.723846]}}, {"type": "Feature", "properties": {"muni": "墨田区", "name": "高齢者在宅サービスセンター 和翔苑", "address": "墨田区八広6-55-17", "category": "福祉避難所", "source": "墨田区地域防災計画（令和2年度修正・令和8年更新）別冊資料編5 避難・物資等 V-05：福祉避難所一覧（本冊P229） https://www.city.sumida.lg.jp/kuseijoho/sumida_kihon/ku_kakusyukeikaku/bousaiplan_r2.files/06bessatu2026.pdf （掲載元 https://www.city.sumida.lg.jp/kuseijoho/sumida_kihon/ku_kakusyukeikaku/bousaiplan_r2.html）", "license": "unknown（区地域防災計画PDF本文にライセンス表記なし。区オープンデータカタログ登録物ではない）", "updated": "令和8年1月1日現在"}, "geometry": {"type": "Point", "coordinates": [139.830658, 35.723846]}}, {"type": "Feature", "properties": {"muni": "墨田区", "name": "介護老人保健施設 ろうけん隅田秋光園", "address": "墨田区横網2-7-13", "category": "福祉避難所", "source": "墨田区地域防災計画（令和2年度修正・令和8年更新）別冊資料編5 避難・物資等 V-05：福祉避難所一覧（本冊P229） https://www.city.sumida.lg.jp/kuseijoho/sumida_kihon/ku_kakusyukeikaku/bousaiplan_r2.files/06bessatu2026.pdf （掲載元 https://www.city.sumida.lg.jp/kuseijoho/sumida_kihon/ku_kakusyukeikaku/bousaiplan_r2.html）", "license": "unknown（区地域防災計画PDF本文にライセンス表記なし。区オープンデータカタログ登録物ではない）", "updated": "令和8年1月1日現在"}, "geometry": {"type": "Point", "coordinates": [139.794724, 35.701012]}}, {"type": "Feature", "properties": {"muni": "墨田区", "name": "介護老人保健施設 ベレール向島", "address": "墨田区東向島2-36-11", "category": "福祉避難所", "source": "墨田区地域防災計画（令和2年度修正・令和8年更新）別冊資料編5 避難・物資等 V-05：福祉避難所一覧（本冊P229） https://www.city.sumida.lg.jp/kuseijoho/sumida_kihon/ku_kakusyukeikaku/bousaiplan_r2.files/06bessatu2026.pdf （掲載元 https://www.city.sumida.lg.jp/kuseijoho/sumida_kihon/ku_kakusyukeikaku/bousaiplan_r2.html）", "license": "unknown（区地域防災計画PDF本文にライセンス表記なし。区オープンデータカタログ登録物ではない）", "updated": "令和8年1月1日現在"}, "geometry": {"type": "Point", "coordinates": [139.817627, 35.721657]}}, {"type": "Feature", "properties": {"muni": "墨田区", "name": "特別養護老人ホーム 木下川吾亦紅", "address": "墨田区東墨田2-15-2", "category": "福祉避難所", "source": "墨田区地域防災計画（令和2年度修正・令和8年更新）別冊資料編5 避難・物資等 V-05：福祉避難所一覧（本冊P229） https://www.city.sumida.lg.jp/kuseijoho/sumida_kihon/ku_kakusyukeikaku/bousaiplan_r2.files/06bessatu2026.pdf （掲載元 https://www.city.sumida.lg.jp/kuseijoho/sumida_kihon/ku_kakusyukeikaku/bousaiplan_r2.html）", "license": "unknown（区地域防災計画PDF本文にライセンス表記なし。区オープンデータカタログ登録物ではない）", "updated": "令和8年1月1日現在"}, "geometry": {"type": "Point", "coordinates": [139.833572, 35.72168]}}, {"type": "Feature", "properties": {"muni": "墨田区", "name": "都立墨田特別支援学校", "address": "墨田区八広5-10-2", "category": "福祉避難所", "source": "墨田区地域防災計画（令和2年度修正・令和8年更新）別冊資料編5 避難・物資等 V-05：福祉避難所一覧（本冊P229） https://www.city.sumida.lg.jp/kuseijoho/sumida_kihon/ku_kakusyukeikaku/bousaiplan_r2.files/06bessatu2026.pdf （掲載元 https://www.city.sumida.lg.jp/kuseijoho/sumida_kihon/ku_kakusyukeikaku/bousaiplan_r2.html）", "license": "unknown（区地域防災計画PDF本文にライセンス表記なし。区オープンデータカタログ登録物ではない）", "updated": "令和8年1月1日現在"}, "geometry": {"type": "Point", "coordinates": [139.824615, 35.724808]}}, {"type": "Feature", "properties": {"muni": "墨田区", "name": "すみだふれあいセンター", "address": "墨田区緑4-35-6", "category": "福祉避難所", "source": "墨田区地域防災計画（令和2年度修正・令和8年更新）別冊資料編5 避難・物資等 V-05：福祉避難所一覧（本冊P229） https://www.city.sumida.lg.jp/kuseijoho/sumida_kihon/ku_kakusyukeikaku/bousaiplan_r2.files/06bessatu2026.pdf （掲載元 https://www.city.sumida.lg.jp/kuseijoho/sumida_kihon/ku_kakusyukeikaku/bousaiplan_r2.html）", "license": "unknown（区地域防災計画PDF本文にライセンス表記なし。区オープンデータカタログ登録物ではない）", "updated": "令和8年1月1日現在"}, "geometry": {"type": "Point", "coordinates": [139.807739, 35.695866]}}, {"type": "Feature", "properties": {"muni": "墨田区", "name": "墨田さんさんプラザ", "address": "墨田区立花4-30-16", "category": "福祉避難所", "source": "墨田区地域防災計画（令和2年度修正・令和8年更新）別冊資料編5 避難・物資等 V-05：福祉避難所一覧（本冊P229） https://www.city.sumida.lg.jp/kuseijoho/sumida_kihon/ku_kakusyukeikaku/bousaiplan_r2.files/06bessatu2026.pdf （掲載元 https://www.city.sumida.lg.jp/kuseijoho/sumida_kihon/ku_kakusyukeikaku/bousaiplan_r2.html）", "license": "unknown（区地域防災計画PDF本文にライセンス表記なし。区オープンデータカタログ登録物ではない）", "updated": "令和8年1月1日現在"}, "geometry": {"type": "Point", "coordinates": [139.834427, 35.710243]}}, {"type": "Feature", "properties": {"muni": "墨田区", "name": "喜楽里すみだ工房", "address": "墨田区東向島3-34-4", "category": "福祉避難所", "source": "墨田区地域防災計画（令和2年度修正・令和8年更新）別冊資料編5 避難・物資等 V-05：福祉避難所一覧（本冊P229） https://www.city.sumida.lg.jp/kuseijoho/sumida_kihon/ku_kakusyukeikaku/bousaiplan_r2.files/06bessatu2026.pdf （掲載元 https://www.city.sumida.lg.jp/kuseijoho/sumida_kihon/ku_kakusyukeikaku/bousaiplan_r2.html）", "license": "unknown（区地域防災計画PDF本文にライセンス表記なし。区オープンデータカタログ登録物ではない）", "updated": "令和8年1月1日現在"}, "geometry": {"type": "Point", "coordinates": [139.815109, 35.721806]}}, {"type": "Feature", "properties": {"muni": "墨田区", "name": "情報経営イノベーション専門職大学", "address": "墨田区文花1-18-13", "category": "福祉避難所", "source": "墨田区地域防災計画（令和2年度修正・令和8年更新）別冊資料編5 避難・物資等 V-05：福祉避難所一覧（本冊P229） https://www.city.sumida.lg.jp/kuseijoho/sumida_kihon/ku_kakusyukeikaku/bousaiplan_r2.files/06bessatu2026.pdf （掲載元 https://www.city.sumida.lg.jp/kuseijoho/sumida_kihon/ku_kakusyukeikaku/bousaiplan_r2.html）", "license": "unknown（区地域防災計画PDF本文にライセンス表記なし。区オープンデータカタログ登録物ではない）", "updated": "令和8年1月1日現在"}, "geometry": {"type": "Point", "coordinates": [139.823807, 35.711437]}}, {"type": "Feature", "properties": {"muni": "墨田区", "name": "すみだ福祉保健センター", "address": "墨田区向島3-36-7", "category": "福祉避難所", "source": "墨田区地域防災計画（令和2年度修正・令和8年更新）別冊資料編5 避難・物資等 V-05：福祉避難所一覧（本冊P229） https://www.city.sumida.lg.jp/kuseijoho/sumida_kihon/ku_kakusyukeikaku/bousaiplan_r2.files/06bessatu2026.pdf （掲載元 https://www.city.sumida.lg.jp/kuseijoho/sumida_kihon/ku_kakusyukeikaku/bousaiplan_r2.html）", "license": "unknown（区地域防災計画PDF本文にライセンス表記なし。区オープンデータカタログ登録物ではない）", "updated": "令和8年1月1日現在"}, "geometry": {"type": "Point", "coordinates": [139.810959, 35.713428]}}, {"type": "Feature", "properties": {"muni": "墨田区", "name": "千葉大学墨田サテライトキャンパス", "address": "墨田区文花1-19-1", "category": "福祉避難所", "source": "墨田区地域防災計画（令和2年度修正・令和8年更新）別冊資料編5 避難・物資等 V-05：福祉避難所一覧（本冊P229） https://www.city.sumida.lg.jp/kuseijoho/sumida_kihon/ku_kakusyukeikaku/bousaiplan_r2.files/06bessatu2026.pdf （掲載元 https://www.city.sumida.lg.jp/kuseijoho/sumida_kihon/ku_kakusyukeikaku/bousaiplan_r2.html）", "license": "unknown（区地域防災計画PDF本文にライセンス表記なし。区オープンデータカタログ登録物ではない）", "updated": "令和8年1月1日現在"}, "geometry": {"type": "Point", "coordinates": [139.824051, 35.710789]}}, {"type": "Feature", "properties": {"muni": "墨田区", "name": "墨田区総合体育館", "address": "墨田区錦糸4-15-1", "category": "福祉避難所", "source": "墨田区地域防災計画（令和2年度修正・令和8年更新）別冊資料編5 避難・物資等 V-05：福祉避難所一覧（本冊P229） https://www.city.sumida.lg.jp/kuseijoho/sumida_kihon/ku_kakusyukeikaku/bousaiplan_r2.files/06bessatu2026.pdf （掲載元 https://www.city.sumida.lg.jp/kuseijoho/sumida_kihon/ku_kakusyukeikaku/bousaiplan_r2.html）", "license": "unknown（区地域防災計画PDF本文にライセンス表記なし。区オープンデータカタログ登録物ではない）", "updated": "令和8年1月1日現在"}, "geometry": {"type": "Point", "coordinates": [139.815079, 35.698021]}}, {"type": "Feature", "properties": {"muni": "墨田区", "name": "中林病院助産師学院", "address": "墨田区東向島3-29-1", "category": "福祉避難所", "source": "墨田区地域防災計画（令和2年度修正・令和8年更新）別冊資料編5 避難・物資等 V-05：福祉避難所一覧（本冊P229） https://www.city.sumida.lg.jp/kuseijoho/sumida_kihon/ku_kakusyukeikaku/bousaiplan_r2.files/06bessatu2026.pdf （掲載元 https://www.city.sumida.lg.jp/kuseijoho/sumida_kihon/ku_kakusyukeikaku/bousaiplan_r2.html）", "license": "unknown（区地域防災計画PDF本文にライセンス表記なし。区オープンデータカタログ登録物ではない）", "updated": "令和8年1月1日現在"}, "geometry": {"type": "Point", "coordinates": [139.814743, 35.723278]}}, {"type": "Feature", "properties": {"muni": "北区", "name": "障害者福祉センター", "address": "東京都北区中十条1-2-18", "category": "福祉避難所（通所型）", "source": "東京都北区地域防災計画（震災対策編・資料編）令和6(2024)年3月現在「36.避難所・福祉避難所一覧 (2)福祉避難所」 https://www.city.kita.lg.jp/_res/projects/default_project/_page_/001/002/648/shinsaishiryo.pdf （掲載元 https://www.city.kita.lg.jp/safety/disaster/1002647/1002648.html ）", "license": "unknown", "updated": "2024-03"}, "geometry": {"type": "Point", "coordinates": [139.729874, 35.757874]}}, {"type": "Feature", "properties": {"muni": "北区", "name": "あすなろ福祉園", "address": "東京都北区王子6-4-6", "category": "福祉避難所（通所型）", "source": "東京都北区地域防災計画（震災対策編・資料編）令和6(2024)年3月現在「36.避難所・福祉避難所一覧 (2)福祉避難所」 https://www.city.kita.lg.jp/_res/projects/default_project/_page_/001/002/648/shinsaishiryo.pdf （掲載元 https://www.city.kita.lg.jp/safety/disaster/1002647/1002648.html ）", "license": "unknown", "updated": "2024-03"}, "geometry": {"type": "Point", "coordinates": [139.741852, 35.761318]}}, {"type": "Feature", "properties": {"muni": "北区", "name": "若葉福祉園", "address": "東京都北区赤羽西6-9-2", "category": "福祉避難所（通所型）", "source": "東京都北区地域防災計画（震災対策編・資料編）令和6(2024)年3月現在「36.避難所・福祉避難所一覧 (2)福祉避難所」 https://www.city.kita.lg.jp/_res/projects/default_project/_page_/001/002/648/shinsaishiryo.pdf （掲載元 https://www.city.kita.lg.jp/safety/disaster/1002647/1002648.html ）", "license": "unknown", "updated": "2024-03"}, "geometry": {"type": "Point", "coordinates": [139.708099, 35.7728]}}, {"type": "Feature", "properties": {"muni": "北区", "name": "赤羽西福祉工房", "address": "東京都北区赤羽西5-7-1", "category": "福祉避難所（通所型）", "source": "東京都北区地域防災計画（震災対策編・資料編）令和6(2024)年3月現在「36.避難所・福祉避難所一覧 (2)福祉避難所」 https://www.city.kita.lg.jp/_res/projects/default_project/_page_/001/002/648/shinsaishiryo.pdf （掲載元 https://www.city.kita.lg.jp/safety/disaster/1002647/1002648.html ）", "license": "unknown", "updated": "2024-03"}, "geometry": {"type": "Point", "coordinates": [139.710388, 35.774933]}}, {"type": "Feature", "properties": {"muni": "北区", "name": "王子福祉作業所", "address": "東京都北区王子2-19-20", "category": "福祉避難所（通所型）", "source": "東京都北区地域防災計画（震災対策編・資料編）令和6(2024)年3月現在「36.避難所・福祉避難所一覧 (2)福祉避難所」 https://www.city.kita.lg.jp/_res/projects/default_project/_page_/001/002/648/shinsaishiryo.pdf （掲載元 https://www.city.kita.lg.jp/safety/disaster/1002647/1002648.html ）", "license": "unknown", "updated": "2024-03"}, "geometry": {"type": "Point", "coordinates": [139.73674, 35.758812]}}, {"type": "Feature", "properties": {"muni": "北区", "name": "赤羽西福祉作業所", "address": "東京都北区赤羽西5-7-5", "category": "福祉避難所（通所型）", "source": "東京都北区地域防災計画（震災対策編・資料編）令和6(2024)年3月現在「36.避難所・福祉避難所一覧 (2)福祉避難所」 https://www.city.kita.lg.jp/_res/projects/default_project/_page_/001/002/648/shinsaishiryo.pdf （掲載元 https://www.city.kita.lg.jp/safety/disaster/1002647/1002648.html ）", "license": "unknown", "updated": "2024-03"}, "geometry": {"type": "Point", "coordinates": [139.710312, 35.775597]}}, {"type": "Feature", "properties": {"muni": "北区", "name": "たばた福祉作業所", "address": "東京都北区西ヶ原1-19-12", "category": "福祉避難所（通所型）", "source": "東京都北区地域防災計画（震災対策編・資料編）令和6(2024)年3月現在「36.避難所・福祉避難所一覧 (2)福祉避難所」 https://www.city.kita.lg.jp/_res/projects/default_project/_page_/001/002/648/shinsaishiryo.pdf （掲載元 https://www.city.kita.lg.jp/safety/disaster/1002647/1002648.html ）", "license": "unknown", "updated": "2024-03"}, "geometry": {"type": "Point", "coordinates": [139.747589, 35.742912]}}, {"type": "Feature", "properties": {"muni": "北区", "name": "子ども発達支援センターさくらんぼ園", "address": "東京都北区豊島4-16-38", "category": "福祉避難所（通所型）", "source": "東京都北区地域防災計画（震災対策編・資料編）令和6(2024)年3月現在「36.避難所・福祉避難所一覧 (2)福祉避難所」 https://www.city.kita.lg.jp/_res/projects/default_project/_page_/001/002/648/shinsaishiryo.pdf （掲載元 https://www.city.kita.lg.jp/safety/disaster/1002647/1002648.html ）", "license": "unknown", "updated": "2024-03"}, "geometry": {"type": "Point", "coordinates": [139.751343, 35.762009]}}, {"type": "Feature", "properties": {"muni": "北区", "name": "あゆみステーション", "address": "東京都北区東十条6-5-19", "category": "福祉避難所（通所型）", "source": "東京都北区地域防災計画（震災対策編・資料編）令和6(2024)年3月現在「36.避難所・福祉避難所一覧 (2)福祉避難所」 https://www.city.kita.lg.jp/_res/projects/default_project/_page_/001/002/648/shinsaishiryo.pdf （掲載元 https://www.city.kita.lg.jp/safety/disaster/1002647/1002648.html ）", "license": "unknown", "updated": "2024-03"}, "geometry": {"type": "Point", "coordinates": [139.725967, 35.770294]}}, {"type": "Feature", "properties": {"muni": "北区", "name": "たいよう事業所", "address": "東京都北区豊島5-3-35", "category": "福祉避難所（通所型）", "source": "東京都北区地域防災計画（震災対策編・資料編）令和6(2024)年3月現在「36.避難所・福祉避難所一覧 (2)福祉避難所」 https://www.city.kita.lg.jp/_res/projects/default_project/_page_/001/002/648/shinsaishiryo.pdf （掲載元 https://www.city.kita.lg.jp/safety/disaster/1002647/1002648.html ）", "license": "unknown", "updated": "2024-03"}, "geometry": {"type": "Point", "coordinates": [139.7509, 35.765114]}}, {"type": "Feature", "properties": {"muni": "北区", "name": "就労・生活支援センター飛鳥晴山苑", "address": "東京都北区西ヶ原4-51-1", "category": "福祉避難所（通所型）", "source": "東京都北区地域防災計画（震災対策編・資料編）令和6(2024)年3月現在「36.避難所・福祉避難所一覧 (2)福祉避難所」 https://www.city.kita.lg.jp/_res/projects/default_project/_page_/001/002/648/shinsaishiryo.pdf （掲載元 https://www.city.kita.lg.jp/safety/disaster/1002647/1002648.html ）", "license": "unknown", "updated": "2024-03"}, "geometry": {"type": "Point", "coordinates": [139.73764, 35.741207]}}, {"type": "Feature", "properties": {"muni": "北区", "name": "特別養護老人ホーム上中里つつじ荘", "address": "東京都北区上中里2-45-2", "category": "福祉避難所（介護型）", "source": "東京都北区地域防災計画（震災対策編・資料編）令和6(2024)年3月現在「36.避難所・福祉避難所一覧 (2)福祉避難所」 https://www.city.kita.lg.jp/_res/projects/default_project/_page_/001/002/648/shinsaishiryo.pdf （掲載元 https://www.city.kita.lg.jp/safety/disaster/1002647/1002648.html ）", "license": "unknown", "updated": "2024-03"}, "geometry": {"type": "Point", "coordinates": [139.756287, 35.743599]}}, {"type": "Feature", "properties": {"muni": "北区", "name": "特別養護老人ホーム清水坂あじさい荘", "address": "東京都北区中十条4-16-32", "category": "福祉避難所（介護型）", "source": "東京都北区地域防災計画（震災対策編・資料編）令和6(2024)年3月現在「36.避難所・福祉避難所一覧 (2)福祉避難所」 https://www.city.kita.lg.jp/_res/projects/default_project/_page_/001/002/648/shinsaishiryo.pdf （掲載元 https://www.city.kita.lg.jp/safety/disaster/1002647/1002648.html ）", "license": "unknown", "updated": "2024-03", "remarks": "大規模改修中、仮移転先：北区浮間3-11-26"}, "geometry": {"type": "Point", "coordinates": [139.722961, 35.769676]}}, {"type": "Feature", "properties": {"muni": "北区", "name": "特別養護老人ホーム桐ケ丘やまぶき荘", "address": "東京都北区桐ケ丘1-16-26", "category": "福祉避難所（介護型）", "source": "東京都北区地域防災計画（震災対策編・資料編）令和6(2024)年3月現在「36.避難所・福祉避難所一覧 (2)福祉避難所」 https://www.city.kita.lg.jp/_res/projects/default_project/_page_/001/002/648/shinsaishiryo.pdf （掲載元 https://www.city.kita.lg.jp/safety/disaster/1002647/1002648.html ）", "license": "unknown", "updated": "2024-03"}, "geometry": {"type": "Point", "coordinates": [139.706512, 35.778488]}}, {"type": "Feature", "properties": {"muni": "北区", "name": "特別養護老人ホーム王子光照苑", "address": "東京都北区王子3-3-1", "category": "福祉避難所（介護型）", "source": "東京都北区地域防災計画（震災対策編・資料編）令和6(2024)年3月現在「36.避難所・福祉避難所一覧 (2)福祉避難所」 https://www.city.kita.lg.jp/_res/projects/default_project/_page_/001/002/648/shinsaishiryo.pdf （掲載元 https://www.city.kita.lg.jp/safety/disaster/1002647/1002648.html ）", "license": "unknown", "updated": "2024-03"}, "geometry": {"type": "Point", "coordinates": [139.732925, 35.760288]}}, {"type": "Feature", "properties": {"muni": "北区", "name": "特別養護老人ホームウエルガーデン西が丘園", "address": "東京都北区西が丘3-16-27", "category": "福祉避難所（介護型）", "source": "東京都北区地域防災計画（震災対策編・資料編）令和6(2024)年3月現在「36.避難所・福祉避難所一覧 (2)福祉避難所」 https://www.city.kita.lg.jp/_res/projects/default_project/_page_/001/002/648/shinsaishiryo.pdf （掲載元 https://www.city.kita.lg.jp/safety/disaster/1002647/1002648.html ）", "license": "unknown", "updated": "2024-03"}, "geometry": {"type": "Point", "coordinates": [139.707306, 35.767303]}}, {"type": "Feature", "properties": {"muni": "北区", "name": "特別養護老人ホームみずべの苑", "address": "東京都北区志茂3-6-13", "category": "福祉避難所（介護型）", "source": "東京都北区地域防災計画（震災対策編・資料編）令和6(2024)年3月現在「36.避難所・福祉避難所一覧 (2)福祉避難所」 https://www.city.kita.lg.jp/_res/projects/default_project/_page_/001/002/648/shinsaishiryo.pdf （掲載元 https://www.city.kita.lg.jp/safety/disaster/1002647/1002648.html ）", "license": "unknown", "updated": "2024-03"}, "geometry": {"type": "Point", "coordinates": [139.736237, 35.777081]}}, {"type": "Feature", "properties": {"muni": "北区", "name": "特別養護老人ホームうきま幸朋苑", "address": "東京都北区浮間5-13-1", "category": "福祉避難所（介護型）", "source": "東京都北区地域防災計画（震災対策編・資料編）令和6(2024)年3月現在「36.避難所・福祉避難所一覧 (2)福祉避難所」 https://www.city.kita.lg.jp/_res/projects/default_project/_page_/001/002/648/shinsaishiryo.pdf （掲載元 https://www.city.kita.lg.jp/safety/disaster/1002647/1002648.html ）", "license": "unknown", "updated": "2024-03"}, "geometry": {"type": "Point", "coordinates": [139.692795, 35.784107]}}, {"type": "Feature", "properties": {"muni": "北区", "name": "特別養護老人ホーム飛鳥晴山苑", "address": "東京都北区西ケ原4-51-1", "category": "福祉避難所（介護型）", "source": "東京都北区地域防災計画（震災対策編・資料編）令和6(2024)年3月現在「36.避難所・福祉避難所一覧 (2)福祉避難所」 https://www.city.kita.lg.jp/_res/projects/default_project/_page_/001/002/648/shinsaishiryo.pdf （掲載元 https://www.city.kita.lg.jp/safety/disaster/1002647/1002648.html ）", "license": "unknown", "updated": "2024-03"}, "geometry": {"type": "Point", "coordinates": [139.73764, 35.741207]}}, {"type": "Feature", "properties": {"muni": "北区", "name": "特別養護老人ホーム新町光陽苑", "address": "東京都北区田端新町2-27-16", "category": "福祉避難所（介護型）", "source": "東京都北区地域防災計画（震災対策編・資料編）令和6(2024)年3月現在「36.避難所・福祉避難所一覧 (2)福祉避難所」 https://www.city.kita.lg.jp/_res/projects/default_project/_page_/001/002/648/shinsaishiryo.pdf （掲載元 https://www.city.kita.lg.jp/safety/disaster/1002647/1002648.html ）", "license": "unknown", "updated": "2024-03"}, "geometry": {"type": "Point", "coordinates": [139.768158, 35.740665]}}, {"type": "Feature", "properties": {"muni": "北区", "name": "東京北医療センター介護老人保健施設さくらの杜", "address": "東京都北区赤羽台4-17-56", "category": "福祉避難所（介護型）", "source": "東京都北区地域防災計画（震災対策編・資料編）令和6(2024)年3月現在「36.避難所・福祉避難所一覧 (2)福祉避難所」 https://www.city.kita.lg.jp/_res/projects/default_project/_page_/001/002/648/shinsaishiryo.pdf （掲載元 https://www.city.kita.lg.jp/safety/disaster/1002647/1002648.html ）", "license": "unknown", "updated": "2024-03"}, "geometry": {"type": "Point", "coordinates": [139.71254, 35.78389]}}, {"type": "Feature", "properties": {"muni": "北区", "name": "介護老人保健施設リハビリパーク滝野川", "address": "東京都北区滝野川6-13-13", "category": "福祉避難所（介護型）", "source": "東京都北区地域防災計画（震災対策編・資料編）令和6(2024)年3月現在「36.避難所・福祉避難所一覧 (2)福祉避難所」 https://www.city.kita.lg.jp/_res/projects/default_project/_page_/001/002/648/shinsaishiryo.pdf （掲載元 https://www.city.kita.lg.jp/safety/disaster/1002647/1002648.html ）", "license": "unknown", "updated": "2024-03"}, "geometry": {"type": "Point", "coordinates": [139.724564, 35.74371]}}, {"type": "Feature", "properties": {"muni": "北区", "name": "介護老人保健施設太陽の都", "address": "東京都北区浮間2-1-13", "category": "福祉避難所（介護型）", "source": "東京都北区地域防災計画（震災対策編・資料編）令和6(2024)年3月現在「36.避難所・福祉避難所一覧 (2)福祉避難所」 https://www.city.kita.lg.jp/_res/projects/default_project/_page_/001/002/648/shinsaishiryo.pdf （掲載元 https://www.city.kita.lg.jp/safety/disaster/1002647/1002648.html ）", "license": "unknown", "updated": "2024-03"}, "geometry": {"type": "Point", "coordinates": [139.699936, 35.792767]}}, {"type": "Feature", "properties": {"muni": "北区", "name": "介護老人保健施設はくちょう", "address": "東京都北区田端3-18-24", "category": "福祉避難所（介護型）", "source": "東京都北区地域防災計画（震災対策編・資料編）令和6(2024)年3月現在「36.避難所・福祉避難所一覧 (2)福祉避難所」 https://www.city.kita.lg.jp/_res/projects/default_project/_page_/001/002/648/shinsaishiryo.pdf （掲載元 https://www.city.kita.lg.jp/safety/disaster/1002647/1002648.html ）", "license": "unknown", "updated": "2024-03"}, "geometry": {"type": "Point", "coordinates": [139.757263, 35.735939]}}, {"type": "Feature", "properties": {"muni": "北区", "name": "特別養護老人ホーム赤羽北さくら荘", "address": "東京都北区赤羽北3-6-10", "category": "福祉避難所（介護型）", "source": "東京都北区地域防災計画（震災対策編・資料編）令和6(2024)年3月現在「36.避難所・福祉避難所一覧 (2)福祉避難所」 https://www.city.kita.lg.jp/_res/projects/default_project/_page_/001/002/648/shinsaishiryo.pdf （掲載元 https://www.city.kita.lg.jp/safety/disaster/1002647/1002648.html ）", "license": "unknown", "updated": "2024-03"}, "geometry": {"type": "Point", "coordinates": [139.706818, 35.782646]}}, {"type": "Feature", "properties": {"muni": "北区", "name": "滝野川西高齢者在宅サービスセンター", "address": "東京都北区滝野川6-21-25", "category": "福祉避難所（介護型）", "source": "東京都北区地域防災計画（震災対策編・資料編）令和6(2024)年3月現在「36.避難所・福祉避難所一覧 (2)福祉避難所」 https://www.city.kita.lg.jp/_res/projects/default_project/_page_/001/002/648/shinsaishiryo.pdf （掲載元 https://www.city.kita.lg.jp/safety/disaster/1002647/1002648.html ）", "license": "unknown", "updated": "2024-03", "remarks": "滝野川西区民センター3階"}, "geometry": {"type": "Point", "coordinates": [139.726074, 35.745735]}}, {"type": "Feature", "properties": {"muni": "北区", "name": "堀船高齢者在宅サービスセンター", "address": "東京都北区堀船2-25-2-101", "category": "福祉避難所（介護型）", "source": "東京都北区地域防災計画（震災対策編・資料編）令和6(2024)年3月現在「36.避難所・福祉避難所一覧 (2)福祉避難所」 https://www.city.kita.lg.jp/_res/projects/default_project/_page_/001/002/648/shinsaishiryo.pdf （掲載元 https://www.city.kita.lg.jp/safety/disaster/1002647/1002648.html ）", "license": "unknown", "updated": "2024-03"}, "geometry": {"type": "Point", "coordinates": [139.74707, 35.756119]}}, {"type": "Feature", "properties": {"muni": "北区", "name": "介護付有料老人ホームアイムス赤羽", "address": "東京都北区東十条6-5-15", "category": "福祉避難所（介護型）", "source": "東京都北区地域防災計画（震災対策編・資料編）令和6(2024)年3月現在「36.避難所・福祉避難所一覧 (2)福祉避難所」 https://www.city.kita.lg.jp/_res/projects/default_project/_page_/001/002/648/shinsaishiryo.pdf （掲載元 https://www.city.kita.lg.jp/safety/disaster/1002647/1002648.html ）", "license": "unknown", "updated": "2024-03"}, "geometry": {"type": "Point", "coordinates": [139.725723, 35.770767]}}, {"type": "Feature", "properties": {"muni": "北区", "name": "介護老人保健施設東京シニアケアセンター赤羽", "address": "東京都北区志茂1-19-14", "category": "福祉避難所（介護型）", "source": "東京都北区地域防災計画（震災対策編・資料編）令和6(2024)年3月現在「36.避難所・福祉避難所一覧 (2)福祉避難所」 https://www.city.kita.lg.jp/_res/projects/default_project/_page_/001/002/648/shinsaishiryo.pdf （掲載元 https://www.city.kita.lg.jp/safety/disaster/1002647/1002648.html ）", "license": "unknown", "updated": "2024-03"}, "geometry": {"type": "Point", "coordinates": [139.726944, 35.777405]}}, {"type": "Feature", "properties": {"muni": "北区", "name": "浮間ふれあい館", "address": "東京都北区浮間2-10-2", "category": "福祉避難所（補完型）", "source": "東京都北区地域防災計画（震災対策編・資料編）令和6(2024)年3月現在「36.避難所・福祉避難所一覧 (2)福祉避難所」 https://www.city.kita.lg.jp/_res/projects/default_project/_page_/001/002/648/shinsaishiryo.pdf （掲載元 https://www.city.kita.lg.jp/safety/disaster/1002647/1002648.html ）", "license": "unknown", "updated": "2024-03"}, "geometry": {"type": "Point", "coordinates": [139.699142, 35.790462]}}, {"type": "Feature", "properties": {"muni": "北区", "name": "赤羽ふれあい館", "address": "東京都北区赤羽1-59-9", "category": "福祉避難所（補完型）", "source": "東京都北区地域防災計画（震災対策編・資料編）令和6(2024)年3月現在「36.避難所・福祉避難所一覧 (2)福祉避難所」 https://www.city.kita.lg.jp/_res/projects/default_project/_page_/001/002/648/shinsaishiryo.pdf （掲載元 https://www.city.kita.lg.jp/safety/disaster/1002647/1002648.html ）", "license": "unknown", "updated": "2024-03"}, "geometry": {"type": "Point", "coordinates": [139.71991, 35.782974]}}, {"type": "Feature", "properties": {"muni": "北区", "name": "神谷ふれあい館", "address": "東京都北区神谷3-35-17", "category": "福祉避難所（補完型）", "source": "東京都北区地域防災計画（震災対策編・資料編）令和6(2024)年3月現在「36.避難所・福祉避難所一覧 (2)福祉避難所」 https://www.city.kita.lg.jp/_res/projects/default_project/_page_/001/002/648/shinsaishiryo.pdf （掲載元 https://www.city.kita.lg.jp/safety/disaster/1002647/1002648.html ）", "license": "unknown", "updated": "2024-03"}, "geometry": {"type": "Point", "coordinates": [139.730957, 35.771599]}}, {"type": "Feature", "properties": {"muni": "北区", "name": "赤羽北ふれあい館", "address": "東京都北区赤羽北2-25-8", "category": "福祉避難所（補完型）", "source": "東京都北区地域防災計画（震災対策編・資料編）令和6(2024)年3月現在「36.避難所・福祉避難所一覧 (2)福祉避難所」 https://www.city.kita.lg.jp/_res/projects/default_project/_page_/001/002/648/shinsaishiryo.pdf （掲載元 https://www.city.kita.lg.jp/safety/disaster/1002647/1002648.html ）", "license": "unknown", "updated": "2024-03"}, "geometry": {"type": "Point", "coordinates": [139.707016, 35.785671]}}, {"type": "Feature", "properties": {"muni": "北区", "name": "桐ケ丘ふれあい館", "address": "東京都北区桐ケ丘2-7-43", "category": "福祉避難所（補完型）", "source": "東京都北区地域防災計画（震災対策編・資料編）令和6(2024)年3月現在「36.避難所・福祉避難所一覧 (2)福祉避難所」 https://www.city.kita.lg.jp/_res/projects/default_project/_page_/001/002/648/shinsaishiryo.pdf （掲載元 https://www.city.kita.lg.jp/safety/disaster/1002647/1002648.html ）", "license": "unknown", "updated": "2024-03"}, "geometry": {"type": "Point", "coordinates": [139.708267, 35.780693]}}, {"type": "Feature", "properties": {"muni": "北区", "name": "島下ふれあい館", "address": "東京都北区赤羽西6-10-12", "category": "福祉避難所（補完型）", "source": "東京都北区地域防災計画（震災対策編・資料編）令和6(2024)年3月現在「36.避難所・福祉避難所一覧 (2)福祉避難所」 https://www.city.kita.lg.jp/_res/projects/default_project/_page_/001/002/648/shinsaishiryo.pdf （掲載元 https://www.city.kita.lg.jp/safety/disaster/1002647/1002648.html ）", "license": "unknown", "updated": "2024-03"}, "geometry": {"type": "Point", "coordinates": [139.707382, 35.77383]}}, {"type": "Feature", "properties": {"muni": "北区", "name": "稲付ふれあい館", "address": "東京都北区赤羽西3-19-5", "category": "福祉避難所（補完型）", "source": "東京都北区地域防災計画（震災対策編・資料編）令和6(2024)年3月現在「36.避難所・福祉避難所一覧 (2)福祉避難所」 https://www.city.kita.lg.jp/_res/projects/default_project/_page_/001/002/648/shinsaishiryo.pdf （掲載元 https://www.city.kita.lg.jp/safety/disaster/1002647/1002648.html ）", "license": "unknown", "updated": "2024-03"}, "geometry": {"type": "Point", "coordinates": [139.718643, 35.769642]}}, {"type": "Feature", "properties": {"muni": "北区", "name": "西が丘ふれあい館", "address": "東京都北区西が丘1-47-15", "category": "福祉避難所（補完型）", "source": "東京都北区地域防災計画（震災対策編・資料編）令和6(2024)年3月現在「36.避難所・福祉避難所一覧 (2)福祉避難所」 https://www.city.kita.lg.jp/_res/projects/default_project/_page_/001/002/648/shinsaishiryo.pdf （掲載元 https://www.city.kita.lg.jp/safety/disaster/1002647/1002648.html ）", "license": "unknown", "updated": "2024-03"}, "geometry": {"type": "Point", "coordinates": [139.711319, 35.768932]}}, {"type": "Feature", "properties": {"muni": "北区", "name": "東十条ふれあい館", "address": "東京都北区東十条3-2-14", "category": "福祉避難所（補完型）", "source": "東京都北区地域防災計画（震災対策編・資料編）令和6(2024)年3月現在「36.避難所・福祉避難所一覧 (2)福祉避難所」 https://www.city.kita.lg.jp/_res/projects/default_project/_page_/001/002/648/shinsaishiryo.pdf （掲載元 https://www.city.kita.lg.jp/safety/disaster/1002647/1002648.html ）", "license": "unknown", "updated": "2024-03"}, "geometry": {"type": "Point", "coordinates": [139.728882, 35.765209]}}, {"type": "Feature", "properties": {"muni": "北区", "name": "王子ふれあい館", "address": "東京都北区豊島1-14-12", "category": "福祉避難所（補完型）", "source": "東京都北区地域防災計画（震災対策編・資料編）令和6(2024)年3月現在「36.避難所・福祉避難所一覧 (2)福祉避難所」 https://www.city.kita.lg.jp/_res/projects/default_project/_page_/001/002/648/shinsaishiryo.pdf （掲載元 https://www.city.kita.lg.jp/safety/disaster/1002647/1002648.html ）", "license": "unknown", "updated": "2024-03"}, "geometry": {"type": "Point", "coordinates": [139.7397, 35.758568]}}, {"type": "Feature", "properties": {"muni": "北区", "name": "豊島ふれあい館", "address": "東京都北区豊島3-27-22", "category": "福祉避難所（補完型）", "source": "東京都北区地域防災計画（震災対策編・資料編）令和6(2024)年3月現在「36.避難所・福祉避難所一覧 (2)福祉避難所」 https://www.city.kita.lg.jp/_res/projects/default_project/_page_/001/002/648/shinsaishiryo.pdf （掲載元 https://www.city.kita.lg.jp/safety/disaster/1002647/1002648.html ）", "license": "unknown", "updated": "2024-03"}, "geometry": {"type": "Point", "coordinates": [139.748138, 35.760265]}}, {"type": "Feature", "properties": {"muni": "北区", "name": "上十条ふれあい館", "address": "東京都北区上十条3-3-9", "category": "福祉避難所（補完型）", "source": "東京都北区地域防災計画（震災対策編・資料編）令和6(2024)年3月現在「36.避難所・福祉避難所一覧 (2)福祉避難所」 https://www.city.kita.lg.jp/_res/projects/default_project/_page_/001/002/648/shinsaishiryo.pdf （掲載元 https://www.city.kita.lg.jp/safety/disaster/1002647/1002648.html ）", "license": "unknown", "updated": "2024-03"}, "geometry": {"type": "Point", "coordinates": [139.718307, 35.760429]}}, {"type": "Feature", "properties": {"muni": "北区", "name": "十条台ふれあい館", "address": "東京都北区中十条1-2-18", "category": "福祉避難所（補完型）", "source": "東京都北区地域防災計画（震災対策編・資料編）令和6(2024)年3月現在「36.避難所・福祉避難所一覧 (2)福祉避難所」 https://www.city.kita.lg.jp/_res/projects/default_project/_page_/001/002/648/shinsaishiryo.pdf （掲載元 https://www.city.kita.lg.jp/safety/disaster/1002647/1002648.html ）", "license": "unknown", "updated": "2024-03"}, "geometry": {"type": "Point", "coordinates": [139.729874, 35.757874]}}, {"type": "Feature", "properties": {"muni": "北区", "name": "岸町ふれあい館", "address": "東京都北区岸町1-6-17", "category": "福祉避難所（補完型）", "source": "東京都北区地域防災計画（震災対策編・資料編）令和6(2024)年3月現在「36.避難所・福祉避難所一覧 (2)福祉避難所」 https://www.city.kita.lg.jp/_res/projects/default_project/_page_/001/002/648/shinsaishiryo.pdf （掲載元 https://www.city.kita.lg.jp/safety/disaster/1002647/1002648.html ）", "license": "unknown", "updated": "2024-03"}, "geometry": {"type": "Point", "coordinates": [139.734924, 35.755028]}}, {"type": "Feature", "properties": {"muni": "北区", "name": "堀船ふれあい館", "address": "東京都北区堀船3-7-12", "category": "福祉避難所（補完型）", "source": "東京都北区地域防災計画（震災対策編・資料編）令和6(2024)年3月現在「36.避難所・福祉避難所一覧 (2)福祉避難所」 https://www.city.kita.lg.jp/_res/projects/default_project/_page_/001/002/648/shinsaishiryo.pdf （掲載元 https://www.city.kita.lg.jp/safety/disaster/1002647/1002648.html ）", "license": "unknown", "updated": "2024-03"}, "geometry": {"type": "Point", "coordinates": [139.747818, 35.75692]}}, {"type": "Feature", "properties": {"muni": "北区", "name": "昭和町ふれあい館", "address": "東京都北区昭和町3-10-7", "category": "福祉避難所（補完型）", "source": "東京都北区地域防災計画（震災対策編・資料編）令和6(2024)年3月現在「36.避難所・福祉避難所一覧 (2)福祉避難所」 https://www.city.kita.lg.jp/_res/projects/default_project/_page_/001/002/648/shinsaishiryo.pdf （掲載元 https://www.city.kita.lg.jp/safety/disaster/1002647/1002648.html ）", "license": "unknown", "updated": "2024-03"}, "geometry": {"type": "Point", "coordinates": [139.75119, 35.749508]}}, {"type": "Feature", "properties": {"muni": "北区", "name": "東田端ふれあい館", "address": "東京都北区東田端2-20-51", "category": "福祉避難所（補完型）", "source": "東京都北区地域防災計画（震災対策編・資料編）令和6(2024)年3月現在「36.避難所・福祉避難所一覧 (2)福祉避難所」 https://www.city.kita.lg.jp/_res/projects/default_project/_page_/001/002/648/shinsaishiryo.pdf （掲載元 https://www.city.kita.lg.jp/safety/disaster/1002647/1002648.html ）", "license": "unknown", "updated": "2024-03"}, "geometry": {"type": "Point", "coordinates": [139.761703, 35.739502]}}, {"type": "Feature", "properties": {"muni": "北区", "name": "田端ふれあい館", "address": "東京都北区田端3-16-2", "category": "福祉避難所（補完型）", "source": "東京都北区地域防災計画（震災対策編・資料編）令和6(2024)年3月現在「36.避難所・福祉避難所一覧 (2)福祉避難所」 https://www.city.kita.lg.jp/_res/projects/default_project/_page_/001/002/648/shinsaishiryo.pdf （掲載元 https://www.city.kita.lg.jp/safety/disaster/1002647/1002648.html ）", "license": "unknown", "updated": "2024-03"}, "geometry": {"type": "Point", "coordinates": [139.756882, 35.734287]}}, {"type": "Feature", "properties": {"muni": "北区", "name": "滝野川東ふれあい館", "address": "東京都北区滝野川1-46-7", "category": "福祉避難所（補完型）", "source": "東京都北区地域防災計画（震災対策編・資料編）令和6(2024)年3月現在「36.避難所・福祉避難所一覧 (2)福祉避難所」 https://www.city.kita.lg.jp/_res/projects/default_project/_page_/001/002/648/shinsaishiryo.pdf （掲載元 https://www.city.kita.lg.jp/safety/disaster/1002647/1002648.html ）", "license": "unknown", "updated": "2024-03"}, "geometry": {"type": "Point", "coordinates": [139.733917, 35.746933]}}, {"type": "Feature", "properties": {"muni": "北区", "name": "滝野川西ふれあい館", "address": "東京都北区滝野川6-21-25", "category": "福祉避難所（補完型）", "source": "東京都北区地域防災計画（震災対策編・資料編）令和6(2024)年3月現在「36.避難所・福祉避難所一覧 (2)福祉避難所」 https://www.city.kita.lg.jp/_res/projects/default_project/_page_/001/002/648/shinsaishiryo.pdf （掲載元 https://www.city.kita.lg.jp/safety/disaster/1002647/1002648.html ）", "license": "unknown", "updated": "2024-03"}, "geometry": {"type": "Point", "coordinates": [139.726074, 35.745735]}}, {"type": "Feature", "properties": {"muni": "北区", "name": "志茂ふれあい館", "address": "東京都北区志茂1-34-17", "category": "福祉避難所（補完型）", "source": "東京都北区地域防災計画（震災対策編・資料編）令和6(2024)年3月現在「36.避難所・福祉避難所一覧 (2)福祉避難所」 https://www.city.kita.lg.jp/_res/projects/default_project/_page_/001/002/648/shinsaishiryo.pdf （掲載元 https://www.city.kita.lg.jp/safety/disaster/1002647/1002648.html ）", "license": "unknown", "updated": "2024-03", "remarks": "なでしこ小学校内"}, "geometry": {"type": "Point", "coordinates": [139.731827, 35.777645]}}, {"type": "Feature", "properties": {"muni": "北区", "name": "志茂老人いこいの家", "address": "東京都北区志茂1-2-22", "category": "福祉避難所（補完型）", "source": "東京都北区地域防災計画（震災対策編・資料編）令和6(2024)年3月現在「36.避難所・福祉避難所一覧 (2)福祉避難所」 https://www.city.kita.lg.jp/_res/projects/default_project/_page_/001/002/648/shinsaishiryo.pdf （掲載元 https://www.city.kita.lg.jp/safety/disaster/1002647/1002648.html ）", "license": "unknown", "updated": "2024-03", "remarks": "元気ぷらざ内"}, "geometry": {"type": "Point", "coordinates": [139.73085, 35.775719]}}, {"type": "Feature", "properties": {"muni": "北区", "name": "滝野川老人いこいの家", "address": "東京都北区滝野川1-46-7", "category": "福祉避難所（補完型）", "source": "東京都北区地域防災計画（震災対策編・資料編）令和6(2024)年3月現在「36.避難所・福祉避難所一覧 (2)福祉避難所」 https://www.city.kita.lg.jp/_res/projects/default_project/_page_/001/002/648/shinsaishiryo.pdf （掲載元 https://www.city.kita.lg.jp/safety/disaster/1002647/1002648.html ）", "license": "unknown", "updated": "2024-03", "remarks": "滝野川東区民センター2階"}, "geometry": {"type": "Point", "coordinates": [139.733917, 35.746933]}}, {"type": "Feature", "properties": {"muni": "北区", "name": "名主の滝老人いこいの家", "address": "東京都北区岸町1-15-25", "category": "福祉避難所（補完型）", "source": "東京都北区地域防災計画（震災対策編・資料編）令和6(2024)年3月現在「36.避難所・福祉避難所一覧 (2)福祉避難所」 https://www.city.kita.lg.jp/_res/projects/default_project/_page_/001/002/648/shinsaishiryo.pdf （掲載元 https://www.city.kita.lg.jp/safety/disaster/1002647/1002648.html ）", "license": "unknown", "updated": "2024-03", "remarks": "名主の滝公園内"}, "geometry": {"type": "Point", "coordinates": [139.732468, 35.758118]}}, {"type": "Feature", "properties": {"muni": "北区", "name": "都立北特別支援学校", "address": "東京都北区十条台1-1-1", "category": "福祉避難所（補完型）", "source": "東京都北区地域防災計画（震災対策編・資料編）令和6(2024)年3月現在「36.避難所・福祉避難所一覧 (2)福祉避難所」 https://www.city.kita.lg.jp/_res/projects/default_project/_page_/001/002/648/shinsaishiryo.pdf （掲載元 https://www.city.kita.lg.jp/safety/disaster/1002647/1002648.html ）", "license": "unknown", "updated": "2024-03"}, "geometry": {"type": "Point", "coordinates": [139.723343, 35.75275]}}, {"type": "Feature", "properties": {"muni": "北区", "name": "都立王子特別支援学校", "address": "東京都北区十条台1-8-41", "category": "福祉避難所（補完型）", "source": "東京都北区地域防災計画（震災対策編・資料編）令和6(2024)年3月現在「36.避難所・福祉避難所一覧 (2)福祉避難所」 https://www.city.kita.lg.jp/_res/projects/default_project/_page_/001/002/648/shinsaishiryo.pdf （掲載元 https://www.city.kita.lg.jp/safety/disaster/1002647/1002648.html ）", "license": "unknown", "updated": "2024-03"}, "geometry": {"type": "Point", "coordinates": [139.723724, 35.755993]}}, {"type": "Feature", "properties": {"muni": "大田区", "name": "特別養護老人ホーム羽田", "address": "東京都大田区本羽田3-23-45", "category": "福祉避難所（高齢者施設）", "source": "大田区地域防災計画[令和6年修正]資料編 09避難関係.pdf p.468-469 「10 福祉避難所（高齢者・障がい者）予定施設一覧」 (https://www.city.ota.tokyo.jp/seikatsu/chiiki/bousai/jishintaisaku/chiiki_bousaikeikaku/bousaikeikaku_r6_shiryou.files/09hinannkannkei.pdf 掲載元: https://www.city.ota.tokyo.jp/seikatsu/chiiki/bousai/jishintaisaku/chiiki_bousaikeikaku/bousaikeikaku_r6_shiryou.html)", "license": null, "updated": "令和6年修正（資料編09避難関係.pdf）"}, "geometry": {"type": "Point", "coordinates": [139.735809, 35.546143]}}, {"type": "Feature", "properties": {"muni": "大田区", "name": "特別養護老人ホーム池上", "address": "東京都大田区仲池上2-24-8", "category": "福祉避難所（高齢者施設）", "source": "大田区地域防災計画[令和6年修正]資料編 09避難関係.pdf p.468-469 「10 福祉避難所（高齢者・障がい者）予定施設一覧」 (https://www.city.ota.tokyo.jp/seikatsu/chiiki/bousai/jishintaisaku/chiiki_bousaikeikaku/bousaikeikaku_r6_shiryou.files/09hinannkannkei.pdf 掲載元: https://www.city.ota.tokyo.jp/seikatsu/chiiki/bousai/jishintaisaku/chiiki_bousaikeikaku/bousaikeikaku_r6_shiryou.html)", "license": null, "updated": "令和6年修正（資料編09避難関係.pdf）"}, "geometry": {"type": "Point", "coordinates": [139.698242, 35.584614]}}, {"type": "Feature", "properties": {"muni": "大田区", "name": "特別養護老人ホーム大森", "address": "東京都大田区大森西1-16-18", "category": "福祉避難所（高齢者施設）", "source": "大田区地域防災計画[令和6年修正]資料編 09避難関係.pdf p.468-469 「10 福祉避難所（高齢者・障がい者）予定施設一覧」 (https://www.city.ota.tokyo.jp/seikatsu/chiiki/bousai/jishintaisaku/chiiki_bousaikeikaku/bousaikeikaku_r6_shiryou.files/09hinannkannkei.pdf 掲載元: https://www.city.ota.tokyo.jp/seikatsu/chiiki/bousai/jishintaisaku/chiiki_bousaikeikaku/bousaikeikaku_r6_shiryou.html)", "license": null, "updated": "令和6年修正（資料編09避難関係.pdf）"}, "geometry": {"type": "Point", "coordinates": [139.725403, 35.575249]}}, {"type": "Feature", "properties": {"muni": "大田区", "name": "特別養護老人ホーム蒲田", "address": "東京都大田区蒲田2-8-8", "category": "福祉避難所（高齢者施設）", "source": "大田区地域防災計画[令和6年修正]資料編 09避難関係.pdf p.468-469 「10 福祉避難所（高齢者・障がい者）予定施設一覧」 (https://www.city.ota.tokyo.jp/seikatsu/chiiki/bousai/jishintaisaku/chiiki_bousaikeikaku/bousaikeikaku_r6_shiryou.files/09hinannkannkei.pdf 掲載元: https://www.city.ota.tokyo.jp/seikatsu/chiiki/bousai/jishintaisaku/chiiki_bousaikeikaku/bousaikeikaku_r6_shiryou.html)", "license": null, "updated": "令和6年修正（資料編09避難関係.pdf）"}, "geometry": {"type": "Point", "coordinates": [139.727158, 35.566708]}}, {"type": "Feature", "properties": {"muni": "大田区", "name": "特別養護老人ホーム糀谷", "address": "東京都大田区西糀谷2-12-1", "category": "福祉避難所（高齢者施設）", "source": "大田区地域防災計画[令和6年修正]資料編 09避難関係.pdf p.468-469 「10 福祉避難所（高齢者・障がい者）予定施設一覧」 (https://www.city.ota.tokyo.jp/seikatsu/chiiki/bousai/jishintaisaku/chiiki_bousaikeikaku/bousaikeikaku_r6_shiryou.files/09hinannkannkei.pdf 掲載元: https://www.city.ota.tokyo.jp/seikatsu/chiiki/bousai/jishintaisaku/chiiki_bousaikeikaku/bousaikeikaku_r6_shiryou.html)", "license": null, "updated": "令和6年修正（資料編09避難関係.pdf）"}, "geometry": {"type": "Point", "coordinates": [139.73703, 35.559563]}}, {"type": "Feature", "properties": {"muni": "大田区", "name": "特別養護老人ホームたまがわ", "address": "東京都大田区下丸子4-23-1", "category": "福祉避難所（高齢者施設）", "source": "大田区地域防災計画[令和6年修正]資料編 09避難関係.pdf p.468-469 「10 福祉避難所（高齢者・障がい者）予定施設一覧」 (https://www.city.ota.tokyo.jp/seikatsu/chiiki/bousai/jishintaisaku/chiiki_bousaikeikaku/bousaikeikaku_r6_shiryou.files/09hinannkannkei.pdf 掲載元: https://www.city.ota.tokyo.jp/seikatsu/chiiki/bousai/jishintaisaku/chiiki_bousaikeikaku/bousaikeikaku_r6_shiryou.html)", "license": null, "updated": "令和6年修正（資料編09避難関係.pdf）"}, "geometry": {"type": "Point", "coordinates": [139.679398, 35.571056]}}, {"type": "Feature", "properties": {"muni": "大田区", "name": "特別養護老人ホーム好日苑", "address": "東京都大田区上池台5-7-1", "category": "福祉避難所（高齢者施設）", "source": "大田区地域防災計画[令和6年修正]資料編 09避難関係.pdf p.468-469 「10 福祉避難所（高齢者・障がい者）予定施設一覧」 (https://www.city.ota.tokyo.jp/seikatsu/chiiki/bousai/jishintaisaku/chiiki_bousaikeikaku/bousaikeikaku_r6_shiryou.files/09hinannkannkei.pdf 掲載元: https://www.city.ota.tokyo.jp/seikatsu/chiiki/bousai/jishintaisaku/chiiki_bousaikeikaku/bousaikeikaku_r6_shiryou.html)", "license": null, "updated": "令和6年修正（資料編09避難関係.pdf）"}, "geometry": {"type": "Point", "coordinates": [139.702225, 35.594887]}}, {"type": "Feature", "properties": {"muni": "大田区", "name": "ゴールデン鶴亀ホーム", "address": "東京都大田区矢口1-23-12", "category": "福祉避難所（高齢者施設）", "source": "大田区地域防災計画[令和6年修正]資料編 09避難関係.pdf p.468-469 「10 福祉避難所（高齢者・障がい者）予定施設一覧」 (https://www.city.ota.tokyo.jp/seikatsu/chiiki/bousai/jishintaisaku/chiiki_bousaikeikaku/bousaikeikaku_r6_shiryou.files/09hinannkannkei.pdf 掲載元: https://www.city.ota.tokyo.jp/seikatsu/chiiki/bousai/jishintaisaku/chiiki_bousaikeikaku/bousaikeikaku_r6_shiryou.html)", "license": null, "updated": "令和6年修正（資料編09避難関係.pdf）"}, "geometry": {"type": "Point", "coordinates": [139.694687, 35.566116]}}, {"type": "Feature", "properties": {"muni": "大田区", "name": "大田翔裕園", "address": "東京都大田区東六郷1-12-12", "category": "福祉避難所（高齢者施設）", "source": "大田区地域防災計画[令和6年修正]資料編 09避難関係.pdf p.468-469 「10 福祉避難所（高齢者・障がい者）予定施設一覧」 (https://www.city.ota.tokyo.jp/seikatsu/chiiki/bousai/jishintaisaku/chiiki_bousaikeikaku/bousaikeikaku_r6_shiryou.files/09hinannkannkei.pdf 掲載元: https://www.city.ota.tokyo.jp/seikatsu/chiiki/bousai/jishintaisaku/chiiki_bousaikeikaku/bousaikeikaku_r6_shiryou.html)", "license": null, "updated": "令和6年修正（資料編09避難関係.pdf）"}, "geometry": {"type": "Point", "coordinates": [139.720078, 35.553825]}}, {"type": "Feature", "properties": {"muni": "大田区", "name": "大田ナーシングホーム翔裕園", "address": "東京都大田区東六郷1-12-11", "category": "福祉避難所（高齢者施設）", "source": "大田区地域防災計画[令和6年修正]資料編 09避難関係.pdf p.468-469 「10 福祉避難所（高齢者・障がい者）予定施設一覧」 (https://www.city.ota.tokyo.jp/seikatsu/chiiki/bousai/jishintaisaku/chiiki_bousaikeikaku/bousaikeikaku_r6_shiryou.files/09hinannkannkei.pdf 掲載元: https://www.city.ota.tokyo.jp/seikatsu/chiiki/bousai/jishintaisaku/chiiki_bousaikeikaku/bousaikeikaku_r6_shiryou.html)", "license": null, "updated": "令和6年修正（資料編09避難関係.pdf）"}, "geometry": {"type": "Point", "coordinates": [139.719955, 35.553917]}}, {"type": "Feature", "properties": {"muni": "大田区", "name": "特別養護老人ホームいずみえん", "address": "東京都大田区矢口3-1-5", "category": "福祉避難所（高齢者施設）", "source": "大田区地域防災計画[令和6年修正]資料編 09避難関係.pdf p.468-469 「10 福祉避難所（高齢者・障がい者）予定施設一覧」 (https://www.city.ota.tokyo.jp/seikatsu/chiiki/bousai/jishintaisaku/chiiki_bousaikeikaku/bousaikeikaku_r6_shiryou.files/09hinannkannkei.pdf 掲載元: https://www.city.ota.tokyo.jp/seikatsu/chiiki/bousai/jishintaisaku/chiiki_bousaikeikaku/bousaikeikaku_r6_shiryou.html)", "license": null, "updated": "令和6年修正（資料編09避難関係.pdf）"}, "geometry": {"type": "Point", "coordinates": [139.696289, 35.561573]}}, {"type": "Feature", "properties": {"muni": "大田区", "name": "特別養護老人ホームフロース東糀谷", "address": "東京都大田区東糀谷6-4-17", "category": "福祉避難所（高齢者施設）", "source": "大田区地域防災計画[令和6年修正]資料編 09避難関係.pdf p.468-469 「10 福祉避難所（高齢者・障がい者）予定施設一覧」 (https://www.city.ota.tokyo.jp/seikatsu/chiiki/bousai/jishintaisaku/chiiki_bousaikeikaku/bousaikeikaku_r6_shiryou.files/09hinannkannkei.pdf 掲載元: https://www.city.ota.tokyo.jp/seikatsu/chiiki/bousai/jishintaisaku/chiiki_bousaikeikaku/bousaikeikaku_r6_shiryou.html)", "license": null, "updated": "令和6年修正（資料編09避難関係.pdf）"}, "geometry": {"type": "Point", "coordinates": [139.750168, 35.560074]}}, {"type": "Feature", "properties": {"muni": "大田区", "name": "特別養護老人ホーム千里", "address": "東京都大田区東糀谷1-13-6", "category": "福祉避難所（高齢者施設）", "source": "大田区地域防災計画[令和6年修正]資料編 09避難関係.pdf p.468-469 「10 福祉避難所（高齢者・障がい者）予定施設一覧」 (https://www.city.ota.tokyo.jp/seikatsu/chiiki/bousai/jishintaisaku/chiiki_bousaikeikaku/bousaikeikaku_r6_shiryou.files/09hinannkannkei.pdf 掲載元: https://www.city.ota.tokyo.jp/seikatsu/chiiki/bousai/jishintaisaku/chiiki_bousaikeikaku/bousaikeikaku_r6_shiryou.html)", "license": null, "updated": "令和6年修正（資料編09避難関係.pdf）"}, "geometry": {"type": "Point", "coordinates": [139.739319, 35.559216]}}, {"type": "Feature", "properties": {"muni": "大田区", "name": "特別養護老人ホームバタフライヒル大森南", "address": "東京都大田区大森南1-17-6", "category": "福祉避難所（高齢者施設）", "source": "大田区地域防災計画[令和6年修正]資料編 09避難関係.pdf p.468-469 「10 福祉避難所（高齢者・障がい者）予定施設一覧」 (https://www.city.ota.tokyo.jp/seikatsu/chiiki/bousai/jishintaisaku/chiiki_bousaikeikaku/bousaikeikaku_r6_shiryou.files/09hinannkannkei.pdf 掲載元: https://www.city.ota.tokyo.jp/seikatsu/chiiki/bousai/jishintaisaku/chiiki_bousaikeikaku/bousaikeikaku_r6_shiryou.html)", "license": null, "updated": "令和6年修正（資料編09避難関係.pdf）"}, "geometry": {"type": "Point", "coordinates": [139.739548, 35.563683]}}, {"type": "Feature", "properties": {"muni": "大田区", "name": "特別養護老人ホーム生寿園", "address": "東京都大田区萩中2-3-10", "category": "福祉避難所（高齢者施設）", "source": "大田区地域防災計画[令和6年修正]資料編 09避難関係.pdf p.468-469 「10 福祉避難所（高齢者・障がい者）予定施設一覧」 (https://www.city.ota.tokyo.jp/seikatsu/chiiki/bousai/jishintaisaku/chiiki_bousaikeikaku/bousaikeikaku_r6_shiryou.files/09hinannkannkei.pdf 掲載元: https://www.city.ota.tokyo.jp/seikatsu/chiiki/bousai/jishintaisaku/chiiki_bousaikeikaku/bousaikeikaku_r6_shiryou.html)", "license": null, "updated": "令和6年修正（資料編09避難関係.pdf）"}, "geometry": {"type": "Point", "coordinates": [139.732193, 35.552563]}}, {"type": "Feature", "properties": {"muni": "大田区", "name": "特別養護老人ホーム馬込", "address": "東京都大田区西馬込2-11-2", "category": "福祉避難所（高齢者施設）", "source": "大田区地域防災計画[令和6年修正]資料編 09避難関係.pdf p.468-469 「10 福祉避難所（高齢者・障がい者）予定施設一覧」 (https://www.city.ota.tokyo.jp/seikatsu/chiiki/bousai/jishintaisaku/chiiki_bousaikeikaku/bousaikeikaku_r6_shiryou.files/09hinannkannkei.pdf 掲載元: https://www.city.ota.tokyo.jp/seikatsu/chiiki/bousai/jishintaisaku/chiiki_bousaikeikaku/bousaikeikaku_r6_shiryou.html)", "license": null, "updated": "令和6年修正（資料編09避難関係.pdf）"}, "geometry": {"type": "Point", "coordinates": [139.701965, 35.589638]}}, {"type": "Feature", "properties": {"muni": "大田区", "name": "特別養護老人ホーム花みずき", "address": "東京都大田区大森西4-12-1", "category": "福祉避難所（高齢者施設）", "source": "大田区地域防災計画[令和6年修正]資料編 09避難関係.pdf p.468-469 「10 福祉避難所（高齢者・障がい者）予定施設一覧」 (https://www.city.ota.tokyo.jp/seikatsu/chiiki/bousai/jishintaisaku/chiiki_bousaikeikaku/bousaikeikaku_r6_shiryou.files/09hinannkannkei.pdf 掲載元: https://www.city.ota.tokyo.jp/seikatsu/chiiki/bousai/jishintaisaku/chiiki_bousaikeikaku/bousaikeikaku_r6_shiryou.html)", "license": null, "updated": "令和6年修正（資料編09避難関係.pdf）"}, "geometry": {"type": "Point", "coordinates": [139.722961, 35.572956]}}, {"type": "Feature", "properties": {"muni": "大田区", "name": "介護老人保健施設和光の園", "address": "東京都大田区大森西4-12-1", "category": "福祉避難所（高齢者施設）", "source": "大田区地域防災計画[令和6年修正]資料編 09避難関係.pdf p.468-469 「10 福祉避難所（高齢者・障がい者）予定施設一覧」 (https://www.city.ota.tokyo.jp/seikatsu/chiiki/bousai/jishintaisaku/chiiki_bousaikeikaku/bousaikeikaku_r6_shiryou.files/09hinannkannkei.pdf 掲載元: https://www.city.ota.tokyo.jp/seikatsu/chiiki/bousai/jishintaisaku/chiiki_bousaikeikaku/bousaikeikaku_r6_shiryou.html)", "license": null, "updated": "令和6年修正（資料編09避難関係.pdf）"}, "geometry": {"type": "Point", "coordinates": [139.722961, 35.572956]}}, {"type": "Feature", "properties": {"muni": "大田区", "name": "介護付き有料老人ホームホームステーションらいふ梅屋敷", "address": "東京都大田区大森中3-16-2", "category": "福祉避難所（高齢者施設）", "source": "大田区地域防災計画[令和6年修正]資料編 09避難関係.pdf p.468-469 「10 福祉避難所（高齢者・障がい者）予定施設一覧」 (https://www.city.ota.tokyo.jp/seikatsu/chiiki/bousai/jishintaisaku/chiiki_bousaikeikaku/bousaikeikaku_r6_shiryou.files/09hinannkannkei.pdf 掲載元: https://www.city.ota.tokyo.jp/seikatsu/chiiki/bousai/jishintaisaku/chiiki_bousaikeikaku/bousaikeikaku_r6_shiryou.html)", "license": null, "updated": "令和6年修正（資料編09避難関係.pdf）"}, "geometry": {"type": "Point", "coordinates": [139.73201, 35.565022]}}, {"type": "Feature", "properties": {"muni": "大田区", "name": "介護老人保健施設セントラル大田", "address": "東京都大田区中央8-34-10", "category": "福祉避難所（高齢者施設）", "source": "大田区地域防災計画[令和6年修正]資料編 09避難関係.pdf p.468-469 「10 福祉避難所（高齢者・障がい者）予定施設一覧」 (https://www.city.ota.tokyo.jp/seikatsu/chiiki/bousai/jishintaisaku/chiiki_bousaikeikaku/bousaikeikaku_r6_shiryou.files/09hinannkannkei.pdf 掲載元: https://www.city.ota.tokyo.jp/seikatsu/chiiki/bousai/jishintaisaku/chiiki_bousaikeikaku/bousaikeikaku_r6_shiryou.html)", "license": null, "updated": "令和6年修正（資料編09避難関係.pdf）"}, "geometry": {"type": "Point", "coordinates": [139.718185, 35.570557]}}, {"type": "Feature", "properties": {"muni": "大田区", "name": "介護医療院セントラル大田", "address": "東京都大田区中央8-34-10", "category": "福祉避難所（高齢者施設）", "source": "大田区地域防災計画[令和6年修正]資料編 09避難関係.pdf p.468-469 「10 福祉避難所（高齢者・障がい者）予定施設一覧」 (https://www.city.ota.tokyo.jp/seikatsu/chiiki/bousai/jishintaisaku/chiiki_bousaikeikaku/bousaikeikaku_r6_shiryou.files/09hinannkannkei.pdf 掲載元: https://www.city.ota.tokyo.jp/seikatsu/chiiki/bousai/jishintaisaku/chiiki_bousaikeikaku/bousaikeikaku_r6_shiryou.html)", "license": null, "updated": "令和6年修正（資料編09避難関係.pdf）"}, "geometry": {"type": "Point", "coordinates": [139.718185, 35.570557]}}, {"type": "Feature", "properties": {"muni": "大田区", "name": "特別養護老人ホームさくらのみち紫苑", "address": "東京都大田区矢口3-11-3", "category": "福祉避難所（高齢者施設）", "source": "大田区地域防災計画[令和6年修正]資料編 09避難関係.pdf p.468-469 「10 福祉避難所（高齢者・障がい者）予定施設一覧」 (https://www.city.ota.tokyo.jp/seikatsu/chiiki/bousai/jishintaisaku/chiiki_bousaikeikaku/bousaikeikaku_r6_shiryou.files/09hinannkannkei.pdf 掲載元: https://www.city.ota.tokyo.jp/seikatsu/chiiki/bousai/jishintaisaku/chiiki_bousaikeikaku/bousaikeikaku_r6_shiryou.html)", "license": null, "updated": "令和6年修正（資料編09避難関係.pdf）"}, "geometry": {"type": "Point", "coordinates": [139.69429, 35.559772]}}, {"type": "Feature", "properties": {"muni": "大田区", "name": "ケアホーム千鳥", "address": "東京都大田区千鳥2-34-25", "category": "福祉避難所（高齢者施設）", "source": "大田区地域防災計画[令和6年修正]資料編 09避難関係.pdf p.468-469 「10 福祉避難所（高齢者・障がい者）予定施設一覧」 (https://www.city.ota.tokyo.jp/seikatsu/chiiki/bousai/jishintaisaku/chiiki_bousaikeikaku/bousaikeikaku_r6_shiryou.files/09hinannkannkei.pdf 掲載元: https://www.city.ota.tokyo.jp/seikatsu/chiiki/bousai/jishintaisaku/chiiki_bousaikeikaku/bousaikeikaku_r6_shiryou.html)", "license": null, "updated": "令和6年修正（資料編09避難関係.pdf）"}, "geometry": {"type": "Point", "coordinates": [139.694885, 35.568684]}}, {"type": "Feature", "properties": {"muni": "大田区", "name": "介護付有料老人ホームニチイホーム矢口", "address": "東京都大田区矢口2-21-3", "category": "福祉避難所（高齢者施設）", "source": "大田区地域防災計画[令和6年修正]資料編 09避難関係.pdf p.468-469 「10 福祉避難所（高齢者・障がい者）予定施設一覧」 (https://www.city.ota.tokyo.jp/seikatsu/chiiki/bousai/jishintaisaku/chiiki_bousaikeikaku/bousaikeikaku_r6_shiryou.files/09hinannkannkei.pdf 掲載元: https://www.city.ota.tokyo.jp/seikatsu/chiiki/bousai/jishintaisaku/chiiki_bousaikeikaku/bousaikeikaku_r6_shiryou.html)", "license": null, "updated": "令和6年修正（資料編09避難関係.pdf）"}, "geometry": {"type": "Point", "coordinates": [139.689087, 35.562206]}}, {"type": "Feature", "properties": {"muni": "大田区", "name": "介護付有料老人ホームニチイホーム多摩川緑地", "address": "東京都大田区仲六郷4-2-6", "category": "福祉避難所（高齢者施設）", "source": "大田区地域防災計画[令和6年修正]資料編 09避難関係.pdf p.468-469 「10 福祉避難所（高齢者・障がい者）予定施設一覧」 (https://www.city.ota.tokyo.jp/seikatsu/chiiki/bousai/jishintaisaku/chiiki_bousaikeikaku/bousaikeikaku_r6_shiryou.files/09hinannkannkei.pdf 掲載元: https://www.city.ota.tokyo.jp/seikatsu/chiiki/bousai/jishintaisaku/chiiki_bousaikeikaku/bousaikeikaku_r6_shiryou.html)", "license": null, "updated": "令和6年修正（資料編09避難関係.pdf）"}, "geometry": {"type": "Point", "coordinates": [139.709137, 35.544899]}}, {"type": "Feature", "properties": {"muni": "大田区", "name": "介護付有料老人ホームニチイホーム中馬込", "address": "東京都大田区中馬込3-18-19", "category": "福祉避難所（高齢者施設）", "source": "大田区地域防災計画[令和6年修正]資料編 09避難関係.pdf p.468-469 「10 福祉避難所（高齢者・障がい者）予定施設一覧」 (https://www.city.ota.tokyo.jp/seikatsu/chiiki/bousai/jishintaisaku/chiiki_bousaikeikaku/bousaikeikaku_r6_shiryou.files/09hinannkannkei.pdf 掲載元: https://www.city.ota.tokyo.jp/seikatsu/chiiki/bousai/jishintaisaku/chiiki_bousaikeikaku/bousaikeikaku_r6_shiryou.html)", "license": null, "updated": "令和6年修正（資料編09避難関係.pdf）"}, "geometry": {"type": "Point", "coordinates": [139.704834, 35.592167]}}, {"type": "Feature", "properties": {"muni": "大田区", "name": "介護付有料老人ホームニチイホーム下丸子", "address": "東京都大田区下丸子2-19-18", "category": "福祉避難所（高齢者施設）", "source": "大田区地域防災計画[令和6年修正]資料編 09避難関係.pdf p.468-469 「10 福祉避難所（高齢者・障がい者）予定施設一覧」 (https://www.city.ota.tokyo.jp/seikatsu/chiiki/bousai/jishintaisaku/chiiki_bousaikeikaku/bousaikeikaku_r6_shiryou.files/09hinannkannkei.pdf 掲載元: https://www.city.ota.tokyo.jp/seikatsu/chiiki/bousai/jishintaisaku/chiiki_bousaikeikaku/bousaikeikaku_r6_shiryou.html)", "license": null, "updated": "令和6年修正（資料編09避難関係.pdf）"}, "geometry": {"type": "Point", "coordinates": [139.688065, 35.565147]}}, {"type": "Feature", "properties": {"muni": "大田区", "name": "介護付有料老人ホームニチイホーム久が原", "address": "東京都大田区久が原1-2-25", "category": "福祉避難所（高齢者施設）", "source": "大田区地域防災計画[令和6年修正]資料編 09避難関係.pdf p.468-469 「10 福祉避難所（高齢者・障がい者）予定施設一覧」 (https://www.city.ota.tokyo.jp/seikatsu/chiiki/bousai/jishintaisaku/chiiki_bousaikeikaku/bousaikeikaku_r6_shiryou.files/09hinannkannkei.pdf 掲載元: https://www.city.ota.tokyo.jp/seikatsu/chiiki/bousai/jishintaisaku/chiiki_bousaikeikaku/bousaikeikaku_r6_shiryou.html)", "license": null, "updated": "令和6年修正（資料編09避難関係.pdf）"}, "geometry": {"type": "Point", "coordinates": [139.692413, 35.586967]}}, {"type": "Feature", "properties": {"muni": "大田区", "name": "特別養護老人ホーム誠心園", "address": "東京都大田区西糀谷1-2-12", "category": "福祉避難所（高齢者施設）", "source": "大田区地域防災計画[令和6年修正]資料編 09避難関係.pdf p.468-469 「10 福祉避難所（高齢者・障がい者）予定施設一覧」 (https://www.city.ota.tokyo.jp/seikatsu/chiiki/bousai/jishintaisaku/chiiki_bousaikeikaku/bousaikeikaku_r6_shiryou.files/09hinannkannkei.pdf 掲載元: https://www.city.ota.tokyo.jp/seikatsu/chiiki/bousai/jishintaisaku/chiiki_bousaikeikaku/bousaikeikaku_r6_shiryou.html)", "license": null, "updated": "令和6年修正（資料編09避難関係.pdf）"}, "geometry": {"type": "Point", "coordinates": [139.729141, 35.560181]}}, {"type": "Feature", "properties": {"muni": "大田区", "name": "介護付有料老人ホームアライブ久が原", "address": "東京都大田区久が原4-8-18", "category": "福祉避難所（高齢者施設）", "source": "大田区地域防災計画[令和6年修正]資料編 09避難関係.pdf p.468-469 「10 福祉避難所（高齢者・障がい者）予定施設一覧」 (https://www.city.ota.tokyo.jp/seikatsu/chiiki/bousai/jishintaisaku/chiiki_bousaikeikaku/bousaikeikaku_r6_shiryou.files/09hinannkannkei.pdf 掲載元: https://www.city.ota.tokyo.jp/seikatsu/chiiki/bousai/jishintaisaku/chiiki_bousaikeikaku/bousaikeikaku_r6_shiryou.html)", "license": null, "updated": "令和6年修正（資料編09避難関係.pdf）"}, "geometry": {"type": "Point", "coordinates": [139.692612, 35.580856]}}, {"type": "Feature", "properties": {"muni": "大田区", "name": "介護付有料老人ホームウェルケアガーデン久が原", "address": "東京都大田区久が原2-25-25", "category": "福祉避難所（高齢者施設）", "source": "大田区地域防災計画[令和6年修正]資料編 09避難関係.pdf p.468-469 「10 福祉避難所（高齢者・障がい者）予定施設一覧」 (https://www.city.ota.tokyo.jp/seikatsu/chiiki/bousai/jishintaisaku/chiiki_bousaikeikaku/bousaikeikaku_r6_shiryou.files/09hinannkannkei.pdf 掲載元: https://www.city.ota.tokyo.jp/seikatsu/chiiki/bousai/jishintaisaku/chiiki_bousaikeikaku/bousaikeikaku_r6_shiryou.html)", "license": null, "updated": "令和6年修正（資料編09避難関係.pdf）"}, "geometry": {"type": "Point", "coordinates": [139.697144, 35.579952]}}, {"type": "Feature", "properties": {"muni": "大田区", "name": "介護付有料老人ホームカーサプラチナ中馬込", "address": "東京都大田区中馬込3-9-15", "category": "福祉避難所（高齢者施設）", "source": "大田区地域防災計画[令和6年修正]資料編 09避難関係.pdf p.468-469 「10 福祉避難所（高齢者・障がい者）予定施設一覧」 (https://www.city.ota.tokyo.jp/seikatsu/chiiki/bousai/jishintaisaku/chiiki_bousaikeikaku/bousaikeikaku_r6_shiryou.files/09hinannkannkei.pdf 掲載元: https://www.city.ota.tokyo.jp/seikatsu/chiiki/bousai/jishintaisaku/chiiki_bousaikeikaku/bousaikeikaku_r6_shiryou.html)", "license": null, "updated": "令和6年修正（資料編09避難関係.pdf）"}, "geometry": {"type": "Point", "coordinates": [139.703445, 35.59132]}}, {"type": "Feature", "properties": {"muni": "大田区", "name": "志茂田福祉センター", "address": "東京都大田区西六郷1-4-27", "category": "福祉避難所（障がい者施設）", "source": "大田区地域防災計画[令和6年修正]資料編 09避難関係.pdf p.468-469 「10 福祉避難所（高齢者・障がい者）予定施設一覧」 (https://www.city.ota.tokyo.jp/seikatsu/chiiki/bousai/jishintaisaku/chiiki_bousaikeikaku/bousaikeikaku_r6_shiryou.files/09hinannkannkei.pdf 掲載元: https://www.city.ota.tokyo.jp/seikatsu/chiiki/bousai/jishintaisaku/chiiki_bousaikeikaku/bousaikeikaku_r6_shiryou.html)", "license": null, "updated": "令和6年修正（資料編09避難関係.pdf）"}, "geometry": {"type": "Point", "coordinates": [139.710815, 35.556007]}}, {"type": "Feature", "properties": {"muni": "大田区", "name": "上池台障害者福祉会館", "address": "東京都大田区上池台5-5-1", "category": "福祉避難所（障がい者施設）", "source": "大田区地域防災計画[令和6年修正]資料編 09避難関係.pdf p.468-469 「10 福祉避難所（高齢者・障がい者）予定施設一覧」 (https://www.city.ota.tokyo.jp/seikatsu/chiiki/bousai/jishintaisaku/chiiki_bousaikeikaku/bousaikeikaku_r6_shiryou.files/09hinannkannkei.pdf 掲載元: https://www.city.ota.tokyo.jp/seikatsu/chiiki/bousai/jishintaisaku/chiiki_bousaikeikaku/bousaikeikaku_r6_shiryou.html)", "license": null, "updated": "令和6年修正（資料編09避難関係.pdf）"}, "geometry": {"type": "Point", "coordinates": [139.701248, 35.595688]}}, {"type": "Feature", "properties": {"muni": "大田区", "name": "大田生活実習所", "address": "東京都大田区萩中2-10-11", "category": "福祉避難所（障がい者施設）", "source": "大田区地域防災計画[令和6年修正]資料編 09避難関係.pdf p.468-469 「10 福祉避難所（高齢者・障がい者）予定施設一覧」 (https://www.city.ota.tokyo.jp/seikatsu/chiiki/bousai/jishintaisaku/chiiki_bousaikeikaku/bousaikeikaku_r6_shiryou.files/09hinannkannkei.pdf 掲載元: https://www.city.ota.tokyo.jp/seikatsu/chiiki/bousai/jishintaisaku/chiiki_bousaikeikaku/bousaikeikaku_r6_shiryou.html)", "license": null, "updated": "令和6年修正（資料編09避難関係.pdf）"}, "geometry": {"type": "Point", "coordinates": [139.730835, 35.550495]}}, {"type": "Feature", "properties": {"muni": "大田区", "name": "大森東福祉園", "address": "東京都大田区大森東1-36-7", "category": "福祉避難所（障がい者施設）", "source": "大田区地域防災計画[令和6年修正]資料編 09避難関係.pdf p.468-469 「10 福祉避難所（高齢者・障がい者）予定施設一覧」 (https://www.city.ota.tokyo.jp/seikatsu/chiiki/bousai/jishintaisaku/chiiki_bousaikeikaku/bousaikeikaku_r6_shiryou.files/09hinannkannkei.pdf 掲載元: https://www.city.ota.tokyo.jp/seikatsu/chiiki/bousai/jishintaisaku/chiiki_bousaikeikaku/bousaikeikaku_r6_shiryou.html)", "license": null, "updated": "令和6年修正（資料編09避難関係.pdf）"}, "geometry": {"type": "Point", "coordinates": [139.739563, 35.575493]}}, {"type": "Feature", "properties": {"muni": "大田区", "name": "こども発達センターわかばの家", "address": "東京都大田区千鳥3-7-5", "category": "福祉避難所（障がい者施設）", "source": "大田区地域防災計画[令和6年修正]資料編 09避難関係.pdf p.468-469 「10 福祉避難所（高齢者・障がい者）予定施設一覧」 (https://www.city.ota.tokyo.jp/seikatsu/chiiki/bousai/jishintaisaku/chiiki_bousaikeikaku/bousaikeikaku_r6_shiryou.files/09hinannkannkei.pdf 掲載元: https://www.city.ota.tokyo.jp/seikatsu/chiiki/bousai/jishintaisaku/chiiki_bousaikeikaku/bousaikeikaku_r6_shiryou.html)", "license": null, "updated": "令和6年修正（資料編09避難関係.pdf）"}, "geometry": {"type": "Point", "coordinates": [139.690475, 35.573315]}}, {"type": "Feature", "properties": {"muni": "大田区", "name": "大田福祉作業所（本場）", "address": "東京都大田区大森西3-3-9", "category": "福祉避難所（障がい者施設）", "source": "大田区地域防災計画[令和6年修正]資料編 09避難関係.pdf p.468-469 「10 福祉避難所（高齢者・障がい者）予定施設一覧」 (https://www.city.ota.tokyo.jp/seikatsu/chiiki/bousai/jishintaisaku/chiiki_bousaikeikaku/bousaikeikaku_r6_shiryou.files/09hinannkannkei.pdf 掲載元: https://www.city.ota.tokyo.jp/seikatsu/chiiki/bousai/jishintaisaku/chiiki_bousaikeikaku/bousaikeikaku_r6_shiryou.html)", "license": null, "updated": "令和6年修正（資料編09避難関係.pdf）"}, "geometry": {"type": "Point", "coordinates": [139.730911, 35.574909]}}, {"type": "Feature", "properties": {"muni": "大田区", "name": "久が原福祉園", "address": "東京都大田区久が原1-2-5", "category": "福祉避難所（障がい者施設）", "source": "大田区地域防災計画[令和6年修正]資料編 09避難関係.pdf p.468-469 「10 福祉避難所（高齢者・障がい者）予定施設一覧」 (https://www.city.ota.tokyo.jp/seikatsu/chiiki/bousai/jishintaisaku/chiiki_bousaikeikaku/bousaikeikaku_r6_shiryou.files/09hinannkannkei.pdf 掲載元: https://www.city.ota.tokyo.jp/seikatsu/chiiki/bousai/jishintaisaku/chiiki_bousaikeikaku/bousaikeikaku_r6_shiryou.html)", "license": null, "updated": "令和6年修正（資料編09避難関係.pdf）"}, "geometry": {"type": "Point", "coordinates": [139.692764, 35.587524]}}, {"type": "Feature", "properties": {"muni": "大田区", "name": "南六郷福祉園", "address": "東京都大田区南六郷3-23-8", "category": "福祉避難所（障がい者施設）", "source": "大田区地域防災計画[令和6年修正]資料編 09避難関係.pdf p.468-469 「10 福祉避難所（高齢者・障がい者）予定施設一覧」 (https://www.city.ota.tokyo.jp/seikatsu/chiiki/bousai/jishintaisaku/chiiki_bousaikeikaku/bousaikeikaku_r6_shiryou.files/09hinannkannkei.pdf 掲載元: https://www.city.ota.tokyo.jp/seikatsu/chiiki/bousai/jishintaisaku/chiiki_bousaikeikaku/bousaikeikaku_r6_shiryou.html)", "license": null, "updated": "令和6年修正（資料編09避難関係.pdf）"}, "geometry": {"type": "Point", "coordinates": [139.714188, 35.541943]}}, {"type": "Feature", "properties": {"muni": "大田区", "name": "くすのき園", "address": "東京都大田区南六郷3-23-9", "category": "福祉避難所（障がい者施設）", "source": "大田区地域防災計画[令和6年修正]資料編 09避難関係.pdf p.468-469 「10 福祉避難所（高齢者・障がい者）予定施設一覧」 (https://www.city.ota.tokyo.jp/seikatsu/chiiki/bousai/jishintaisaku/chiiki_bousaikeikaku/bousaikeikaku_r6_shiryou.files/09hinannkannkei.pdf 掲載元: https://www.city.ota.tokyo.jp/seikatsu/chiiki/bousai/jishintaisaku/chiiki_bousaikeikaku/bousaikeikaku_r6_shiryou.html)", "license": null, "updated": "令和6年修正（資料編09避難関係.pdf）"}, "geometry": {"type": "Point", "coordinates": [139.71434, 35.542007]}}, {"type": "Feature", "properties": {"muni": "大田区", "name": "うめのき園（本園）", "address": "東京都大田区東糀谷5-17-14", "category": "福祉避難所（障がい者施設）", "source": "大田区地域防災計画[令和6年修正]資料編 09避難関係.pdf p.468-469 「10 福祉避難所（高齢者・障がい者）予定施設一覧」 (https://www.city.ota.tokyo.jp/seikatsu/chiiki/bousai/jishintaisaku/chiiki_bousaikeikaku/bousaikeikaku_r6_shiryou.files/09hinannkannkei.pdf 掲載元: https://www.city.ota.tokyo.jp/seikatsu/chiiki/bousai/jishintaisaku/chiiki_bousaikeikaku/bousaikeikaku_r6_shiryou.html)", "license": null, "updated": "令和6年修正（資料編09避難関係.pdf）"}, "geometry": {"type": "Point", "coordinates": [139.744583, 35.55722]}}, {"type": "Feature", "properties": {"muni": "大田区", "name": "しいのき園", "address": "東京都大田区西糀谷2-9-12", "category": "福祉避難所（障がい者施設）", "source": "大田区地域防災計画[令和6年修正]資料編 09避難関係.pdf p.468-469 「10 福祉避難所（高齢者・障がい者）予定施設一覧」 (https://www.city.ota.tokyo.jp/seikatsu/chiiki/bousai/jishintaisaku/chiiki_bousaikeikaku/bousaikeikaku_r6_shiryou.files/09hinannkannkei.pdf 掲載元: https://www.city.ota.tokyo.jp/seikatsu/chiiki/bousai/jishintaisaku/chiiki_bousaikeikaku/bousaikeikaku_r6_shiryou.html)", "license": null, "updated": "令和6年修正（資料編09避難関係.pdf）"}, "geometry": {"type": "Point", "coordinates": [139.737549, 35.560177]}}, {"type": "Feature", "properties": {"muni": "大田区", "name": "新井宿福祉園", "address": "東京都大田区中央2-13-2", "category": "福祉避難所（障がい者施設）", "source": "大田区地域防災計画[令和6年修正]資料編 09避難関係.pdf p.468-469 「10 福祉避難所（高齢者・障がい者）予定施設一覧」 (https://www.city.ota.tokyo.jp/seikatsu/chiiki/bousai/jishintaisaku/chiiki_bousaikeikaku/bousaikeikaku_r6_shiryou.files/09hinannkannkei.pdf 掲載元: https://www.city.ota.tokyo.jp/seikatsu/chiiki/bousai/jishintaisaku/chiiki_bousaikeikaku/bousaikeikaku_r6_shiryou.html)", "license": null, "updated": "令和6年修正（資料編09避難関係.pdf）"}, "geometry": {"type": "Point", "coordinates": [139.719681, 35.578438]}}, {"type": "Feature", "properties": {"muni": "大田区", "name": "池上福祉園", "address": "東京都大田区池上6-40-3", "category": "福祉避難所（障がい者施設）", "source": "大田区地域防災計画[令和6年修正]資料編 09避難関係.pdf p.468-469 「10 福祉避難所（高齢者・障がい者）予定施設一覧」 (https://www.city.ota.tokyo.jp/seikatsu/chiiki/bousai/jishintaisaku/chiiki_bousaikeikaku/bousaikeikaku_r6_shiryou.files/09hinannkannkei.pdf 掲載元: https://www.city.ota.tokyo.jp/seikatsu/chiiki/bousai/jishintaisaku/chiiki_bousaikeikaku/bousaikeikaku_r6_shiryou.html)", "license": null, "updated": "令和6年修正（資料編09避難関係.pdf）"}, "geometry": {"type": "Point", "coordinates": [139.705521, 35.568016]}}, {"type": "Feature", "properties": {"muni": "大田区", "name": "はぎなか園", "address": "東京都大田区萩中2-12-23", "category": "福祉避難所（障がい者施設）", "source": "大田区地域防災計画[令和6年修正]資料編 09避難関係.pdf p.468-469 「10 福祉避難所（高齢者・障がい者）予定施設一覧」 (https://www.city.ota.tokyo.jp/seikatsu/chiiki/bousai/jishintaisaku/chiiki_bousaikeikaku/bousaikeikaku_r6_shiryou.files/09hinannkannkei.pdf 掲載元: https://www.city.ota.tokyo.jp/seikatsu/chiiki/bousai/jishintaisaku/chiiki_bousaikeikaku/bousaikeikaku_r6_shiryou.html)", "license": null, "updated": "令和6年修正（資料編09避難関係.pdf）"}, "geometry": {"type": "Point", "coordinates": [139.732269, 35.550617]}}, {"type": "Feature", "properties": {"muni": "大田区", "name": "まごめ園", "address": "東京都大田区中馬込2-3-19", "category": "福祉避難所（障がい者施設）", "source": "大田区地域防災計画[令和6年修正]資料編 09避難関係.pdf p.468-469 「10 福祉避難所（高齢者・障がい者）予定施設一覧」 (https://www.city.ota.tokyo.jp/seikatsu/chiiki/bousai/jishintaisaku/chiiki_bousaikeikaku/bousaikeikaku_r6_shiryou.files/09hinannkannkei.pdf 掲載元: https://www.city.ota.tokyo.jp/seikatsu/chiiki/bousai/jishintaisaku/chiiki_bousaikeikaku/bousaikeikaku_r6_shiryou.html)", "license": null, "updated": "令和6年修正（資料編09避難関係.pdf）"}, "geometry": {"type": "Point", "coordinates": [139.706955, 35.595078]}}, {"type": "Feature", "properties": {"muni": "大田区", "name": "のぞみ園", "address": "東京都大田区大森南2-15-1", "category": "福祉避難所（障がい者施設）", "source": "大田区地域防災計画[令和6年修正]資料編 09避難関係.pdf p.468-469 「10 福祉避難所（高齢者・障がい者）予定施設一覧」 (https://www.city.ota.tokyo.jp/seikatsu/chiiki/bousai/jishintaisaku/chiiki_bousaikeikaku/bousaikeikaku_r6_shiryou.files/09hinannkannkei.pdf 掲載元: https://www.city.ota.tokyo.jp/seikatsu/chiiki/bousai/jishintaisaku/chiiki_bousaikeikaku/bousaikeikaku_r6_shiryou.html)", "license": null, "updated": "令和6年修正（資料編09避難関係.pdf）"}, "geometry": {"type": "Point", "coordinates": [139.740219, 35.562778]}}, {"type": "Feature", "properties": {"muni": "大田区", "name": "障害者支援施設いずみえん", "address": "東京都大田区矢口3-1-5", "category": "福祉避難所（障がい者施設）", "source": "大田区地域防災計画[令和6年修正]資料編 09避難関係.pdf p.468-469 「10 福祉避難所（高齢者・障がい者）予定施設一覧」 (https://www.city.ota.tokyo.jp/seikatsu/chiiki/bousai/jishintaisaku/chiiki_bousaikeikaku/bousaikeikaku_r6_shiryou.files/09hinannkannkei.pdf 掲載元: https://www.city.ota.tokyo.jp/seikatsu/chiiki/bousai/jishintaisaku/chiiki_bousaikeikaku/bousaikeikaku_r6_shiryou.html)", "license": null, "updated": "令和6年修正（資料編09避難関係.pdf）"}, "geometry": {"type": "Point", "coordinates": [139.696289, 35.561573]}}, {"type": "Feature", "properties": {"muni": "大田区", "name": "障害者支援施設アミークス東糀谷", "address": "東京都大田区東糀谷6-4-17", "category": "福祉避難所（障がい者施設）", "source": "大田区地域防災計画[令和6年修正]資料編 09避難関係.pdf p.468-469 「10 福祉避難所（高齢者・障がい者）予定施設一覧」 (https://www.city.ota.tokyo.jp/seikatsu/chiiki/bousai/jishintaisaku/chiiki_bousaikeikaku/bousaikeikaku_r6_shiryou.files/09hinannkannkei.pdf 掲載元: https://www.city.ota.tokyo.jp/seikatsu/chiiki/bousai/jishintaisaku/chiiki_bousaikeikaku/bousaikeikaku_r6_shiryou.html)", "license": null, "updated": "令和6年修正（資料編09避難関係.pdf）"}, "geometry": {"type": "Point", "coordinates": [139.750168, 35.560074]}}, {"type": "Feature", "properties": {"muni": "大田区", "name": "障がい者総合サポートセンター", "address": "東京都大田区中央4-30-11", "category": "福祉避難所（障がい者施設）", "source": "大田区地域防災計画[令和6年修正]資料編 09避難関係.pdf p.468-469 「10 福祉避難所（高齢者・障がい者）予定施設一覧」 (https://www.city.ota.tokyo.jp/seikatsu/chiiki/bousai/jishintaisaku/chiiki_bousaikeikaku/bousaikeikaku_r6_shiryou.files/09hinannkannkei.pdf 掲載元: https://www.city.ota.tokyo.jp/seikatsu/chiiki/bousai/jishintaisaku/chiiki_bousaikeikaku/bousaikeikaku_r6_shiryou.html)", "license": null, "updated": "令和6年修正（資料編09避難関係.pdf）"}, "geometry": {"type": "Point", "coordinates": [139.71843, 35.579586]}}, {"type": "Feature", "properties": {"muni": "大田区", "name": "東京都大田福祉工場", "address": "東京都大田区大森西2-22-26", "category": "福祉避難所（障がい者施設）", "source": "大田区地域防災計画[令和6年修正]資料編 09避難関係.pdf p.468-469 「10 福祉避難所（高齢者・障がい者）予定施設一覧」 (https://www.city.ota.tokyo.jp/seikatsu/chiiki/bousai/jishintaisaku/chiiki_bousaikeikaku/bousaikeikaku_r6_shiryou.files/09hinannkannkei.pdf 掲載元: https://www.city.ota.tokyo.jp/seikatsu/chiiki/bousai/jishintaisaku/chiiki_bousaikeikaku/bousaikeikaku_r6_shiryou.html)", "license": null, "updated": "令和6年修正（資料編09避難関係.pdf）"}, "geometry": {"type": "Point", "coordinates": [139.728104, 35.575268]}}, {"type": "Feature", "properties": {"muni": "大田区", "name": "都立城南特別支援学校", "address": "東京都大田区東六郷2-18-19", "category": "福祉避難所（都立特別支援学校）", "source": "大田区地域防災計画[令和6年修正]資料編 09避難関係.pdf p.468-469 「10 福祉避難所（高齢者・障がい者）予定施設一覧」 (https://www.city.ota.tokyo.jp/seikatsu/chiiki/bousai/jishintaisaku/chiiki_bousaikeikaku/bousaikeikaku_r6_shiryou.files/09hinannkannkei.pdf 掲載元: https://www.city.ota.tokyo.jp/seikatsu/chiiki/bousai/jishintaisaku/chiiki_bousaikeikaku/bousaikeikaku_r6_shiryou.html)", "license": null, "updated": "令和6年修正（資料編09避難関係.pdf）"}, "geometry": {"type": "Point", "coordinates": [139.71698, 35.548111]}}, {"type": "Feature", "properties": {"muni": "大田区", "name": "都立矢口特別支援学校", "address": "東京都大田区矢口1-26-10", "category": "福祉避難所（都立特別支援学校）", "source": "大田区地域防災計画[令和6年修正]資料編 09避難関係.pdf p.468-469 「10 福祉避難所（高齢者・障がい者）予定施設一覧」 (https://www.city.ota.tokyo.jp/seikatsu/chiiki/bousai/jishintaisaku/chiiki_bousaikeikaku/bousaikeikaku_r6_shiryou.files/09hinannkannkei.pdf 掲載元: https://www.city.ota.tokyo.jp/seikatsu/chiiki/bousai/jishintaisaku/chiiki_bousaikeikaku/bousaikeikaku_r6_shiryou.html)", "license": null, "updated": "令和6年修正（資料編09避難関係.pdf）"}, "geometry": {"type": "Point", "coordinates": [139.694565, 35.565475]}}, {"type": "Feature", "properties": {"muni": "大田区", "name": "都立田園調布特別支援学校", "address": "東京都大田区田園調布5-43-6", "category": "福祉避難所（都立特別支援学校）", "source": "大田区地域防災計画[令和6年修正]資料編 09避難関係.pdf p.468-469 「10 福祉避難所（高齢者・障がい者）予定施設一覧」 (https://www.city.ota.tokyo.jp/seikatsu/chiiki/bousai/jishintaisaku/chiiki_bousaikeikaku/bousaikeikaku_r6_shiryou.files/09hinannkannkei.pdf 掲載元: https://www.city.ota.tokyo.jp/seikatsu/chiiki/bousai/jishintaisaku/chiiki_bousaikeikaku/bousaikeikaku_r6_shiryou.html)", "license": null, "updated": "令和6年修正（資料編09避難関係.pdf）"}, "geometry": {"type": "Point", "coordinates": [139.655029, 35.595039]}}, {"type": "Feature", "properties": {"muni": "中央区", "name": "築地社会教育会館", "address": "東京都中央区築地四丁目15番1号", "category": "福祉避難所", "source": "中央区 福祉避難所（区公式サイト） https://www.city.chuo.lg.jp/a0028/bousaianzen/bousai/bousaitaisaku/hinanjo/fukushihinanjyo.html", "license": "不明（HTML案内ページ、CC-BY等の表記なし）", "updated": null}, "geometry": {"type": "Point", "coordinates": [139.768539, 35.66605]}}, {"type": "Feature", "properties": {"muni": "中央区", "name": "桜川敬老館", "address": "東京都中央区入船一丁目1番13号", "category": "福祉避難所", "source": "中央区 福祉避難所（区公式サイト） https://www.city.chuo.lg.jp/a0028/bousaianzen/bousai/bousaitaisaku/hinanjo/fukushihinanjyo.html", "license": "不明（HTML案内ページ、CC-BY等の表記なし）", "updated": null}, "geometry": {"type": "Point", "coordinates": [139.778519, 35.673645]}}, {"type": "Feature", "properties": {"muni": "中央区", "name": "浜町敬老館・浜町児童館・浜町区民館", "address": "東京都中央区日本橋浜町三丁目37番1号", "category": "福祉避難所", "source": "中央区 福祉避難所（区公式サイト） https://www.city.chuo.lg.jp/a0028/bousaianzen/bousai/bousaitaisaku/hinanjo/fukushihinanjyo.html", "license": "不明（HTML案内ページ、CC-BY等の表記なし）", "updated": null}, "geometry": {"type": "Point", "coordinates": [139.791229, 35.685162]}}, {"type": "Feature", "properties": {"muni": "中央区", "name": "佃児童館・シニアセンター", "address": "東京都中央区佃一丁目11番1号", "category": "福祉避難所", "source": "中央区 福祉避難所（区公式サイト） https://www.city.chuo.lg.jp/a0028/bousaianzen/bousai/bousaitaisaku/hinanjo/fukushihinanjyo.html", "license": "不明（HTML案内ページ、CC-BY等の表記なし）", "updated": null}, "geometry": {"type": "Point", "coordinates": [139.784515, 35.670841]}}, {"type": "Feature", "properties": {"muni": "中央区", "name": "日本橋社会教育会館", "address": "東京都中央区日本橋人形町一丁目1番17号", "category": "福祉避難所", "source": "中央区 福祉避難所（区公式サイト） https://www.city.chuo.lg.jp/a0028/bousaianzen/bousai/bousaitaisaku/hinanjo/fukushihinanjyo.html", "license": "不明（HTML案内ページ、CC-BY等の表記なし）", "updated": null}, "geometry": {"type": "Point", "coordinates": [139.781815, 35.684723]}}, {"type": "Feature", "properties": {"muni": "中央区", "name": "月島社会教育会館", "address": "東京都中央区月島四丁目1番1号", "category": "福祉避難所", "source": "中央区 福祉避難所（区公式サイト） https://www.city.chuo.lg.jp/a0028/bousaianzen/bousai/bousaitaisaku/hinanjo/fukushihinanjyo.html", "license": "不明（HTML案内ページ、CC-BY等の表記なし）", "updated": null}, "geometry": {"type": "Point", "coordinates": [139.782562, 35.662472]}}, {"type": "Feature", "properties": {"muni": "中央区", "name": "月島社会教育会館 晴海分館「アートはるみ」", "address": "東京都中央区晴海一丁目4番1号", "category": "福祉避難所", "source": "中央区 福祉避難所（区公式サイト） https://www.city.chuo.lg.jp/a0028/bousaianzen/bousai/bousaitaisaku/hinanjo/fukushihinanjyo.html", "license": "不明（HTML案内ページ、CC-BY等の表記なし）", "updated": null}, "geometry": {"type": "Point", "coordinates": [139.785797, 35.659184]}}, {"type": "Feature", "properties": {"muni": "中央区", "name": "福祉センター・子ども発達支援センター「ゆりのき」・子ども家庭支援センター「きらら中央」", "address": "東京都中央区明石町12番1号", "category": "福祉避難所", "source": "中央区 福祉避難所（区公式サイト） https://www.city.chuo.lg.jp/a0028/bousaianzen/bousai/bousaitaisaku/hinanjo/fukushihinanjyo.html", "license": "不明（HTML案内ページ、CC-BY等の表記なし）", "updated": null}, "geometry": {"type": "Point", "coordinates": [139.776306, 35.666866]}}, {"type": "Feature", "properties": {"muni": "中央区", "name": "特別養護老人ホーム「マイホーム新川」", "address": "東京都中央区新川二丁目27番3号", "category": "福祉避難所", "source": "中央区 福祉避難所（区公式サイト） https://www.city.chuo.lg.jp/a0028/bousaianzen/bousai/bousaitaisaku/hinanjo/fukushihinanjyo.html", "license": "不明（HTML案内ページ、CC-BY等の表記なし）", "updated": null}, "geometry": {"type": "Point", "coordinates": [139.784454, 35.674519]}}, {"type": "Feature", "properties": {"muni": "中央区", "name": "特別養護老人ホーム「新とみ」", "address": "東京都中央区新富一丁目4番6号", "category": "福祉避難所", "source": "中央区 福祉避難所（区公式サイト） https://www.city.chuo.lg.jp/a0028/bousaianzen/bousai/bousaitaisaku/hinanjo/fukushihinanjyo.html", "license": "不明（HTML案内ページ、CC-BY等の表記なし）", "updated": null}, "geometry": {"type": "Point", "coordinates": [139.772797, 35.672691]}}, {"type": "Feature", "properties": {"muni": "中央区", "name": "特別養護老人ホーム「わとなーる桜川」", "address": "東京都中央区入船一丁目1番13号", "category": "福祉避難所", "source": "中央区 福祉避難所（区公式サイト） https://www.city.chuo.lg.jp/a0028/bousaianzen/bousai/bousaitaisaku/hinanjo/fukushihinanjyo.html", "license": "不明（HTML案内ページ、CC-BY等の表記なし）", "updated": null}, "geometry": {"type": "Point", "coordinates": [139.778519, 35.673645]}}, {"type": "Feature", "properties": {"muni": "中央区", "name": "特別養護老人ホーム「ケアサポートセンター十思」", "address": "東京都中央区日本橋小伝馬町5番19号", "category": "福祉避難所", "source": "中央区 福祉避難所（区公式サイト） https://www.city.chuo.lg.jp/a0028/bousaianzen/bousai/bousaitaisaku/hinanjo/fukushihinanjyo.html", "license": "不明（HTML案内ページ、CC-BY等の表記なし）", "updated": null}, "geometry": {"type": "Point", "coordinates": [139.777573, 35.690811]}}, {"type": "Feature", "properties": {"muni": "中央区", "name": "特別養護老人ホーム「マイホームはるみ」", "address": "東京都中央区晴海一丁目5番1号", "category": "福祉避難所", "source": "中央区 福祉避難所（区公式サイト） https://www.city.chuo.lg.jp/a0028/bousaianzen/bousai/bousaitaisaku/hinanjo/fukushihinanjyo.html", "license": "不明（HTML案内ページ、CC-BY等の表記なし）", "updated": null}, "geometry": {"type": "Point", "coordinates": [139.784912, 35.660187]}}, {"type": "Feature", "properties": {"muni": "中央区", "name": "特別養護老人ホーム「ケアサポートセンターつきしま」", "address": "東京都中央区月島一丁目5番2号", "category": "福祉避難所", "source": "中央区 福祉避難所（区公式サイト） https://www.city.chuo.lg.jp/a0028/bousaianzen/bousai/bousaitaisaku/hinanjo/fukushihinanjyo.html", "license": "不明（HTML案内ページ、CC-BY等の表記なし）", "updated": null}, "geometry": {"type": "Point", "coordinates": [139.784027, 35.664398]}}, {"type": "Feature", "properties": {"muni": "中央区", "name": "高齢者総合福祉施設「晴海苑」", "address": "東京都中央区晴海一丁目1番26号", "category": "福祉避難所", "source": "中央区 福祉避難所（区公式サイト） https://www.city.chuo.lg.jp/a0028/bousaianzen/bousai/bousaitaisaku/hinanjo/fukushihinanjyo.html", "license": "不明（HTML案内ページ、CC-BY等の表記なし）", "updated": null}, "geometry": {"type": "Point", "coordinates": [139.787201, 35.661091]}}, {"type": "Feature", "properties": {"muni": "中央区", "name": "介護老人保健施設「リハポート明石」", "address": "東京都中央区明石町1番6号", "category": "福祉避難所", "source": "中央区 福祉避難所（区公式サイト） https://www.city.chuo.lg.jp/a0028/bousaianzen/bousai/bousaitaisaku/hinanjo/fukushihinanjyo.html", "license": "不明（HTML案内ページ、CC-BY等の表記なし）", "updated": null}, "geometry": {"type": "Point", "coordinates": [139.776657, 35.669617]}}, {"type": "Feature", "properties": {"muni": "中央区", "name": "知的障害者生活支援施設「レインボーハウス明石」", "address": "東京都中央区明石町1番6号", "category": "福祉避難所", "source": "中央区 福祉避難所（区公式サイト） https://www.city.chuo.lg.jp/a0028/bousaianzen/bousai/bousaitaisaku/hinanjo/fukushihinanjyo.html", "license": "不明（HTML案内ページ、CC-BY等の表記なし）", "updated": null}, "geometry": {"type": "Point", "coordinates": [139.776657, 35.669617]}}, {"type": "Feature", "properties": {"muni": "中央区", "name": "晴海地域交流センター「はるみらい」", "address": "東京都中央区晴海五丁目2番3号", "category": "福祉避難所", "source": "中央区 福祉避難所（区公式サイト） https://www.city.chuo.lg.jp/a0028/bousaianzen/bousai/bousaitaisaku/hinanjo/fukushihinanjyo.html", "license": "不明（HTML案内ページ、CC-BY等の表記なし）", "updated": null}, "geometry": {"type": "Point", "coordinates": [139.77684, 35.653404]}}, {"type": "Feature", "properties": {"muni": "文京区", "name": "特別養護老人ホーム文京くすのきの郷", "address": "東京都文京区大塚4-18-1", "category": "福祉避難所", "source": "文京区公式サイト「福祉避難所」https://www.city.bunkyo.lg.jp/b016/p000023.html（更新日2026-04-27、令和8年3月時点26か所）", "license": "不明（区公式サイトHTML掲載情報、二次利用条件の明示なし）", "updated": null}, "geometry": {"type": "Point", "coordinates": [139.734314, 35.724171]}}, {"type": "Feature", "properties": {"muni": "文京区", "name": "特別養護老人ホーム文京千駄木の郷", "address": "東京都文京区千駄木5-19-2", "category": "福祉避難所", "source": "文京区公式サイト「福祉避難所」https://www.city.bunkyo.lg.jp/b016/p000023.html（更新日2026-04-27、令和8年3月時点26か所）", "license": "不明（区公式サイトHTML掲載情報、二次利用条件の明示なし）", "updated": null}, "geometry": {"type": "Point", "coordinates": [139.760712, 35.726555]}}, {"type": "Feature", "properties": {"muni": "文京区", "name": "特別養護老人ホームゆしまの郷", "address": "東京都文京区湯島3-29-10", "category": "福祉避難所", "source": "文京区公式サイト「福祉避難所」https://www.city.bunkyo.lg.jp/b016/p000023.html（更新日2026-04-27、令和8年3月時点26か所）", "license": "不明（区公式サイトHTML掲載情報、二次利用条件の明示なし）", "updated": null}, "geometry": {"type": "Point", "coordinates": [139.768539, 35.706982]}}, {"type": "Feature", "properties": {"muni": "文京区", "name": "小石川ヒルサイドテラス", "address": "東京都文京区春日2-4-8", "category": "福祉避難所", "source": "文京区公式サイト「福祉避難所」https://www.city.bunkyo.lg.jp/b016/p000023.html（更新日2026-04-27、令和8年3月時点26か所）", "license": "不明（区公式サイトHTML掲載情報、二次利用条件の明示なし）", "updated": null}, "geometry": {"type": "Point", "coordinates": [139.743881, 35.709522]}}, {"type": "Feature", "properties": {"muni": "文京区", "name": "特別養護老人ホーム洛和ヴィラ文京春日", "address": "東京都文京区春日1-9-21", "category": "福祉避難所", "source": "文京区公式サイト「福祉避難所」https://www.city.bunkyo.lg.jp/b016/p000023.html（更新日2026-04-27、令和8年3月時点26か所）", "license": "不明（区公式サイトHTML掲載情報、二次利用条件の明示なし）", "updated": null}, "geometry": {"type": "Point", "coordinates": [139.745834, 35.708145]}}, {"type": "Feature", "properties": {"muni": "文京区", "name": "特別養護老人ホーム文京大塚みどりの郷", "address": "東京都文京区大塚4-50-1", "category": "福祉避難所", "source": "文京区公式サイト「福祉避難所」https://www.city.bunkyo.lg.jp/b016/p000023.html（更新日2026-04-27、令和8年3月時点26か所）", "license": "不明（区公式サイトHTML掲載情報、二次利用条件の明示なし）", "updated": null}, "geometry": {"type": "Point", "coordinates": [139.730682, 35.724522]}}, {"type": "Feature", "properties": {"muni": "文京区", "name": "優っくり村文京小日向", "address": "東京都文京区小日向1-23-26", "category": "福祉避難所", "source": "文京区公式サイト「福祉避難所」https://www.city.bunkyo.lg.jp/b016/p000023.html（更新日2026-04-27、令和8年3月時点26か所）", "license": "不明（区公式サイトHTML掲載情報、二次利用条件の明示なし）", "updated": null}, "geometry": {"type": "Point", "coordinates": [139.736984, 35.714325]}}, {"type": "Feature", "properties": {"muni": "文京区", "name": "杜の癒しハウス文京関口", "address": "東京都文京区関口1-14-12", "category": "福祉避難所", "source": "文京区公式サイト「福祉避難所」https://www.city.bunkyo.lg.jp/b016/p000023.html（更新日2026-04-27、令和8年3月時点26か所）", "license": "不明（区公式サイトHTML掲載情報、二次利用条件の明示なし）", "updated": null}, "geometry": {"type": "Point", "coordinates": [139.734039, 35.708511]}}, {"type": "Feature", "properties": {"muni": "文京区", "name": "SOMPOケアラヴィーレ本郷", "address": "東京都文京区本郷3-4-1", "category": "福祉避難所", "source": "文京区公式サイト「福祉避難所」https://www.city.bunkyo.lg.jp/b016/p000023.html（更新日2026-04-27、令和8年3月時点26か所）", "license": "不明（区公式サイトHTML掲載情報、二次利用条件の明示なし）", "updated": null}, "geometry": {"type": "Point", "coordinates": [139.763611, 35.703373]}}, {"type": "Feature", "properties": {"muni": "文京区", "name": "アリア護国寺", "address": "東京都文京区目白台3-28-10", "category": "福祉避難所", "source": "文京区公式サイト「福祉避難所」https://www.city.bunkyo.lg.jp/b016/p000023.html（更新日2026-04-27、令和8年3月時点26か所）", "license": "不明（区公式サイトHTML掲載情報、二次利用条件の明示なし）", "updated": null}, "geometry": {"type": "Point", "coordinates": [139.725098, 35.716793]}}, {"type": "Feature", "properties": {"muni": "文京区", "name": "グランダ小石川", "address": "東京都文京区白山4-8-17", "category": "福祉避難所", "source": "文京区公式サイト「福祉避難所」https://www.city.bunkyo.lg.jp/b016/p000023.html（更新日2026-04-27、令和8年3月時点26か所）", "license": "不明（区公式サイトHTML掲載情報、二次利用条件の明示なし）", "updated": null}, "geometry": {"type": "Point", "coordinates": [139.744629, 35.72229]}}, {"type": "Feature", "properties": {"muni": "文京区", "name": "文京湯島高齢者在宅サービスセンター", "address": "東京都文京区湯島2-28-14", "category": "福祉避難所", "source": "文京区公式サイト「福祉避難所」https://www.city.bunkyo.lg.jp/b016/p000023.html（更新日2026-04-27、令和8年3月時点26か所）", "license": "不明（区公式サイトHTML掲載情報、二次利用条件の明示なし）", "updated": null}, "geometry": {"type": "Point", "coordinates": [139.766281, 35.706738]}}, {"type": "Feature", "properties": {"muni": "文京区", "name": "文京向丘高齢者在宅サービスセンター", "address": "東京都文京区向丘2-22-9", "category": "福祉避難所", "source": "文京区公式サイト「福祉避難所」https://www.city.bunkyo.lg.jp/b016/p000023.html（更新日2026-04-27、令和8年3月時点26か所）", "license": "不明（区公式サイトHTML掲載情報、二次利用条件の明示なし）", "updated": null}, "geometry": {"type": "Point", "coordinates": [139.75737, 35.723583]}}, {"type": "Feature", "properties": {"muni": "文京区", "name": "文京昭和高齢者在宅サービスセンター", "address": "東京都文京区本駒込2-28-31", "category": "福祉避難所", "source": "文京区公式サイト「福祉避難所」https://www.city.bunkyo.lg.jp/b016/p000023.html（更新日2026-04-27、令和8年3月時点26か所）", "license": "不明（区公式サイトHTML掲載情報、二次利用条件の明示なし）", "updated": null}, "geometry": {"type": "Point", "coordinates": [139.749649, 35.731781]}}, {"type": "Feature", "properties": {"muni": "文京区", "name": "文京本郷高齢者在宅サービスセンター", "address": "東京都文京区本郷4-21-2", "category": "福祉避難所", "source": "文京区公式サイト「福祉避難所」https://www.city.bunkyo.lg.jp/b016/p000023.html（更新日2026-04-27、令和8年3月時点26か所）", "license": "不明（区公式サイトHTML掲載情報、二次利用条件の明示なし）", "updated": null}, "geometry": {"type": "Point", "coordinates": [139.754593, 35.71006]}}, {"type": "Feature", "properties": {"muni": "文京区", "name": "龍岡介護老人保健施設", "address": "東京都文京区湯島4-9-8", "category": "福祉避難所", "source": "文京区公式サイト「福祉避難所」https://www.city.bunkyo.lg.jp/b016/p000023.html（更新日2026-04-27、令和8年3月時点26か所）", "license": "不明（区公式サイトHTML掲載情報、二次利用条件の明示なし）", "updated": null}, "geometry": {"type": "Point", "coordinates": [139.764343, 35.709694]}}, {"type": "Feature", "properties": {"muni": "文京区", "name": "介護老人保健施設音羽えびすの郷", "address": "東京都文京区音羽1-22-14", "category": "福祉避難所", "source": "文京区公式サイト「福祉避難所」https://www.city.bunkyo.lg.jp/b016/p000023.html（更新日2026-04-27、令和8年3月時点26か所）", "license": "不明（区公式サイトHTML掲載情報、二次利用条件の明示なし）", "updated": null}, "geometry": {"type": "Point", "coordinates": [139.729919, 35.713795]}}, {"type": "Feature", "properties": {"muni": "文京区", "name": "グループホーム白山みやびの郷", "address": "東京都文京区白山2-29-9", "category": "福祉避難所", "source": "文京区公式サイト「福祉避難所」https://www.city.bunkyo.lg.jp/b016/p000023.html（更新日2026-04-27、令和8年3月時点26か所）", "license": "不明（区公式サイトHTML掲載情報、二次利用条件の明示なし）", "updated": null}, "geometry": {"type": "Point", "coordinates": [139.75116, 35.71756]}}, {"type": "Feature", "properties": {"muni": "文京区", "name": "グッドライフケアセンター向丘", "address": "東京都文京区西片2-19-15", "category": "福祉避難所", "source": "文京区公式サイト「福祉避難所」https://www.city.bunkyo.lg.jp/b016/p000023.html（更新日2026-04-27、令和8年3月時点26か所）", "license": "不明（区公式サイトHTML掲載情報、二次利用条件の明示なし）", "updated": null}, "geometry": {"type": "Point", "coordinates": [139.757065, 35.716412]}}, {"type": "Feature", "properties": {"muni": "文京区", "name": "福寿ぶんきょう小石川あけぼし", "address": "東京都文京区小石川5-11-8", "category": "福祉避難所", "source": "文京区公式サイト「福祉避難所」https://www.city.bunkyo.lg.jp/b016/p000023.html（更新日2026-04-27、令和8年3月時点26か所）", "license": "不明（区公式サイトHTML掲載情報、二次利用条件の明示なし）", "updated": null}, "geometry": {"type": "Point", "coordinates": [139.74118, 35.717026]}}, {"type": "Feature", "properties": {"muni": "文京区", "name": "文京区立大塚福祉作業所", "address": "東京都文京区大塚4-50-1", "category": "福祉避難所", "source": "文京区公式サイト「福祉避難所」https://www.city.bunkyo.lg.jp/b016/p000023.html（更新日2026-04-27、令和8年3月時点26か所）", "license": "不明（区公式サイトHTML掲載情報、二次利用条件の明示なし）", "updated": null}, "geometry": {"type": "Point", "coordinates": [139.730682, 35.724522]}}, {"type": "Feature", "properties": {"muni": "文京区", "name": "文京区立小石川福祉作業所", "address": "東京都文京区小石川3-30-6", "category": "福祉避難所", "source": "文京区公式サイト「福祉避難所」https://www.city.bunkyo.lg.jp/b016/p000023.html（更新日2026-04-27、令和8年3月時点26か所）", "license": "不明（区公式サイトHTML掲載情報、二次利用条件の明示なし）", "updated": null}, "geometry": {"type": "Point", "coordinates": [139.748566, 35.714108]}}, {"type": "Feature", "properties": {"muni": "文京区", "name": "障害者支援施設リアン文京", "address": "東京都文京区小日向2-16-15", "category": "福祉避難所", "source": "文京区公式サイト「福祉避難所」https://www.city.bunkyo.lg.jp/b016/p000023.html（更新日2026-04-27、令和8年3月時点26か所）", "license": "不明（区公式サイトHTML掲載情報、二次利用条件の明示なし）", "updated": null}, "geometry": {"type": "Point", "coordinates": [139.734512, 35.710438]}}, {"type": "Feature", "properties": {"muni": "文京区", "name": "文京区立本郷福祉センター若駒の里", "address": "東京都文京区本駒込4-35-15", "category": "福祉避難所", "source": "文京区公式サイト「福祉避難所」https://www.city.bunkyo.lg.jp/b016/p000023.html（更新日2026-04-27、令和8年3月時点26か所）", "license": "不明（区公式サイトHTML掲載情報、二次利用条件の明示なし）", "updated": null}, "geometry": {"type": "Point", "coordinates": [139.755219, 35.733509]}}, {"type": "Feature", "properties": {"muni": "文京区", "name": "ふる里学舎本郷", "address": "東京都文京区本郷2-21-7", "category": "福祉避難所", "source": "文京区公式サイト「福祉避難所」https://www.city.bunkyo.lg.jp/b016/p000023.html（更新日2026-04-27、令和8年3月時点26か所）", "license": "不明（区公式サイトHTML掲載情報、二次利用条件の明示なし）", "updated": null}, "geometry": {"type": "Point", "coordinates": [139.759064, 35.704681]}}, {"type": "Feature", "properties": {"muni": "文京区", "name": "東京都立文京盲学校", "address": "東京都文京区後楽1-7-6", "category": "福祉避難所", "source": "文京区公式サイト「福祉避難所」https://www.city.bunkyo.lg.jp/b016/p000023.html（更新日2026-04-27、令和8年3月時点26か所）", "license": "不明（区公式サイトHTML掲載情報、二次利用条件の明示なし）", "updated": null}, "geometry": {"type": "Point", "coordinates": [139.746521, 35.706161]}}, {"type": "Feature", "properties": {"muni": "文京区", "name": "跡見学園女子大学", "address": "東京都文京区大塚1丁目5番2号", "category": "妊産婦・乳児救護所", "source": "文京区公式サイト「妊産婦・乳児救護所」https://www.city.bunkyo.lg.jp/b009/p000021.html（更新日2026-01-30、私立大学4か所指定）", "license": "不明（区公式サイトHTML掲載情報、二次利用条件の明示なし）", "updated": null}, "geometry": {"type": "Point", "coordinates": [139.734116, 35.71693]}}, {"type": "Feature", "properties": {"muni": "文京区", "name": "貞静学園短期大学", "address": "東京都文京区小日向1丁目26番13号", "category": "妊産婦・乳児救護所", "source": "文京区公式サイト「妊産婦・乳児救護所」https://www.city.bunkyo.lg.jp/b009/p000021.html（更新日2026-01-30、私立大学4か所指定）", "license": "不明（区公式サイトHTML掲載情報、二次利用条件の明示なし）", "updated": null}, "geometry": {"type": "Point", "coordinates": [139.738281, 35.715061]}}, {"type": "Feature", "properties": {"muni": "文京区", "name": "日本女子大学(新泉山館)", "address": "東京都文京区目白台1丁目19番10号", "category": "妊産婦・乳児救護所", "source": "文京区公式サイト「妊産婦・乳児救護所」https://www.city.bunkyo.lg.jp/b009/p000021.html（更新日2026-01-30、私立大学4か所指定）", "license": "不明（区公式サイトHTML掲載情報、二次利用条件の明示なし）", "updated": null}, "geometry": {"type": "Point", "coordinates": [139.720627, 35.715851]}}, {"type": "Feature", "properties": {"muni": "文京区", "name": "東洋学園大学1号館", "address": "東京都文京区本郷1丁目26番3号", "category": "妊産婦・乳児救護所", "source": "文京区公式サイト「妊産婦・乳児救護所」https://www.city.bunkyo.lg.jp/b009/p000021.html（更新日2026-01-30、私立大学4か所指定）", "license": "不明（区公式サイトHTML掲載情報、二次利用条件の明示なし）", "updated": null}, "geometry": {"type": "Point", "coordinates": [139.757568, 35.704567]}}, {"type": "Feature", "properties": {"muni": "板橋区", "name": "特別養護老人ホーム 加賀さくらの杜（社会福祉法人寿栄会）", "address": "東京都板橋区加賀2-1-1", "category": "福祉避難所", "source": "板橋区地域防災計画（令和6年度修正）資料編 資料3.10.2 福祉避難所一覧（令和6年3月1日現在） https://www.city.itabashi.tokyo.jp/_res/projects/default_project/_page_/001/052/402/03shiryou.pdf", "license": "unknown", "updated": null}, "geometry": {"type": "Point", "coordinates": [139.715225, 35.754284]}}, {"type": "Feature", "properties": {"muni": "板橋区", "name": "特別養護老人ホーム ケアポート板橋（社会福祉法人不二健育会）", "address": "東京都板橋区舟渡3-4-8", "category": "福祉避難所", "source": "板橋区地域防災計画（令和6年度修正）資料編 資料3.10.2 福祉避難所一覧（令和6年3月1日現在） https://www.city.itabashi.tokyo.jp/_res/projects/default_project/_page_/001/052/402/03shiryou.pdf", "license": "unknown", "updated": null}, "geometry": {"type": "Point", "coordinates": [139.68103, 35.792301]}}, {"type": "Feature", "properties": {"muni": "板橋区", "name": "特別養護老人ホーム ケアタウン成増（社会福祉法人みその福祉会）", "address": "東京都板橋区成増4-14-18", "category": "福祉避難所", "source": "板橋区地域防災計画（令和6年度修正）資料編 資料3.10.2 福祉避難所一覧（令和6年3月1日現在） https://www.city.itabashi.tokyo.jp/_res/projects/default_project/_page_/001/052/402/03shiryou.pdf", "license": "unknown", "updated": null}, "geometry": {"type": "Point", "coordinates": [139.635513, 35.783161]}}, {"type": "Feature", "properties": {"muni": "板橋区", "name": "特別養護老人ホーム 東京武蔵野ホーム（社会福祉法人小茂根の郷）", "address": "東京都板橋区小茂根4-11-11", "category": "福祉避難所", "source": "板橋区地域防災計画（令和6年度修正）資料編 資料3.10.2 福祉避難所一覧（令和6年3月1日現在） https://www.city.itabashi.tokyo.jp/_res/projects/default_project/_page_/001/052/402/03shiryou.pdf", "license": "unknown", "updated": null}, "geometry": {"type": "Point", "coordinates": [139.675278, 35.746452]}}, {"type": "Feature", "properties": {"muni": "板橋区", "name": "特別養護老人ホーム ブルーポピー（社会福祉法人四葉晃耀会）", "address": "東京都板橋区大門8-14", "category": "福祉避難所", "source": "板橋区地域防災計画（令和6年度修正）資料編 資料3.10.2 福祉避難所一覧（令和6年3月1日現在） https://www.city.itabashi.tokyo.jp/_res/projects/default_project/_page_/001/052/402/03shiryou.pdf", "license": "unknown", "updated": null}, "geometry": {"type": "Point", "coordinates": [139.650848, 35.783859]}}, {"type": "Feature", "properties": {"muni": "板橋区", "name": "特別養護老人ホーム マイライフ徳丸（社会福祉法人北野会）", "address": "東京都板橋区徳丸3-32-28", "category": "福祉避難所", "source": "板橋区地域防災計画（令和6年度修正）資料編 資料3.10.2 福祉避難所一覧（令和6年3月1日現在） https://www.city.itabashi.tokyo.jp/_res/projects/default_project/_page_/001/052/402/03shiryou.pdf", "license": "unknown", "updated": null}, "geometry": {"type": "Point", "coordinates": [139.657623, 35.775143]}}, {"type": "Feature", "properties": {"muni": "板橋区", "name": "特別養護老人ホーム 音羽台レジデンス（社会福祉法人翠生会）", "address": "東京都板橋区成増4-33-1", "category": "福祉避難所", "source": "板橋区地域防災計画（令和6年度修正）資料編 資料3.10.2 福祉避難所一覧（令和6年3月1日現在） https://www.city.itabashi.tokyo.jp/_res/projects/default_project/_page_/001/052/402/03shiryou.pdf", "license": "unknown", "updated": null}, "geometry": {"type": "Point", "coordinates": [139.634216, 35.78661]}}, {"type": "Feature", "properties": {"muni": "板橋区", "name": "特別養護老人ホーム 若木ライフ（社会福祉法人信隆会）", "address": "東京都板橋区若木1-21-3", "category": "福祉避難所", "source": "板橋区地域防災計画（令和6年度修正）資料編 資料3.10.2 福祉避難所一覧（令和6年3月1日現在） https://www.city.itabashi.tokyo.jp/_res/projects/default_project/_page_/001/052/402/03shiryou.pdf", "license": "unknown", "updated": null}, "geometry": {"type": "Point", "coordinates": [139.672073, 35.768047]}}, {"type": "Feature", "properties": {"muni": "板橋区", "name": "特別養護老人ホーム みどりの苑（社会福祉法人奉優会）", "address": "東京都板橋区前野町5-9-3", "category": "福祉避難所", "source": "板橋区地域防災計画（令和6年度修正）資料編 資料3.10.2 福祉避難所一覧（令和6年3月1日現在） https://www.city.itabashi.tokyo.jp/_res/projects/default_project/_page_/001/052/402/03shiryou.pdf", "license": "unknown", "updated": null}, "geometry": {"type": "Point", "coordinates": [139.685059, 35.771202]}}, {"type": "Feature", "properties": {"muni": "板橋区", "name": "特別養護老人ホーム いずみの苑（社会福祉法人東京援護協会）", "address": "東京都板橋区東坂下2-2-22", "category": "福祉避難所", "source": "板橋区地域防災計画（令和6年度修正）資料編 資料3.10.2 福祉避難所一覧（令和6年3月1日現在） https://www.city.itabashi.tokyo.jp/_res/projects/default_project/_page_/001/052/402/03shiryou.pdf", "license": "unknown", "updated": null}, "geometry": {"type": "Point", "coordinates": [139.69046, 35.783401]}}, {"type": "Feature", "properties": {"muni": "板橋区", "name": "特別養護老人ホーム 板橋の里 英智園（社会福祉法人福翠会）", "address": "東京都板橋区前野町3-45-7", "category": "福祉避難所", "source": "板橋区地域防災計画（令和6年度修正）資料編 資料3.10.2 福祉避難所一覧（令和6年3月1日現在） https://www.city.itabashi.tokyo.jp/_res/projects/default_project/_page_/001/052/402/03shiryou.pdf", "license": "unknown", "updated": null}, "geometry": {"type": "Point", "coordinates": [139.694046, 35.771423]}}, {"type": "Feature", "properties": {"muni": "板橋区", "name": "特別養護老人ホーム あずさわの里（社会福祉法人相愛福祉会）", "address": "東京都板橋区小豆沢4-14-3", "category": "福祉避難所", "source": "板橋区地域防災計画（令和6年度修正）資料編 資料3.10.2 福祉避難所一覧（令和6年3月1日現在） https://www.city.itabashi.tokyo.jp/_res/projects/default_project/_page_/001/052/402/03shiryou.pdf", "license": "unknown", "updated": null}, "geometry": {"type": "Point", "coordinates": [139.702255, 35.780846]}}, {"type": "Feature", "properties": {"muni": "板橋区", "name": "特別養護老人ホーム オーネスト成増（社会福祉法人紫水会）", "address": "東京都板橋区成増4-29-7", "category": "福祉避難所", "source": "板橋区地域防災計画（令和6年度修正）資料編 資料3.10.2 福祉避難所一覧（令和6年3月1日現在） https://www.city.itabashi.tokyo.jp/_res/projects/default_project/_page_/001/052/402/03shiryou.pdf", "license": "unknown", "updated": null}, "geometry": {"type": "Point", "coordinates": [139.63678, 35.785198]}}, {"type": "Feature", "properties": {"muni": "板橋区", "name": "介護老人保健施設 赤塚園（医療法人社団慈誠会）", "address": "東京都板橋区赤塚新町3-33-27", "category": "福祉避難所", "source": "板橋区地域防災計画（令和6年度修正）資料編 資料3.10.2 福祉避難所一覧（令和6年3月1日現在） https://www.city.itabashi.tokyo.jp/_res/projects/default_project/_page_/001/052/402/03shiryou.pdf", "license": "unknown", "updated": null}, "geometry": {"type": "Point", "coordinates": [139.640991, 35.769543]}}, {"type": "Feature", "properties": {"muni": "板橋区", "name": "介護老人保健施設 板橋ロイヤルケアセンター（医療法人社団明芳会）", "address": "東京都板橋区前野町3-46-3", "category": "福祉避難所", "source": "板橋区地域防災計画（令和6年度修正）資料編 資料3.10.2 福祉避難所一覧（令和6年3月1日現在） https://www.city.itabashi.tokyo.jp/_res/projects/default_project/_page_/001/052/402/03shiryou.pdf", "license": "unknown", "updated": null}, "geometry": {"type": "Point", "coordinates": [139.69429, 35.771801]}}, {"type": "Feature", "properties": {"muni": "板橋区", "name": "介護老人保健施設 エーデルワイス（医療法人財団朔望会）", "address": "東京都板橋区四葉2-21-16", "category": "福祉避難所", "source": "板橋区地域防災計画（令和6年度修正）資料編 資料3.10.2 福祉避難所一覧（令和6年3月1日現在） https://www.city.itabashi.tokyo.jp/_res/projects/default_project/_page_/001/052/402/03shiryou.pdf", "license": "unknown", "updated": null}, "geometry": {"type": "Point", "coordinates": [139.650894, 35.783703]}}, {"type": "Feature", "properties": {"muni": "板橋区", "name": "介護老人保健施設 志村さつき苑（医療法人財団健康文化会）", "address": "東京都板橋区坂下3-7-6", "category": "福祉避難所", "source": "板橋区地域防災計画（令和6年度修正）資料編 資料3.10.2 福祉避難所一覧（令和6年3月1日現在） https://www.city.itabashi.tokyo.jp/_res/projects/default_project/_page_/001/052/402/03shiryou.pdf", "license": "unknown", "updated": null}, "geometry": {"type": "Point", "coordinates": [139.684189, 35.78627]}}, {"type": "Feature", "properties": {"muni": "板橋区", "name": "介護老人保健施設 シルバーピア加賀（財団法人愛世会）", "address": "東京都板橋区加賀1-3-1", "category": "福祉避難所", "source": "板橋区地域防災計画（令和6年度修正）資料編 資料3.10.2 福祉避難所一覧（令和6年3月1日現在） https://www.city.itabashi.tokyo.jp/_res/projects/default_project/_page_/001/052/402/03shiryou.pdf", "license": "unknown", "updated": null}, "geometry": {"type": "Point", "coordinates": [139.720825, 35.753708]}}, {"type": "Feature", "properties": {"muni": "板橋区", "name": "介護老人保健施設 蓮根ひまわり苑（医療法人社団翠会）", "address": "東京都板橋区蓮根3-25-4", "category": "福祉避難所", "source": "板橋区地域防災計画（令和6年度修正）資料編 資料3.10.2 福祉避難所一覧（令和6年3月1日現在） https://www.city.itabashi.tokyo.jp/_res/projects/default_project/_page_/001/052/402/03shiryou.pdf", "license": "unknown", "updated": null}, "geometry": {"type": "Point", "coordinates": [139.677139, 35.790577]}}, {"type": "Feature", "properties": {"muni": "板橋区", "name": "介護老人保健施設 プリムローズ（医療法人財団朔望会）", "address": "東京都板橋区前野町3-8-7", "category": "福祉避難所", "source": "板橋区地域防災計画（令和6年度修正）資料編 資料3.10.2 福祉避難所一覧（令和6年3月1日現在） https://www.city.itabashi.tokyo.jp/_res/projects/default_project/_page_/001/052/402/03shiryou.pdf", "license": "unknown", "updated": null}, "geometry": {"type": "Point", "coordinates": [139.692764, 35.768002]}}, {"type": "Feature", "properties": {"muni": "板橋区", "name": "板橋区立加賀福祉園（社会福祉法人同愛会）", "address": "東京都板橋区加賀1-7-2", "category": "福祉避難所", "source": "板橋区地域防災計画（令和6年度修正）資料編 資料3.10.2 福祉避難所一覧（令和6年3月1日現在） https://www.city.itabashi.tokyo.jp/_res/projects/default_project/_page_/001/052/402/03shiryou.pdf", "license": "unknown", "updated": null}, "geometry": {"type": "Point", "coordinates": [139.718292, 35.754341]}}, {"type": "Feature", "properties": {"muni": "板橋区", "name": "板橋区立小茂根福祉園（社会福祉法人恩賜財団東京都同胞援護会）", "address": "東京都板橋区小茂根3-12-21", "category": "福祉避難所", "source": "板橋区地域防災計画（令和6年度修正）資料編 資料3.10.2 福祉避難所一覧（令和6年3月1日現在） https://www.city.itabashi.tokyo.jp/_res/projects/default_project/_page_/001/052/402/03shiryou.pdf", "license": "unknown", "updated": null}, "geometry": {"type": "Point", "coordinates": [139.679016, 35.750282]}}, {"type": "Feature", "properties": {"muni": "板橋区", "name": "板橋区立高島平福祉園（社会福祉法人東京援護協会）", "address": "東京都板橋区高島平9-25-12", "category": "福祉避難所", "source": "板橋区地域防災計画（令和6年度修正）資料編 資料3.10.2 福祉避難所一覧（令和6年3月1日現在） https://www.city.itabashi.tokyo.jp/_res/projects/default_project/_page_/001/052/402/03shiryou.pdf", "license": "unknown", "updated": null}, "geometry": {"type": "Point", "coordinates": [139.66835, 35.790604]}}, {"type": "Feature", "properties": {"muni": "板橋区", "name": "板橋区立蓮根福祉園（社会福祉法人東京援護協会）", "address": "東京都板橋区坂下2-8-1-101", "category": "福祉避難所", "source": "板橋区地域防災計画（令和6年度修正）資料編 資料3.10.2 福祉避難所一覧（令和6年3月1日現在） https://www.city.itabashi.tokyo.jp/_res/projects/default_project/_page_/001/052/402/03shiryou.pdf", "license": "unknown", "updated": null}, "geometry": {"type": "Point", "coordinates": [139.683151, 35.78141]}}, {"type": "Feature", "properties": {"muni": "板橋区", "name": "板橋区立前野福祉園（社会福祉法人東京援護協会）", "address": "東京都板橋区前野町4-16-1", "category": "福祉避難所", "source": "板橋区地域防災計画（令和6年度修正）資料編 資料3.10.2 福祉避難所一覧（令和6年3月1日現在） https://www.city.itabashi.tokyo.jp/_res/projects/default_project/_page_/001/052/402/03shiryou.pdf", "license": "unknown", "updated": null}, "geometry": {"type": "Point", "coordinates": [139.690063, 35.771248]}}, {"type": "Feature", "properties": {"muni": "板橋区", "name": "板橋区立赤塚福祉園（社会福祉法人嬉泉）", "address": "東京都板橋区赤塚6-19-14", "category": "福祉避難所", "source": "板橋区地域防災計画（令和6年度修正）資料編 資料3.10.2 福祉避難所一覧（令和6年3月1日現在） https://www.city.itabashi.tokyo.jp/_res/projects/default_project/_page_/001/052/402/03shiryou.pdf", "license": "unknown", "updated": null}, "geometry": {"type": "Point", "coordinates": [139.645584, 35.777058]}}, {"type": "Feature", "properties": {"muni": "板橋区", "name": "板橋区立徳丸福祉園（社会福祉法人大泉旭出学園）", "address": "東京都板橋区徳丸3-41-16", "category": "福祉避難所", "source": "板橋区地域防災計画（令和6年度修正）資料編 資料3.10.2 福祉避難所一覧（令和6年3月1日現在） https://www.city.itabashi.tokyo.jp/_res/projects/default_project/_page_/001/052/402/03shiryou.pdf", "license": "unknown", "updated": null}, "geometry": {"type": "Point", "coordinates": [139.656097, 35.7757]}}, {"type": "Feature", "properties": {"muni": "板橋区", "name": "板橋区立小豆沢福祉園（社会福祉法人東京援護協会）", "address": "東京都板橋区東坂下1-4-9", "category": "福祉避難所", "source": "板橋区地域防災計画（令和6年度修正）資料編 資料3.10.2 福祉避難所一覧（令和6年3月1日現在） https://www.city.itabashi.tokyo.jp/_res/projects/default_project/_page_/001/052/402/03shiryou.pdf", "license": "unknown", "updated": null}, "geometry": {"type": "Point", "coordinates": [139.694473, 35.78125]}}, {"type": "Feature", "properties": {"muni": "板橋区", "name": "板橋区立三園福祉園（社会福祉法人東京援護協会）", "address": "東京都板橋区三園2-9-16", "category": "福祉避難所", "source": "板橋区地域防災計画（令和6年度修正）資料編 資料3.10.2 福祉避難所一覧（令和6年3月1日現在） https://www.city.itabashi.tokyo.jp/_res/projects/default_project/_page_/001/052/402/03shiryou.pdf", "license": "unknown", "updated": null}, "geometry": {"type": "Point", "coordinates": [139.640747, 35.793446]}}, {"type": "Feature", "properties": {"muni": "板橋区", "name": "ＪＨＣ板橋会本部（社会福祉法人ＪＨＣ板橋会）", "address": "東京都板橋区南常盤台2-1-7", "category": "福祉避難所", "source": "板橋区地域防災計画（令和6年度修正）資料編 資料3.10.2 福祉避難所一覧（令和6年3月1日現在） https://www.city.itabashi.tokyo.jp/_res/projects/default_project/_page_/001/052/402/03shiryou.pdf", "license": "unknown", "updated": null}, "geometry": {"type": "Point", "coordinates": [139.6875, 35.759022]}}, {"type": "Feature", "properties": {"muni": "板橋区", "name": "東京都板橋福祉工場（社会福祉法人日本キリスト教奉仕団）", "address": "東京都板橋区高島平9-42-7", "category": "福祉避難所", "source": "板橋区地域防災計画（令和6年度修正）資料編 資料3.10.2 福祉避難所一覧（令和6年3月1日現在） https://www.city.itabashi.tokyo.jp/_res/projects/default_project/_page_/001/052/402/03shiryou.pdf", "license": "unknown", "updated": null}, "geometry": {"type": "Point", "coordinates": [139.668961, 35.791489]}}, {"type": "Feature", "properties": {"muni": "板橋区", "name": "筑波大学附属桐が丘特別支援学校", "address": "東京都板橋区小茂根2-1-12", "category": "福祉避難所", "source": "板橋区地域防災計画（令和6年度修正）資料編 資料3.10.2 福祉避難所一覧（令和6年3月1日現在） https://www.city.itabashi.tokyo.jp/_res/projects/default_project/_page_/001/052/402/03shiryou.pdf", "license": "unknown", "updated": null}, "geometry": {"type": "Point", "coordinates": [139.684341, 35.749008]}}, {"type": "Feature", "properties": {"muni": "板橋区", "name": "東京都立志村学園", "address": "東京都板橋区西台1-41-10", "category": "福祉避難所", "source": "板橋区地域防災計画（令和6年度修正）資料編 資料3.10.2 福祉避難所一覧（令和6年3月1日現在） https://www.city.itabashi.tokyo.jp/_res/projects/default_project/_page_/001/052/402/03shiryou.pdf", "license": "unknown", "updated": null}, "geometry": {"type": "Point", "coordinates": [139.673111, 35.777332]}}, {"type": "Feature", "properties": {"muni": "板橋区", "name": "介護複合施設 ヘルスケアタウンむかいはら（社会福祉法人こうほうえん）", "address": "東京都板橋区向原3-7-7", "category": "福祉避難所", "source": "板橋区地域防災計画（令和6年度修正）資料編 資料3.10.2 福祉避難所一覧（令和6年3月1日現在） https://www.city.itabashi.tokyo.jp/_res/projects/default_project/_page_/001/052/402/03shiryou.pdf", "license": "unknown", "updated": null}, "geometry": {"type": "Point", "coordinates": [139.684357, 35.746605]}}, {"type": "Feature", "properties": {"muni": "板橋区", "name": "東京聴覚障害者支援センター", "address": "東京都板橋区志村2-19-5", "category": "福祉避難所", "source": "板橋区地域防災計画（令和6年度修正）資料編 資料3.10.2 福祉避難所一覧（令和6年3月1日現在） https://www.city.itabashi.tokyo.jp/_res/projects/default_project/_page_/001/052/402/03shiryou.pdf", "license": "unknown", "updated": null}, "geometry": {"type": "Point", "coordinates": [139.687927, 35.775078]}}, {"type": "Feature", "properties": {"muni": "板橋区", "name": "大規模複合型介護施設 クローバーのさと", "address": "東京都板橋区仲町1-4", "category": "福祉避難所", "source": "板橋区地域防災計画（令和6年度修正）資料編 資料3.10.2 福祉避難所一覧（令和6年3月1日現在） https://www.city.itabashi.tokyo.jp/_res/projects/default_project/_page_/001/052/402/03shiryou.pdf", "license": "unknown", "updated": null}, "geometry": {"type": "Point", "coordinates": [139.699539, 35.752163]}}, {"type": "Feature", "properties": {"muni": "板橋区", "name": "特別養護老人ホーム ゆめの園りあん若葉（社会福祉法人ハッピーネット）", "address": "東京都板橋区若木3-15-1", "category": "福祉避難所", "source": "板橋区地域防災計画（令和6年度修正）資料編 資料3.10.2 福祉避難所一覧（令和6年3月1日現在） https://www.city.itabashi.tokyo.jp/_res/projects/default_project/_page_/001/052/402/03shiryou.pdf", "license": "unknown", "updated": null}, "geometry": {"type": "Point", "coordinates": [139.673782, 35.772514]}}, {"type": "Feature", "properties": {"muni": "板橋区", "name": "介護付有料老人ホーム 若木さくらの杜（医療法人社団雄昌会）", "address": "東京都板橋区若木2-7-10", "category": "福祉避難所", "source": "板橋区地域防災計画（令和6年度修正）資料編 資料3.10.2 福祉避難所一覧（令和6年3月1日現在） https://www.city.itabashi.tokyo.jp/_res/projects/default_project/_page_/001/052/402/03shiryou.pdf", "license": "unknown", "updated": null}, "geometry": {"type": "Point", "coordinates": [139.675201, 35.772026]}}, {"type": "Feature", "properties": {"muni": "板橋区", "name": "障害福祉サービス事業所 愛光（社会福祉法人ひふみ会）", "address": "東京都板橋区若木3-20-15", "category": "福祉避難所", "source": "板橋区地域防災計画（令和6年度修正）資料編 資料3.10.2 福祉避難所一覧（令和6年3月1日現在） https://www.city.itabashi.tokyo.jp/_res/projects/default_project/_page_/001/052/402/03shiryou.pdf", "license": "unknown", "updated": null}, "geometry": {"type": "Point", "coordinates": [139.674576, 35.774094]}}, {"type": "Feature", "properties": {"muni": "板橋区", "name": "東京都立高島特別支援学校", "address": "東京都板橋区高島平3-7-2", "category": "福祉避難所", "source": "板橋区地域防災計画（令和6年度修正）資料編 資料3.10.2 福祉避難所一覧（令和6年3月1日現在） https://www.city.itabashi.tokyo.jp/_res/projects/default_project/_page_/001/052/402/03shiryou.pdf", "license": "unknown", "updated": null}, "geometry": {"type": "Point", "coordinates": [139.654266, 35.786629]}}, {"type": "Feature", "properties": {"muni": "板橋区", "name": "東京都立板橋特別支援学校", "address": "東京都板橋区高島平9-23-22", "category": "福祉避難所", "source": "板橋区地域防災計画（令和6年度修正）資料編 資料3.10.2 福祉避難所一覧（令和6年3月1日現在） https://www.city.itabashi.tokyo.jp/_res/projects/default_project/_page_/001/052/402/03shiryou.pdf", "license": "unknown", "updated": null}, "geometry": {"type": "Point", "coordinates": [139.664948, 35.790707]}}, {"type": "Feature", "properties": {"muni": "板橋区", "name": "特別養護老人ホーム 三園の里（社会福祉法人相愛福祉会）", "address": "東京都板橋区三園2-15-22", "category": "福祉避難所", "source": "板橋区地域防災計画（令和6年度修正）資料編 資料3.10.2 福祉避難所一覧（令和6年3月1日現在） https://www.city.itabashi.tokyo.jp/_res/projects/default_project/_page_/001/052/402/03shiryou.pdf", "license": "unknown", "updated": null}, "geometry": {"type": "Point", "coordinates": [139.643265, 35.7966]}}, {"type": "Feature", "properties": {"muni": "板橋区", "name": "指定短期入所施設 オーベルジュぱざぱ（株式会社イグレックコーポレーション）", "address": "東京都板橋区徳丸7-2-4", "category": "福祉避難所", "source": "板橋区地域防災計画（令和6年度修正）資料編 資料3.10.2 福祉避難所一覧（令和6年3月1日現在） https://www.city.itabashi.tokyo.jp/_res/projects/default_project/_page_/001/052/402/03shiryou.pdf", "license": "unknown", "updated": null}, "geometry": {"type": "Point", "coordinates": [139.664139, 35.780552]}}, {"type": "Feature", "properties": {"muni": "板橋区", "name": "特別養護老人ホームサニーヒル板橋（社会福祉法人隆徳会）", "address": "東京都板橋区大原町6-8", "category": "福祉避難所", "source": "板橋区地域防災計画（令和6年度修正）資料編 資料3.10.2 福祉避難所一覧（令和6年3月1日現在） https://www.city.itabashi.tokyo.jp/_res/projects/default_project/_page_/001/052/402/03shiryou.pdf", "license": "unknown", "updated": null}, "geometry": {"type": "Point", "coordinates": [139.701187, 35.769974]}}, {"type": "Feature", "properties": {"muni": "板橋区", "name": "介護付有料老人ホーム 応援家族成増（株式会社木下の介護）", "address": "東京都板橋区成増3-5-3", "category": "福祉避難所", "source": "板橋区地域防災計画（令和6年度修正）資料編 資料3.10.2 福祉避難所一覧（令和6年3月1日現在） https://www.city.itabashi.tokyo.jp/_res/projects/default_project/_page_/001/052/402/03shiryou.pdf", "license": "unknown", "updated": null}, "geometry": {"type": "Point", "coordinates": [139.635468, 35.777546]}}, {"type": "Feature", "properties": {"muni": "板橋区", "name": "介護付有料老人ホーム リアンレーヴ板橋（株式会社木下の介護）", "address": "東京都板橋区泉町49-9", "category": "福祉避難所", "source": "板橋区地域防災計画（令和6年度修正）資料編 資料3.10.2 福祉避難所一覧（令和6年3月1日現在） https://www.city.itabashi.tokyo.jp/_res/projects/default_project/_page_/001/052/402/03shiryou.pdf", "license": "unknown", "updated": null}, "geometry": {"type": "Point", "coordinates": [139.700958, 35.768047]}}, {"type": "Feature", "properties": {"muni": "板橋区", "name": "介護付有料老人ホーム ライフコミューン上板橋（株式会社木下の介護）", "address": "東京都板橋区若木1-17-17", "category": "福祉避難所", "source": "板橋区地域防災計画（令和6年度修正）資料編 資料3.10.2 福祉避難所一覧（令和6年3月1日現在） https://www.city.itabashi.tokyo.jp/_res/projects/default_project/_page_/001/052/402/03shiryou.pdf", "license": "unknown", "updated": null}, "geometry": {"type": "Point", "coordinates": [139.673691, 35.768803]}}, {"type": "Feature", "properties": {"muni": "板橋区", "name": "介護付有料老人ホーム リアンレーヴ板橋蓮根（株式会社木下の介護）", "address": "東京都板橋区坂下3-21-5", "category": "福祉避難所", "source": "板橋区地域防災計画（令和6年度修正）資料編 資料3.10.2 福祉避難所一覧（令和6年3月1日現在） https://www.city.itabashi.tokyo.jp/_res/projects/default_project/_page_/001/052/402/03shiryou.pdf", "license": "unknown", "updated": null}, "geometry": {"type": "Point", "coordinates": [139.684433, 35.787544]}}, {"type": "Feature", "properties": {"muni": "板橋区", "name": "介護老人福祉施設 ケアホーム板橋（社会福祉法人平成記念会）", "address": "東京都板橋区向原3-7-8", "category": "福祉避難所", "source": "板橋区地域防災計画（令和6年度修正）資料編 資料3.10.2 福祉避難所一覧（令和6年3月1日現在） https://www.city.itabashi.tokyo.jp/_res/projects/default_project/_page_/001/052/402/03shiryou.pdf", "license": "unknown", "updated": null}, "geometry": {"type": "Point", "coordinates": [139.684341, 35.745014]}}, {"type": "Feature", "properties": {"muni": "板橋区", "name": "介護付き有料老人ホーム グッドタイムホーム板橋若木（株式会社アーバンアーキテック）", "address": "東京都板橋区若木3-9-18", "category": "福祉避難所", "source": "板橋区地域防災計画（令和6年度修正）資料編 資料3.10.2 福祉避難所一覧（令和6年3月1日現在） https://www.city.itabashi.tokyo.jp/_res/projects/default_project/_page_/001/052/402/03shiryou.pdf", "license": "unknown", "updated": null}, "geometry": {"type": "Point", "coordinates": [139.676498, 35.773975]}}, {"type": "Feature", "properties": {"muni": "板橋区", "name": "おおやま福祉作業所（社会福祉法人にりん草）", "address": "東京都板橋区大山金井町21-1", "category": "福祉避難所", "source": "板橋区地域防災計画（令和6年度修正）資料編 資料3.10.2 福祉避難所一覧（令和6年3月1日現在） https://www.city.itabashi.tokyo.jp/_res/projects/default_project/_page_/001/052/402/03shiryou.pdf", "license": "unknown", "updated": null}, "geometry": {"type": "Point", "coordinates": [139.706879, 35.746571]}}, {"type": "Feature", "properties": {"muni": "板橋区", "name": "介護付有料老人ホーム リアンレーヴ上板橋（株式会社木下の介護）", "address": "東京都板橋区中台2-11-1", "category": "福祉避難所", "source": "板橋区地域防災計画（令和6年度修正）資料編 資料3.10.2 福祉避難所一覧（令和6年3月1日現在） https://www.city.itabashi.tokyo.jp/_res/projects/default_project/_page_/001/052/402/03shiryou.pdf", "license": "unknown", "updated": null}, "geometry": {"type": "Point", "coordinates": [139.680862, 35.769394]}}, {"type": "Feature", "properties": {"muni": "板橋区", "name": "介護付有料老人ホーム シェモア西台（医療法人社団翠会）", "address": "東京都板橋区蓮根3-23-10", "category": "福祉避難所", "source": "板橋区地域防災計画（令和6年度修正）資料編 資料3.10.2 福祉避難所一覧（令和6年3月1日現在） https://www.city.itabashi.tokyo.jp/_res/projects/default_project/_page_/001/052/402/03shiryou.pdf", "license": "unknown", "updated": null}, "geometry": {"type": "Point", "coordinates": [139.677277, 35.790432]}}, {"type": "Feature", "properties": {"muni": "板橋区", "name": "介護付有料老人ホーム アイムス蓮根（株式会社ハンドベル・ケア）", "address": "東京都板橋区蓮根3-4-10", "category": "福祉避難所", "source": "板橋区地域防災計画（令和6年度修正）資料編 資料3.10.2 福祉避難所一覧（令和6年3月1日現在） https://www.city.itabashi.tokyo.jp/_res/projects/default_project/_page_/001/052/402/03shiryou.pdf", "license": "unknown", "updated": null}, "geometry": {"type": "Point", "coordinates": [139.676865, 35.785934]}}, {"type": "Feature", "properties": {"muni": "板橋区", "name": "癒しの里雅（株式会社リプル）", "address": "東京都板橋区東新町2-20-1", "category": "福祉避難所", "source": "板橋区地域防災計画（令和6年度修正）資料編 資料3.10.2 福祉避難所一覧（令和6年3月1日現在） https://www.city.itabashi.tokyo.jp/_res/projects/default_project/_page_/001/052/402/03shiryou.pdf", "license": "unknown", "updated": null}, "geometry": {"type": "Point", "coordinates": [139.680786, 35.754139]}}, {"type": "Feature", "properties": {"muni": "板橋区", "name": "愛輪の里雅小茂根（株式会社ミヤビカ）", "address": "東京都板橋区小茂根1-26-6", "category": "福祉避難所", "source": "板橋区地域防災計画（令和6年度修正）資料編 資料3.10.2 福祉避難所一覧（令和6年3月1日現在） https://www.city.itabashi.tokyo.jp/_res/projects/default_project/_page_/001/052/402/03shiryou.pdf", "license": "unknown", "updated": null}, "geometry": {"type": "Point", "coordinates": [139.677338, 35.746304]}}, {"type": "Feature", "properties": {"muni": "板橋区", "name": "介護老人保健施設 紅梅園（医療法人社団慈誠会）", "address": "東京都板橋区徳丸8-14-11", "category": "福祉避難所", "source": "板橋区地域防災計画（令和6年度修正）資料編 資料3.10.2 福祉避難所一覧（令和6年3月1日現在） https://www.city.itabashi.tokyo.jp/_res/projects/default_project/_page_/001/052/402/03shiryou.pdf", "license": "unknown", "updated": null}, "geometry": {"type": "Point", "coordinates": [139.656601, 35.781223]}}, {"type": "Feature", "properties": {"muni": "板橋区", "name": "デイサポートセンター あしたの風（日本ウイリング株式会社）", "address": "東京都板橋区加賀1-10-2", "category": "福祉避難所", "source": "板橋区地域防災計画（令和6年度修正）資料編 資料3.10.2 福祉避難所一覧（令和6年3月1日現在） https://www.city.itabashi.tokyo.jp/_res/projects/default_project/_page_/001/052/402/03shiryou.pdf", "license": "unknown", "updated": null}, "geometry": {"type": "Point", "coordinates": [139.716354, 35.75322]}}, {"type": "Feature", "properties": {"muni": "板橋区", "name": "泰心就労継続支援センター（有限会社泰心）", "address": "東京都板橋区中板橋14-11", "category": "福祉避難所", "source": "板橋区地域防災計画（令和6年度修正）資料編 資料3.10.2 福祉避難所一覧（令和6年3月1日現在） https://www.city.itabashi.tokyo.jp/_res/projects/default_project/_page_/001/052/402/03shiryou.pdf", "license": "unknown", "updated": null}, "geometry": {"type": "Point", "coordinates": [139.697617, 35.755772]}}, {"type": "Feature", "properties": {"muni": "板橋区", "name": "優っくり村板橋栄町（社会福祉法人奉優会）", "address": "東京都板橋区栄町35-10", "category": "福祉避難所", "source": "板橋区地域防災計画（令和6年度修正）資料編 資料3.10.2 福祉避難所一覧（令和6年3月1日現在） https://www.city.itabashi.tokyo.jp/_res/projects/default_project/_page_/001/052/402/03shiryou.pdf", "license": "unknown", "updated": null}, "geometry": {"type": "Point", "coordinates": [139.701904, 35.750374]}}]}